report_id,extension_name,notes,interestingness_score,overall_working,needs_login,installs,works_in_mv2,is_popup_working,is_settings_working,is_new_tab_working,is_interesting,is_new_tab_extension,cws_user_count (users),cws_rating (out of 5),cws_rating_count (ratings),cws_description,cws_updated,cws_size (bytes),extension_version,tags,cws_developer,tested,verification_duration (seconds),event_listeners_count,extension_id,interestingness_breakdown,created_at,updated_at,CWS YEAR,effective_status
report_1768664762013_mmbhghaljnnglalhbdfpaooffinagodi,Fusion Legacy,,51361,could_not_test,TRUE,TRUE,TRUE,,TRUE,,FALSE,FALSE,44,,,"Voice, Video, and SMS integration for your CRM or web application.

Fusion offers Voip phone integration with various CRM applications that empowers your crm to its full potential.

Fusion will turn phone numbers into links you can click to dial with your phone.  On incoming and outgoing calls it will pull up any matching Account or lead from your CRM, and then provide a complete log of any activity with those contacts in your CRM.

Fusion also supports sending and receiving SMS and MMS messages to your CRM contacts either in a one to one messaging or through your CRM's webhooks and automation workflow.  

Visit www.simplii.net/integrations to find out more.",2024-03-07,18171822,3.57.7.30,"[""MANIFEST_MIGRATED"", ""CSP_VALUE_MODIFIED"", ""API_RENAMES_APPLIED"", ""BRIDGE_INJECTED"", ""HAS_BROWSER_POPUP"", ""HAS_BACKGROUND_PAGE"", ""HAS_SERVICE_WORKER"", ""USES_STORAGE_LOCAL"", ""USES_TABS_API"", ""WEBPACK_BUNDLED"", ""CONTAINS_EVAL"", ""MINIFIED_CODE""]",,TRUE,46.071359542,35,ljjfbdkncogailpjfjjodnjaifklnphb,"{""webRequest"": 0, ""html_lines"": 2976, ""storage_local"": 10, ""background_page"": 1, ""content_scripts"": 0, ""dangerous_permissions"": 1, ""host_permissions"": 0, ""crypto_patterns"": 9912, ""network_requests"": 135, ""extension_size"": 675, ""api_renames"": 3, ""manifest_changes"": 3, ""file_modifications"": 2, ""webRequest_to_dnr_migrations"": 0}",2026-05-21T13:35:27.234000,2026-05-21T13:35:27.234000,,could_not_test
report_1768652659144_holkaimpefmoidkdamcdfogjdbopihoe,Easync Product ID Grab Tool for Drop Shipping,,46285,no,FALSE,TRUE,TRUE,TRUE,,,FALSE,FALSE,113,5.0,2,"Easync's powerful plug in for multi variation listings!

Easync.io is a powerful Chrome extension that simplifies online shopping by collecting product IDs from top US online stores like Amazon and Walmart. With Easync.io, you can easily gather Amazon ASINs and Walmart Product IDs, making it easy to compare prices and purchase your favorite products. Say goodbye to the hassle of navigating multiple websites and searching for product IDs - Easync.io has got you covered!",2023-07-06,4372561,2.29.62,"[""MANIFEST_MIGRATED"", ""API_RENAMES_APPLIED"", ""BRIDGE_INJECTED"", ""HAS_BROWSER_POPUP"", ""HAS_CONTENT_SCRIPTS"", ""USES_TABS_API"", ""CONTAINS_EVAL"", ""MINIFIED_CODE""]",https://easync.io,TRUE,72.874362708,1,onbjfjajekembgebmjmoonbkpgeckape,"{""webRequest"": 0, ""html_lines"": 183098, ""storage_local"": 0, ""background_page"": 0, ""content_scripts"": 1, ""dangerous_permissions"": 2, ""host_permissions"": 0, ""crypto_patterns"": 51, ""network_requests"": 9, ""extension_size"": 200, ""api_renames"": 1, ""manifest_changes"": 3, ""file_modifications"": 1, ""webRequest_to_dnr_migrations"": 0}",2026-05-21T13:37:50.400000,2026-05-21T13:37:50.400000,,no
report_1768664521381_ialjmfnljcbmllhddimabbbahmacbdie,name,,39797,no,FALSE,TRUE,TRUE,FALSE,,,FALSE,FALSE,,,,"A chrome extension for tipping on social media platforms with HIVE tokens

A user friendly way to reward different social media posts with HIVE with minimal impact on the original UX.

V0.6.2 and all updated versions that follow guarantee a maximum level of decentralization by ensuring that your computer and browser are the tools that you are using to accomplish the tasks.

Likewise they ensure minimal usage of third party APIs.",2021-04-04,9709813,1.0.4,"[""MANIFEST_MIGRATED"", ""CSP_VALUE_MODIFIED"", ""BRIDGE_INJECTED"", ""OFFSCREEN_DOCUMENT_ADDED"", ""HAS_BROWSER_POPUP"", ""HAS_BACKGROUND_PAGE"", ""HAS_CONTENT_SCRIPTS"", ""HAS_SERVICE_WORKER"", ""USES_WEB_REQUEST"", ""USES_STORAGE_LOCAL"", ""USES_TABS_API"", ""WEBPACK_BUNDLED"", ""CONTAINS_EVAL"", ""MINIFIED_CODE""]",,TRUE,21.660966667,5,gnapooibnagamngemlkkjmjfkmgbdmcl,"{""webRequest"": 10, ""html_lines"": 180, ""storage_local"": 3, ""background_page"": 1, ""content_scripts"": 1, ""dangerous_permissions"": 2, ""host_permissions"": 0, ""crypto_patterns"": 7798, ""network_requests"": 77, ""extension_size"": 478, ""api_renames"": 3, ""manifest_changes"": 3, ""file_modifications"": 0, ""webRequest_to_dnr_migrations"": 0}",2026-05-21T13:39:18.787000,2026-05-21T13:39:18.787000,,could_not_test
report_1768665503049_hhaeagkoalpbeplaodpndceclmfaggib,Leonardo: Size Fitting for Apparel & Clothing,,39417,no,FALSE,TRUE,TRUE,TRUE,,,FALSE,FALSE,23,,,"Shopping for clothes online? Let us get your size right!

### Last version's release notes: ###
@ Supporting even more stores
@ Bugs fixing

Aren't you tired of guessing the right size, when buying clothes online for yourself or your loved ones?  Aren’t you fed up with dealing with a huge variety of different size charts on apparel web pages?

If so, then this extension is for you!

HOW IT WORKS
Leonardo Size Fitting extension automatically searches for a size chart on a clothing product page, analyses it and locates a size, which is closest to your body measurements, so you won’t have to do this yourself for each clothing item you get interested in.

WHAT YOU SHOULD KNOW
•	No sign-up or account creation is required
•	Your measurements are stored ONLY in the local cache of your Chrome browser
•	Currently only web pages in English language are supported
•	We only provide size recommendation for clothing items

HOW TO GET STARTED
•	Pin the extension once you've added it to your Chrome browser
•	Click extension's icon and press Activate button
•	Select your profile type (WOMEN / MEN / KIDS) and the units (CM / INCH), in which you prefer to fill your measurements
•	Fill your measurements. Use “i” links to display annotations for how to measure yourself properly
•	Press Update. The extension is now ready to provide size recommendations
•	As soon as an apparel (clothing) product pages is detected, extension’s icon will be lit in blue
•	If the extension is able to provide a size recommendation for the item on the page, a green check mark will appear on extension’s icon and a small popup with a recommended size will be displayed in the top right corner of the screen
•	Use Pause button in case you wish to temporary disable the extension

### ! DISCLAIMER ! ###
The size recommendation provided by the Leonardo Size Fitting extension is a RECOMMENDATION ONLY and does not constitute a purchasing instruction. The publishers of the Leonardo Size Fitting extension are not responsible for any returns or actual size misfits, which may be caused by following extension’s size recommendations.",2024-09-09,2055208,4.0,"[""MANIFEST_MIGRATED"", ""CSP_VALUE_MODIFIED"", ""API_RENAMES_APPLIED"", ""BRIDGE_INJECTED"", ""HAS_BROWSER_POPUP"", ""HAS_BACKGROUND_PAGE"", ""HAS_CONTENT_SCRIPTS"", ""HAS_SERVICE_WORKER"", ""HAS_HOST_PERMISSIONS"", ""USES_WEB_REQUEST"", ""USES_STORAGE_LOCAL"", ""USES_TABS_API"", ""CONTAINS_EVAL"", ""MINIFIED_CODE""]",,TRUE,64.409892583,5,ehhoppehlpohjjbflmffjpoblnfhikbi,"{""webRequest"": 1, ""html_lines"": 153000, ""storage_local"": 5, ""background_page"": 1, ""content_scripts"": 1, ""dangerous_permissions"": 3, ""host_permissions"": 1, ""crypto_patterns"": 182, ""network_requests"": 28, ""extension_size"": 98, ""api_renames"": 3, ""manifest_changes"": 3, ""file_modifications"": 1, ""webRequest_to_dnr_migrations"": 0}",2026-05-21T13:40:33.197000,2026-05-21T13:40:33.197000,,could_not_test
report_1768649418551_bennjncpdnagmdljjiaknlifgdmphecd,"香港查書易[圖書館,商店,大學]",,33702,no,FALSE,TRUE,TRUE,TRUE,,,FALSE,FALSE,23,,,,,,5.5.2,"[""MANIFEST_MIGRATED"", ""API_RENAMES_APPLIED"", ""BRIDGE_INJECTED"", ""HAS_BROWSER_POPUP"", ""HAS_BACKGROUND_PAGE"", ""HAS_CONTENT_SCRIPTS"", ""HAS_SERVICE_WORKER"", ""MINIFIED_CODE""]",,TRUE,16.620756875,1,chlmccdddekohhoocdhhcipbbhccaadp,"{""webRequest"": 0, ""html_lines"": 132407, ""storage_local"": 0, ""background_page"": 1, ""content_scripts"": 1, ""dangerous_permissions"": 0, ""host_permissions"": 0, ""crypto_patterns"": 75, ""network_requests"": 26, ""extension_size"": 114, ""api_renames"": 3, ""manifest_changes"": 3, ""file_modifications"": 0, ""webRequest_to_dnr_migrations"": 0}",2026-05-21T13:42:08.637000,2026-05-21T13:42:08.637000,,yes
report_1768651328568_jpjgnkoobdjggjknoejleibclddflhhj,Offline CodeIgniter,,30184,yes,FALSE,TRUE,TRUE,TRUE,,,FALSE,FALSE,30,5.0,1,"Offline CodeIgniter

A made-easy offline documentation of CodeIgniter Web Framework for PHP Programmers.

This is an offline version of CodeIgniter Web Framework documentation website. It is made-easy for users to navigate its contents and you can browse it on a separate tab if you want.",2019-02-15,2306867,1.0.0,"[""MANIFEST_MIGRATED"", ""HAS_BROWSER_POPUP"", ""HAS_CONTENT_SCRIPTS"", ""HAS_HOST_PERMISSIONS"", ""MINIFIED_CODE""]",,TRUE,11.04731625,,kmfkgbembmgpplalpecdfmfflcnagmgg,"{""webRequest"": 0, ""html_lines"": 118495, ""storage_local"": 0, ""background_page"": 0, ""content_scripts"": 1, ""dangerous_permissions"": 0, ""host_permissions"": 1, ""crypto_patterns"": 80, ""network_requests"": 17, ""extension_size"": 94, ""api_renames"": 1, ""manifest_changes"": 3, ""file_modifications"": 0, ""webRequest_to_dnr_migrations"": 0}",2026-05-21T13:42:26.202000,2026-05-21T13:42:26.202000,,yes
report_1768656668283_blhmbnpjfldjoopigndnecfdkemhbmef,ThingamaTABS,,28993,no,FALSE,TRUE,TRUE,TRUE,TRUE,,FALSE,FALSE,18,5.0,2,"Taking a break? Bored? Relieving stress? Open a new tab and play around with simple, fun, and interactive pages.",2019-03-08,3575644,1.0,"[""MANIFEST_MIGRATED"", ""CSP_VALUE_MODIFIED"", ""HAS_BROWSER_POPUP"", ""NEW_TAB_OVERRIDE"", ""MINIFIED_CODE""]",,TRUE,33.835582958,,dfabnoahjnbkpfpadnngfiamnmombjmc,"{""webRequest"": 0, ""html_lines"": 114491, ""storage_local"": 0, ""background_page"": 0, ""content_scripts"": 0, ""dangerous_permissions"": 0, ""host_permissions"": 0, ""crypto_patterns"": 48, ""network_requests"": 10, ""extension_size"": 85, ""api_renames"": 1, ""manifest_changes"": 3, ""file_modifications"": 0, ""webRequest_to_dnr_migrations"": 0}",2026-05-21T13:43:18.319000,2026-05-21T13:43:18.319000,,yes
report_1768664083490_dhdnaaidmflpoimgdfggajcnbioajhkg,Password Generator,,27829,no,FALSE,TRUE,FALSE,TRUE,TRUE,,FALSE,FALSE,"3,000",4.6,51,"Generate secure passwords on the fly!

Chrome extension version of the Password Generator web application:…

Generate secure passwords on the fly!

Chrome extension version of the Password Generator web application:
http://password-generator.webapp.sk/

How does it work? Application takes a simple alias and a secret (only piece of information you need to remember) and generates powerful password for you on the fly.

Example:

First of all we need a strong secret: ""s3cr3t!""

Now lets choose a service. Facebook.com is a good example. Alias for it could be: ""facebook""

When we enter ""facebook"" as alias and ""s3cr3t!"" as secret into password generator, we get this as a generated password:
""jZhMjJiZTc3YjBjZDI4NzZhMDgzMjg2N""

Pretty good for a password, right? Now every time we enter combination of our alias and secret into the password generator, we get this phrase as our final password which we can use for Facebook.com.

Need another password? Lets take github.com as an example. Our alias could be ""github"". We already know the secret, no need to change that one. When we enter ""github"" as alias and ""s3cr3t!"" as secret, this is our new generated password:
""zUxMzlmMjg2NzU5NmEyYjIwMTBkYmM1N""

Pretty cool, huh? 2 very strong and completely different passwords and all we had to remember was our secret (""s3cr3t!"").

And we can continue with additional services/aliases as we need. In the end we'll get strong and unique passwords for each service without all the hassle of remembering or writing down multiple password.

IMPORTANT:
Password generation is done locally in your browser and no data leaves your computer. Extension doesn't observe your actions nor report anything anywhere.

Extension is OPEN SOURCE, hosted on Github:
https://github.com/michalsukupcak/Password-Generator-Chrome

And so is the original webapp:
https://github.com/michalsukupcak/Password-Generator

If you have any suggestions or feature requests, feel free to contact me or open an issue on Github!",2016-02-03,13967032,4.1.1,"[""MANIFEST_MIGRATED"", ""HAS_BROWSER_POPUP"", ""CONTAINS_EVAL"", ""MINIFIED_CODE""]",,TRUE,119.37011675,,lhmliamcnkidjmpkehhdobloflkinjkm,"{""webRequest"": 0, ""html_lines"": 106945, ""storage_local"": 0, ""background_page"": 0, ""content_scripts"": 0, ""dangerous_permissions"": 0, ""host_permissions"": 0, ""crypto_patterns"": 124, ""network_requests"": 110, ""extension_size"": 228, ""api_renames"": 1, ""manifest_changes"": 3, ""file_modifications"": 0, ""webRequest_to_dnr_migrations"": 0}",2026-05-21T13:45:29.694000,2026-05-21T13:45:29.694000,,no
report_1768658681209_pmflbpkabookgclhlllkememcfjnepmp,SPG - Strong Password Generator,,24674,yes,FALSE,FALSE,TRUE,TRUE,,TRUE,FALSE,TRUE,,,,"Helps you create strong Passwords with ease.

I made this extension for myself because Chrome doesn't generate safe passwords for all password-input-fields. It creates highly randomized passwords, lets you specify some preferences but is still as simple as it can possibly be. You can try it if you want.",2015-11-07,4959764,2.1,"[""MANIFEST_MIGRATED"", ""HAS_BROWSER_POPUP"", ""CONTAINS_EVAL"", ""MINIFIED_CODE""]",,TRUE,6.281554875,,cboiihjkpoglonpcokofnogklldjanog,"{""webRequest"": 0, ""html_lines"": 96097, ""storage_local"": 0, ""background_page"": 0, ""content_scripts"": 0, ""dangerous_permissions"": 0, ""host_permissions"": 0, ""crypto_patterns"": 86, ""network_requests"": 34, ""extension_size"": 127, ""api_renames"": 1, ""manifest_changes"": 3, ""file_modifications"": 0, ""webRequest_to_dnr_migrations"": 0}",2026-05-21T13:45:56.544000,2026-05-21T13:45:56.544000,,yes
report_1768659918414_ekoncmgcdjjfkpefjfenfbahpkhilekk,Bookmark Visualizer,,23705,yes,FALSE,TRUE,TRUE,,,,FALSE,FALSE,,,,"Tool to visually interact and organize bookmarks

This is a tool to visualize all the precious web content you have saved in your bookmark bar.
The goal is to give all your digital knowledge ""in-a-glance"" representation fitting in a single page. No nested folders. No tree structures.

In addition to letting you  enjoy the view of all your favorite digital content the app supports below functionality: 
1. Add new Category
2. Add new URL
3. Search
3. Drag and Drop bubble to change category
4. Delete category
5. Bubble resize
6. Expand/Collapse categories

Thanks for trying it out :)",2014-06-14,4466933,2.2,"[""MANIFEST_MIGRATED"", ""API_RENAMES_APPLIED"", ""BRIDGE_INJECTED"", ""HAS_BROWSER_POPUP"", ""HAS_BACKGROUND_PAGE"", ""HAS_CONTENT_SCRIPTS"", ""HAS_SERVICE_WORKER"", ""CONTAINS_EVAL"", ""MINIFIED_CODE""]",,TRUE,83.39882729200000,1,nneamfdhikhofpcjlekehfdgcjhndafd,"{""webRequest"": 0, ""html_lines"": 83668, ""storage_local"": 0, ""background_page"": 1, ""content_scripts"": 1, ""dangerous_permissions"": 1, ""host_permissions"": 0, ""crypto_patterns"": 488, ""network_requests"": 80, ""extension_size"": 124, ""api_renames"": 3, ""manifest_changes"": 3, ""file_modifications"": 1, ""webRequest_to_dnr_migrations"": 0}",2026-05-21T13:47:25.453000,2026-05-21T13:47:25.453000,,yes
report_1768667034708_lbmkohiehaffgmoeophbnaflafpnpanb,Repeater,,22836,no,FALSE,TRUE,TRUE,,TRUE,,FALSE,FALSE,133,5.0,1,"chrome simulation request tool

Chrome插件，可以让chrome以POST、PUT、HEAD等方式发送请求

按F12或者其它方式打开开发者工具，可以看到Repeater标签页

其中按钮的功能如下:

- LOAD
  加载URL
- COPY
  拷贝URL
- XHR
  设置当前请求为XHR请求
- EMPTY
  情况已输入的数据
- DECODE
  解码 - 先选择解密方法，在选中待解密的字符串
- ENCODE
  编码 - 先选择加密方法，在选中待加密的字符串

目前痛点:

发送RAW数据，如果返回的是GBK则可能会产生乱码",2022-12-07,4257218,1.1,"[""MANIFEST_MIGRATED"", ""API_RENAMES_APPLIED"", ""BRIDGE_INJECTED"", ""HAS_BROWSER_POPUP"", ""HAS_BACKGROUND_PAGE"", ""HAS_SERVICE_WORKER"", ""HAS_HOST_PERMISSIONS"", ""USES_WEB_REQUEST"", ""USES_TABS_API"", ""MINIFIED_CODE""]",,TRUE,21.179484,7,coaeeoeibgkgpamkpckcdgaobkjonion,"{""webRequest"": 4, ""html_lines"": 88815, ""storage_local"": 0, ""background_page"": 1, ""content_scripts"": 0, ""dangerous_permissions"": 4, ""host_permissions"": 3, ""crypto_patterns"": 81, ""network_requests"": 17, ""extension_size"": 95, ""api_renames"": 3, ""manifest_changes"": 3, ""file_modifications"": 1, ""webRequest_to_dnr_migrations"": 0}",2026-05-21T13:47:50.739000,2026-05-21T13:47:50.739000,,no
report_1768660265208_gojdeelmcgmmjoadcjpicpkejkjbbfhc,Hydrawallet,,20102,no,FALSE,FALSE,TRUE,TRUE,,,FALSE,FALSE,3,,,"HYDRA light wallet and transaction signing client.

Hydra browser-based light wallet

This webwallet can be used to interact with decentralized applications (DAPPs) running on the Hydra Chain. Simply connect this wallet with the DAPP interface and enjoy the full functionality.

Use cases, among others:

- Send and receive HYDRA
- Send and receive HRC20 tokens running on the Hydra Chain
- Interact with DAPPs built on the Hydra Chain
- Interact with the Hydra DEX to swap assets and add/remove liquidity
- Interact with the Hydra Bridge

This wallet supports the import of existing addresses as well as the creation of new ones.",2024-01-31,10076815,0.0.10,"[""MANIFEST_MIGRATED"", ""CSP_VALUE_MODIFIED"", ""BRIDGE_INJECTED"", ""HAS_BROWSER_POPUP"", ""HAS_BACKGROUND_PAGE"", ""HAS_CONTENT_SCRIPTS"", ""HAS_SERVICE_WORKER"", ""HAS_HOST_PERMISSIONS"", ""USES_STORAGE_LOCAL"", ""WEBPACK_BUNDLED"", ""CONTAINS_EVAL"", ""MINIFIED_CODE""]",,TRUE,2.64671875,5,efifejldhjgaahmmilfjlcnegkghglpl,"{""webRequest"": 0, ""html_lines"": 193, ""storage_local"": 8, ""background_page"": 1, ""content_scripts"": 1, ""dangerous_permissions"": 0, ""host_permissions"": 1, ""crypto_patterns"": 3892, ""network_requests"": 25, ""extension_size"": 442, ""api_renames"": 3, ""manifest_changes"": 3, ""file_modifications"": 0, ""webRequest_to_dnr_migrations"": 0}",2026-05-21T13:48:20.340000,2026-05-21T13:48:20.340000,,could_not_test
report_1768658612636_akghknjchdholmeelknhkghgnmknfhaa,Backstairs Game House,,20102,no,FALSE,FALSE,TRUE,TRUE,,,FALSE,FALSE,,,,,2024-01-31 00:00,10076815,1.0.1,"[""MANIFEST_MIGRATED"", ""CSP_VALUE_MODIFIED"", ""BRIDGE_INJECTED"", ""HAS_BROWSER_POPUP"", ""HAS_BACKGROUND_PAGE"", ""HAS_CONTENT_SCRIPTS"", ""HAS_SERVICE_WORKER"", ""HAS_HOST_PERMISSIONS"", ""USES_STORAGE_LOCAL"", ""WEBPACK_BUNDLED"", ""CONTAINS_EVAL"", ""MINIFIED_CODE""]",,TRUE,4.177774541,5,pgcmocepbpfhmmijbkkbgfeblfcdmmbf,"{""webRequest"": 0, ""html_lines"": 193, ""storage_local"": 8, ""background_page"": 1, ""content_scripts"": 1, ""dangerous_permissions"": 0, ""host_permissions"": 1, ""crypto_patterns"": 3892, ""network_requests"": 25, ""extension_size"": 442, ""api_renames"": 3, ""manifest_changes"": 3, ""file_modifications"": 0, ""webRequest_to_dnr_migrations"": 0}",2026-05-21T13:48:33.606000,2026-05-21T13:48:33.606000,,no
report_1768661161553_ciodheinffecofepblkhkljfmagnnckk,Lavaca Developer Tools,,18968,no,FALSE,TRUE,TRUE,,,,FALSE,FALSE,,,,"Chrome DevTools extension for debugging Lavaca apps.

Lavaca DevTools is an extension for debugging Lavaca apps. It allows you to easily:

- Visualize your application's view hierarchy and inspect the models associated with the rendered views. 
- View the data associated with the defined routes for your application. Including the pattern, controller type, controller action, and additional parameters.
- Get the current view and model in the selected elements scope, defaulting to the view on the highest layer. 

Lavaca DevTools also exposes two variables to the console.

$view - The current view in the selected elements scope. Defaults to the view on the highest layer.
$model - The current view's model in the selected elements scope. Defaults to the model of the view on the highest layer.",2013-12-04 00:00,10926161,0.0.5,"[""MANIFEST_MIGRATED"", ""CSP_VALUE_MODIFIED"", ""API_RENAMES_APPLIED"", ""BRIDGE_INJECTED"", ""HAS_BACKGROUND_PAGE"", ""HAS_CONTENT_SCRIPTS"", ""HAS_SERVICE_WORKER"", ""USES_TABS_API"", ""CONTAINS_EVAL"", ""MINIFIED_CODE""]",,TRUE,36.681923958,4,dfjikpibamfdjmbehgmmibhcbjhlleji,"{""webRequest"": 0, ""html_lines"": 29895, ""storage_local"": 0, ""background_page"": 1, ""content_scripts"": 1, ""dangerous_permissions"": 1, ""host_permissions"": 0, ""crypto_patterns"": 2140, ""network_requests"": 209, ""extension_size"": 314, ""api_renames"": 3, ""manifest_changes"": 3, ""file_modifications"": 0, ""webRequest_to_dnr_migrations"": 0}",2026-05-21T13:49:18.611000,2026-05-21T13:49:18.611000,,no
report_1768667784699_ajohdmhkjealklddnfehjpolclmgjdog,洪水・高潮リスク情報埋め込み　KeepDry,"Regarding diff: idk, i can't figure out what this ext does so it stays as could not test",18920,could_not_test,FALSE,TRUE,TRUE,,,,FALSE,FALSE,990,4.3,38,"不動産情報サイトに、洪水・高潮リスクマップを埋め込みます。

この拡張機能は、不動産情報サイトの物件周辺地図ページに、「洪水・高潮リスクマップ」を表示します。  
不動産売買及び賃貸借契約のを検討する際、水害リスクを考慮するのに役立ちます。
現在、対応している不動産情報サイトは suumo.jp のみです。
洪水高潮リスクマップは、国土地理院作成の地図に、
国土交通省が配布している「洪水浸水想定区域（想定最大規模）」のデータと、
「高潮浸水想定区域」のデータを、本拡張機能開発者が独自に重ねて表示したものです。
物件を中心とした、国土交通省が提供の重ねるハザードマップへのリンクも表示します。
重ねるハザードマップでは洪水・高潮リスクだけでなく、津波や、土砂災害リスク、各避難所の位置などについても確認できます。

※本拡張機能が表示する「洪水・高潮リスクマップ」は、水防法に基づき市町村が作成した水害ハザードマップではありません。
※宅地建物取引業者が重要事項説明を行う際は、必ず市町村の作成した水害ハザードマップをご利用ください。",2021-01-21,1142947,0.0.0.2,"[""MANIFEST_MIGRATED"", ""API_RENAMES_APPLIED"", ""HAS_CONTENT_SCRIPTS"", ""CONTAINS_EVAL"", ""MINIFIED_CODE""]",,TRUE,10.914013,,bennjncpdnagmdljjiaknlifgdmphecd,"{""webRequest"": 0, ""html_lines"": 75181, ""storage_local"": 0, ""background_page"": 0, ""content_scripts"": 1, ""dangerous_permissions"": 0, ""host_permissions"": 0, ""crypto_patterns"": 8, ""network_requests"": 0, ""extension_size"": 56, ""api_renames"": 1, ""manifest_changes"": 3, ""file_modifications"": 0, ""webRequest_to_dnr_migrations"": 0}",2026-05-21T13:49:46.032000,2026-05-21T13:49:46.032000,,could_not_test
report_1768658502429_dafeagfjbepchdnobdiagopikjnpebpj,FGC Lite,,18765,no,FALSE,FALSE,TRUE,TRUE,,,FALSE,FALSE,"40,000",3.9,124,"FantasyGold light wallet and transaction signing client.

Fantasy Gold Coin Wallet to interact with the Fantasy Gold Coin blockchain and FGC20 Tokens.  It allows you to interact with the Fantasy Gold Blockchain.  In addition you can interact with the Fantasy Gold FGC20 Tokens so that you may send and receive tokens, as well as send transactions of traditional FGCs.",2020-11-20,8503951,1.4.8,"[""MANIFEST_MIGRATED"", ""CSP_VALUE_MODIFIED"", ""BRIDGE_INJECTED"", ""HAS_BROWSER_POPUP"", ""HAS_BACKGROUND_PAGE"", ""HAS_CONTENT_SCRIPTS"", ""HAS_SERVICE_WORKER"", ""HAS_HOST_PERMISSIONS"", ""USES_STORAGE_LOCAL"", ""WEBPACK_BUNDLED"", ""CONTAINS_EVAL"", ""MINIFIED_CODE""]",,TRUE,5.419079833,5,memokfnkpgdjobpofphcablopgiichff,"{""webRequest"": 0, ""html_lines"": 116, ""storage_local"": 8, ""background_page"": 1, ""content_scripts"": 1, ""dangerous_permissions"": 0, ""host_permissions"": 1, ""crypto_patterns"": 3643, ""network_requests"": 20, ""extension_size"": 379, ""api_renames"": 3, ""manifest_changes"": 3, ""file_modifications"": 0, ""webRequest_to_dnr_migrations"": 0}",2026-05-21T13:50:36.079000,2026-05-21T13:50:36.079000,,no
report_1768664043759_hhkngfpkbnoagbooafjdcgihimecbdcb,Kramerly,,18281,could_not_test,FALSE,TRUE,TRUE,,,,FALSE,FALSE,827,3.4,12,,,,1.0.0,"[""MANIFEST_MIGRATED"", ""HAS_CONTENT_SCRIPTS"", ""MINIFIED_CODE""]",,TRUE,16.743930584,,pahcliklakmemcjblnkkgojbjapleclo,"{""webRequest"": 0, ""html_lines"": 0, ""storage_local"": 0, ""background_page"": 0, ""content_scripts"": 1, ""dangerous_permissions"": 0, ""host_permissions"": 0, ""crypto_patterns"": 3646, ""network_requests"": 0, ""extension_size"": 22, ""api_renames"": 1, ""manifest_changes"": 3, ""file_modifications"": 0, ""webRequest_to_dnr_migrations"": 0}",2026-05-21T13:50:56.495000,2026-05-21T13:50:56.495000,,could_not_test
report_1768663356031_ncphmdbagmbjheodhjmmlpfhhmpncokk,Orderly,,17003,no,FALSE,TRUE,FALSE,TRUE,,,FALSE,FALSE,5,,,"Orderly is a basic productivity app.

This will likely change quite a bit, but just a side project I created to hopefully motivate me to make my tasks in line with my goals!",2015-01-06,10338959,0.0.6,"[""MANIFEST_MIGRATED"", ""CSP_VALUE_MODIFIED"", ""API_RENAMES_APPLIED"", ""BRIDGE_INJECTED"", ""HAS_BROWSER_POPUP"", ""HAS_BACKGROUND_PAGE"", ""HAS_SERVICE_WORKER"", ""NEW_TAB_OVERRIDE"", ""CONTAINS_EVAL"", ""MINIFIED_CODE""]",,TRUE,78.051107167,1,gmnbooobfpmpneahdodoiddocbbjllga,"{""webRequest"": 0, ""html_lines"": 40239, ""storage_local"": 0, ""background_page"": 1, ""content_scripts"": 0, ""dangerous_permissions"": 0, ""host_permissions"": 0, ""crypto_patterns"": 1172, ""network_requests"": 342, ""extension_size"": 342, ""api_renames"": 3, ""manifest_changes"": 3, ""file_modifications"": 1, ""webRequest_to_dnr_migrations"": 0}",2026-05-21T13:52:22.254000,2026-05-21T13:52:22.254000,,no
report_1768655811431_eeoeakefoojbgmmileebfcjgdgpekfae,QPocket,,16963,no,FALSE,FALSE,TRUE,TRUE,,,FALSE,FALSE,"20,000",3.7,95,"QuarkChain Wallet Extension.

QPocket is QuarkChain official wallet which is the first multi-shard wallet. It comes in three versions (Chrome Wallet Extension/iOS/Android), and you're looking at the Chrome Wallet Extension version.

Main features:
1. Create and import QKC wallet
2. Send and receive QKC token, support both mainnet and devnet.
3. Support all native token and QRC20 tokens on QuarkChain. 

Official website link(iOS/Android download link): 
https://www.qpocket.io",2020-08-01,3145728,1.7.0,"[""MANIFEST_MIGRATED"", ""CSP_VALUE_MODIFIED"", ""BRIDGE_INJECTED"", ""HAS_BROWSER_POPUP"", ""HAS_BACKGROUND_PAGE"", ""HAS_CONTENT_SCRIPTS"", ""HAS_SERVICE_WORKER"", ""USES_STORAGE_LOCAL"", ""USES_TABS_API"", ""WEBPACK_BUNDLED"", ""CONTAINS_EVAL"", ""MINIFIED_CODE""]",,TRUE,3.127518083,5,cjkdhmpngnpbcdjmmklijgfoincfapcm,"{""webRequest"": 0, ""html_lines"": 84, ""storage_local"": 8, ""background_page"": 1, ""content_scripts"": 1, ""dangerous_permissions"": 2, ""host_permissions"": 0, ""crypto_patterns"": 3209, ""network_requests"": 316, ""extension_size"": 160, ""api_renames"": 3, ""manifest_changes"": 3, ""file_modifications"": 0, ""webRequest_to_dnr_migrations"": 0}",2026-05-21T13:52:32.274000,2026-05-21T13:52:32.274000,,no
report_1768658438715_kaahdbmbpejjlkaapjebngfobpjhpolm,Twitter Filter,,16394,no,FALSE,TRUE,FALSE,,,,FALSE,FALSE,29,4.4,9,"Hide people on Twitter without blocking or unfollowing them

You can also filter phrases (TV show spoilers, sports tweets, etc).

Leave a ★★★★★ review with feature request.",2014-07-17,13683916,0.1.4,"[""MANIFEST_MIGRATED"", ""BRIDGE_INJECTED"", ""HAS_BROWSER_POPUP"", ""HAS_BACKGROUND_PAGE"", ""HAS_CONTENT_SCRIPTS"", ""HAS_SERVICE_WORKER"", ""USES_TABS_API"", ""CONTAINS_EVAL"", ""MINIFIED_CODE""]",,TRUE,22.600352667,1,kamdgboidomchcpinngjlbcamfhbkhnn,"{""webRequest"": 0, ""html_lines"": 44170, ""storage_local"": 0, ""background_page"": 1, ""content_scripts"": 1, ""dangerous_permissions"": 1, ""host_permissions"": 0, ""crypto_patterns"": 934, ""network_requests"": 204, ""extension_size"": 211, ""api_renames"": 3, ""manifest_changes"": 3, ""file_modifications"": 0, ""webRequest_to_dnr_migrations"": 0}",2026-05-21T13:53:03.315000,2026-05-21T13:53:03.315000,,no
report_1768667410769_naljncianinefamgfleofenbecmdljel,Highlight,Regarding diff: does not install in 300 ext set,16130,could_not_test,TRUE,TRUE,TRUE,FALSE,,,FALSE,FALSE,13,5.0,1,"Supercharge Google Docs with text-synced audio recording.

Stop worrying about taking notes and be more present actually listening. Recall every word. Find the most important moments effortlessly. Never lose a recording. Highlight works inside Google Docs to record your meetings. Be fully present now, review the highlights later.

Sign up for your free account, then use Highlight to:

-	Record audio directly within Google Docs
-	Sync your notes to the recorded audio
-	Quickly search your recording by clicking anywhere in your notes
-	Hear what was said and see what you wrote simultaneously
-	Automatically organize and manage your recordings
-	Easily collaborate and share the audio with others


PRIVACY AND SECURITY

-	Your recordings are important, so Highlight takes privacy and security seriously.
-	Highlight uses the minimum possible personal information.
-	Highlight doesn’t see or store your Google Doc content. We treat everything as sensitive.
-	No one hears your audio unless you want them to. Audio files are private by default and are only ever available to collaborators who you share a Highlighted Google Doc with.
-	Recorded audio and document indexes are restricted and secured via AWS Cloud Security.


ABOUT HIGHLIGHT

Capture every word. Highlights audio recording allows you to have confidence that you won’t miss a thing.

Sync audio to text. Get the full picture of what you thought and what you heard. Highlight syncs it up for you. Don’t worry about forgetting those aha moments. Instead, jot down your Highlights.

Find exactly what you’re looking for. Highlight helps you easily recall what was important, so that insights come together naturally. You already sat through an hour-long meeting. Don’t spend another hour searching your notes for those lightbulb moments.

Document playback. Never worry about getting that quote or sound bite wrong. Highlight gives you confidence that you have every word available to you for whenever you need it.

Quick search. Quickly search for your keywords and highlights. Don’t spend time scrubbing for important moments in a conversation, find them in seconds, and spend more time expanding on your ideas.

Live Collaboration. Take notes and discover insights with teammates in real-time. Collaborate on interview synthesis by keeping a living record of what was said and what was thought.

Native to G Suite. Use the system you know and love. Skip the extra training and stress of switching to a new app. With Highlight, you can search Google Drive for old notes with ease.

Stay clutter free. Highlight recordings are stored in the cloud along with your Google Docs, making sure you don’t clutter up other devices or lose a recording.",2024-11-19,10055843,1.6.59,"[""MANIFEST_MIGRATED"", ""CSP_VALUE_MODIFIED"", ""API_RENAMES_APPLIED"", ""BRIDGE_INJECTED"", ""OFFSCREEN_DOCUMENT_ADDED"", ""HAS_BROWSER_POPUP"", ""HAS_BACKGROUND_PAGE"", ""HAS_CONTENT_SCRIPTS"", ""HAS_SERVICE_WORKER"", ""HAS_HOST_PERMISSIONS"", ""USES_WEB_REQUEST"", ""USES_STORAGE_LOCAL"", ""USES_TABS_API"", ""WEBPACK_BUNDLED"", ""CONTAINS_EVAL"", ""MINIFIED_CODE""]",https://www.gethighlight.com,TRUE,21.245502083,9,ljibmalhangcmjoodlklooihehgnohei,"{""webRequest"": 1, ""html_lines"": 113, ""storage_local"": 71, ""background_page"": 1, ""content_scripts"": 1, ""dangerous_permissions"": 2, ""host_permissions"": 3, ""crypto_patterns"": 2971, ""network_requests"": 131, ""extension_size"": 551, ""api_renames"": 3, ""manifest_changes"": 3, ""file_modifications"": 0, ""webRequest_to_dnr_migrations"": 0}",2026-05-21T13:53:32.261000,2026-05-21T13:53:32.261000,,could_not_test
report_1768660431619_glllfmibomedhbpomceafponabppfgmg,Vocabera,,15414,no,FALSE,FALSE,TRUE,TRUE,,,FALSE,FALSE,3,5.0,5,"Vocabera یک اکستنشن گوگل کروم است که یادگیری زبان شما را به وب گردی های روزمره می کشاند.

زَبانِ اَصلی ببینید ...
توسعه دایره لغات انگلیسی، حین مشاهده وبسایت، فیلم، کتاب و موسیقی های زبان اصلی",2019-09-17,8923381,1.4.0,"[""MANIFEST_MIGRATED"", ""CSP_VALUE_MODIFIED"", ""BRIDGE_INJECTED"", ""OFFSCREEN_DOCUMENT_ADDED"", ""HAS_BROWSER_POPUP"", ""HAS_BACKGROUND_PAGE"", ""HAS_SERVICE_WORKER"", ""HAS_HOST_PERMISSIONS"", ""USES_WEB_REQUEST"", ""USES_STORAGE_LOCAL"", ""USES_TABS_API"", ""WEBPACK_BUNDLED"", ""CONTAINS_EVAL"", ""MINIFIED_CODE""]",https://vocabera.com,TRUE,2.425186833,4,ennjefgehhmkgbeeckkaamhcohhghilf,"{""webRequest"": 4, ""html_lines"": 44, ""storage_local"": 5, ""background_page"": 1, ""content_scripts"": 0, ""dangerous_permissions"": 1, ""host_permissions"": 3, ""crypto_patterns"": 2981, ""network_requests"": 53, ""extension_size"": 280, ""api_renames"": 3, ""manifest_changes"": 3, ""file_modifications"": 0, ""webRequest_to_dnr_migrations"": 0}",2026-05-21T13:53:47.137000,2026-05-21T13:53:47.137000,,could_not_test
report_1768655892435_emegfipbpkljffffokfbefjjmofmdmgn,新浪微博时区助手 Timezone Helper for Weibo.com,,15165,could_not_test,FALSE,TRUE,TRUE,TRUE,,,FALSE,FALSE,,,,"以任意时区显示微博发布的时间，方便在海外使用新浪微博。Show timestamps at Weibo.com according to your local timezone.

新浪微博时区助手 

以任意时区显示微博发布的时间，方便在海外使用新浪微博。

---------
## v0.5
updates
- Refactory 
- Material Design",2016-05-02,1457520,0.5,"[""MANIFEST_MIGRATED"", ""BRIDGE_INJECTED"", ""HAS_BROWSER_POPUP"", ""HAS_BACKGROUND_PAGE"", ""HAS_CONTENT_SCRIPTS"", ""HAS_SERVICE_WORKER"", ""HAS_HOST_PERMISSIONS"", ""USES_TABS_API"", ""MINIFIED_CODE""]",,TRUE,22.463187375,2,jpjgnkoobdjggjknoejleibclddflhhj,"{""webRequest"": 0, ""html_lines"": 58132, ""storage_local"": 0, ""background_page"": 1, ""content_scripts"": 1, ""dangerous_permissions"": 1, ""host_permissions"": 1, ""crypto_patterns"": 91, ""network_requests"": 32, ""extension_size"": 48, ""api_renames"": 3, ""manifest_changes"": 3, ""file_modifications"": 0, ""webRequest_to_dnr_migrations"": 0}",2026-05-21T13:54:14.777000,2026-05-21T13:54:14.777000,,could_not_test
report_1768652931660_jicfhkclcbbdonkdapiekgbhggdocdnp,Minimalist for Everything,Infinite loading,15069,no,FALSE,TRUE,TRUE,FALSE,,,FALSE,FALSE,"40,000",4.5,783,"You live in webapps. Make them yours.

## WARNING: This extension is retired
I still try to do minimum upkeep to keep the extension largely functional and in the store but beyond that much of the functionality, especially in the core modules may be broken.

## What Does it Do?
  * Centralized script and style management
  * Core Modules that customize web experience
  * Easily develop and deploy custom styles and scripts


## Features

  * Powerful, easy-to-use options pages for modules
  * Pages and pages of customization options for Gmail
  * Syntax highlighting in module code editor


## Changelog

 See changelog on GitHub: https://github.com/anstosa/Minimalist-Everything#changelog


## Legal

  I am not a Google Employee nor am I officially affiliated with Google in any way.
  This extension is not endorsed by Google. Google, Gmail, Google Calendar,
  Google Reader, Google+, and their respective logos are trademarks of Google Inc.
  Use of these trademarks is subject to Google Permissions.

  All modules are owned by their authors and licensed under GNU GPL v3.",2020-05-22,15529410,0.8.0,"[""MANIFEST_MIGRATED"", ""API_RENAMES_APPLIED"", ""BRIDGE_INJECTED"", ""HAS_BROWSER_POPUP"", ""HAS_BACKGROUND_PAGE"", ""HAS_CONTENT_SCRIPTS"", ""HAS_SERVICE_WORKER"", ""HAS_HOST_PERMISSIONS"", ""USES_TABS_API"", ""WEBPACK_BUNDLED"", ""CONTAINS_EVAL"", ""MINIFIED_CODE""]",https://santosa.dev,TRUE,28.988139042,4,jkkajfdlllklkdogdliiekiifkohbind,"{""webRequest"": 0, ""html_lines"": 15215, ""storage_local"": 0, ""background_page"": 1, ""content_scripts"": 1, ""dangerous_permissions"": 1, ""host_permissions"": 1, ""crypto_patterns"": 2033, ""network_requests"": 305, ""extension_size"": 425, ""api_renames"": 3, ""manifest_changes"": 3, ""file_modifications"": 0, ""webRequest_to_dnr_migrations"": 0}",2026-05-21T13:54:54.054000,2026-05-21T13:54:54.054000,,no
report_1768655713932_hfcmeikimmjeojjfjkoiblijpllbgpnk,FejoaAuth,,14703,no,FALSE,TRUE,TRUE,FALSE,,,TRUE,FALSE,,,,"Secure Authentication and Password Manager

(Developer release)

FejoaAuth allows secure password reuse at multiple FejoaAuth providers. FejoaAuth prevent providers to learn any information about the user password and thus a malicious provider can’t impersonate the user at another provider or decrypt data that is protected with the user password.

FejoaAuth uses key strengthening to protect the user password from dictionary attacks. The user is in control of choosing appropriate key strengthening parameters to make it arbitrary hard for an attacker to brute force the user password.",2018-05-16,1688207,0.1.4,"[""MANIFEST_MIGRATED"", ""API_RENAMES_APPLIED"", ""BRIDGE_INJECTED"", ""HAS_BROWSER_POPUP"", ""HAS_BACKGROUND_PAGE"", ""HAS_CONTENT_SCRIPTS"", ""HAS_SERVICE_WORKER"", ""USES_TABS_API"", ""CONTAINS_EVAL"", ""MINIFIED_CODE""]",https://fejoa.org,TRUE,22.046225,7,gmfnhgekmcgknlbnccifbgaolkmfdack,"{""webRequest"": 0, ""html_lines"": 72, ""storage_local"": 0, ""background_page"": 1, ""content_scripts"": 1, ""dangerous_permissions"": 3, ""host_permissions"": 0, ""crypto_patterns"": 2902, ""network_requests"": 11, ""extension_size"": 85, ""api_renames"": 3, ""manifest_changes"": 3, ""file_modifications"": 0, ""webRequest_to_dnr_migrations"": 0}",2026-05-21T13:55:19.747000,2026-05-21T13:55:19.747000,,yes
report_1768661238052_pbohjjhllefhfghkpikhjballblpkagj,ShardEx,,14367,no,FALSE,TRUE,TRUE,FALSE,,,FALSE,FALSE,"1,000",3.3,13,"Everscale wallet

ShardEx is a free, secure and multi-functional FreeTon wallet implemented as a browser add-on.

- Multiaccounts
- Support for the main types of wallets (SafeMultisig, SetCodeMultisig, SetCodeMultisig2)
- Random seed phrase generation
- Restoring a wallet of 12 or 24 words
- Encrypted Local data storage
- Generating, backing up, and restoring public and private keys
- Backup and restore the initial phrase of the wallet
- Password protection
- Transaction History
- Changing your password
- Creating a Wallet with multiple keepers
- Offer and sign transactions (for multi-custodian wallets)
- Main net and test net support

Security

All data private data is encrypted using tweetnacl's xsalsa20-poly1305 implementation. The encryption key is derived from the password using PBKDF2/SHA256. The iteration count for the PBKDF2 invocation is configurable and defaults to 10,000 rounds.

Source code on Github: https://github.com/RSquad/ShardEx

ShardEx version 0.1.6
- rebranding FreeTon => Everscale
- fix bugs
- update dependencies",2021-11-16,6427770,0.1.6,"[""MANIFEST_MIGRATED"", ""CSP_VALUE_MODIFIED"", ""OFFSCREEN_DOCUMENT_ADDED"", ""HAS_BROWSER_POPUP"", ""HAS_BACKGROUND_PAGE"", ""HAS_SERVICE_WORKER"", ""USES_WEB_REQUEST"", ""USES_STORAGE_LOCAL"", ""WEBPACK_BUNDLED"", ""CONTAINS_EVAL"", ""MINIFIED_CODE""]",,TRUE,8.924473833,4,cgnpnjmjklfcalnkjadmhakigcmfkeih,"{""webRequest"": 5, ""html_lines"": 42, ""storage_local"": 20, ""background_page"": 1, ""content_scripts"": 0, ""dangerous_permissions"": 0, ""host_permissions"": 0, ""crypto_patterns"": 2784, ""network_requests"": 12, ""extension_size"": 232, ""api_renames"": 3, ""manifest_changes"": 3, ""file_modifications"": 0, ""webRequest_to_dnr_migrations"": 0}",2026-05-21T13:56:01.258000,2026-05-21T13:56:01.258000,,could_not_test
report_1768653834208_jfpffimkffkiffdaonmanonhedlkfenf,Turbo Chrome - Navegue mais rápido!,does not persist on sstate,13132,no,FALSE,TRUE,TRUE,TRUE,,,FALSE,FALSE,,,,"O Turbo Chrome torna sua navegação mais rápida carregando arquivos de bibliotecas comuns localmente.

O Turbo Chrome torna sua navegação mais rápida carregando arquivos de bibliotecas comuns localmente. Arquivos do Google Hosted Libraries, jQuery, Bootstrap e muitos outros são carregados do disco, poupando requisições desnecessárias.

Apenas arquivos JS, CSS e Fontes são otimizadas. Apenas recursos de CDNs conhecidos como o Google Hosted Libraries são substituídos para garantir que a extensão irá servir o arquivo correto.


Só são substituídos arquivos que são EXATAMENTE IGUAIS aos que estão salvos localmente. Nenhum outro conteúdo é alterado/adicionado/removido nos sites visitados.


A extensão funciona interceptando requests e substituindo-os pelo conteúdo local com latência zero e para isso é necessário ter permissão para modificar conteúdo em todos os sites.

Uma pequena percentagem da CPU será consumida pela extensão.",2017-09-23,15424552,1.0,"[""MANIFEST_MIGRATED"", ""API_RENAMES_APPLIED"", ""BRIDGE_INJECTED"", ""HAS_BROWSER_POPUP"", ""HAS_BACKGROUND_PAGE"", ""HAS_SERVICE_WORKER"", ""HAS_HOST_PERMISSIONS"", ""USES_WEB_REQUEST"", ""USES_TABS_API"", ""CONTAINS_EVAL"", ""MINIFIED_CODE""]",,TRUE,37.83846175,3,emcjdngajkpbakgnkdgcchihghefikao,"{""webRequest"": 4, ""html_lines"": 288, ""storage_local"": 0, ""background_page"": 1, ""content_scripts"": 0, ""dangerous_permissions"": 3, ""host_permissions"": 1, ""crypto_patterns"": 2372, ""network_requests"": 384, ""extension_size"": 343, ""api_renames"": 3, ""manifest_changes"": 3, ""file_modifications"": 1, ""webRequest_to_dnr_migrations"": 0}",2026-05-21T13:56:51.007000,2026-05-21T13:56:51.007000,,no
report_1768664303090_macfjpllmhmkgmghelmngnkhdhphphgg,Readersourcing 2.0: RS_Rate,,13122,no,FALSE,FALSE,TRUE,TRUE,TRUE,,FALSE,FALSE,12,,,"Allows to rate scientific publications within the Readersourcing approach.

The main mechanism to spread scientific knowledge is the scholarly publishing process, which is based on the peer review activity; a scientific article written by some authors is judged and rated by colleagues of the same degree of competence. Although peer review is a reasonable and well established a priori mechanism to ensure the quality of scientific publications, it is not free from problems, and indeed it is characterized by various issues related to the process itself and the malicious behavior of some stakeholders.

Among the various alternative approaches to the peer review activity proposed during the last years, there are some that aim to take advantage of information which are otherwise lost. When a scientific article is published its readers have their own opinion about it, but such opinions usually remain private spread informally between a few collaborators. Eventually, they remain “encoded” inside citations inserted into other articles. It would be useful to have an approach to the peer review activity which considers also such opinions.

In literature there are two proposals which aim to take advantage of readers’ opinions by outsourcing the peer review activity to their community. The shared idea consist in asking readers to rate quantitatively the articles they read; these ratings are used to measure the overall quality of such articles as well as the reputation of a reader as an assessor; moreover, they are used to derive the reputation of a scholar as an author.

In other terms, the main issue with which the two aforementioned proposals have to deal consists in how the ratings that the assessed entity (i.e., a publication) receives should be aggregated into indexes of quality and, from these indexes, how to compute indexes of reputation for the assessors (i.e., the readers) and, eventually, indexes of how much an author is “skilled” (i.e., a measure of his ability to publish papers which are positively rated by their readers).

A working implementation of the two proposals has been provided by building the Readersourcing 2.0 ecosystem within a research project co-funded by SISSA Medialab and University of Udine. This ecosystem is an independent, third-party, non-profit, academic/scientific endeavour, aimed at quality rating of both scholarly literature and scholars and is composed of four software applications. There is one (RS_Server) which acts as a server to gather all the ratings given by readers and one that acts as a client (RS_Rate) to allow the readers themselves to effectively rate publications, although it is possible to carry out every operation also directly on a web interface pro-vided by RS_Server. There is also a component (RS_PDF) which has the task to annotate files in PDF format by taking advantage of an ad hoc software library; this component is exploited by the server-side application. Lastly, there is also an additional component (RS_Py) which provides a fully working implementation of the two proposals that can be used as a standalone software. The code of every software component and the overall documentation is available on GitHub (https://github.com/Miccighel/Readersourcing-2.0).

RS_Rate (i.e., this extension) allows a scholarly reader to: 
- Rate a scientific publications while he is reading it;
- Annotate a scientific publication with a rating url to express his rating at a later time;
- Automatically extract the rating url from one of his annotated publications;
- Sign up on the Readersourcing 2.0 ecosystem and update his profile.",2019-10-22,5117050,1.0.14,"[""MANIFEST_MIGRATED"", ""CSP_VALUE_MODIFIED"", ""API_RENAMES_APPLIED"", ""BRIDGE_INJECTED"", ""HAS_BROWSER_POPUP"", ""HAS_BACKGROUND_PAGE"", ""HAS_SERVICE_WORKER"", ""USES_TABS_API"", ""CONTAINS_EVAL"", ""MINIFIED_CODE""]",https://rs-server.herokuapp.com,TRUE,10.84554125,1,ffaajihcojdgmniajmgeandigjbdkkgb,"{""webRequest"": 0, ""html_lines"": 43830, ""storage_local"": 0, ""background_page"": 1, ""content_scripts"": 0, ""dangerous_permissions"": 1, ""host_permissions"": 0, ""crypto_patterns"": 347, ""network_requests"": 95, ""extension_size"": 181, ""api_renames"": 3, ""manifest_changes"": 3, ""file_modifications"": 0, ""webRequest_to_dnr_migrations"": 0}",2026-05-21T13:57:26.649000,2026-05-21T13:57:26.649000,,no
report_1768653316712_cbdadgfefpgaiiefilhjlbgnjhkffhmo,ContentStudio - Social Media Scheduler,,13109,could_not_test,FALSE,TRUE,TRUE,,FALSE,FALSE,FALSE,TRUE,59,5.0,7,"ContentStudio is a content marketing and social media management platform to grow your social presence and boost content marketing.

Discover, Monitor & Share Engaging Content

ContentStudio gives you the ability to discover topic-relevant content filtered by social shares,  different media types and virality. Select posts individually from your topic feeds or setup an automation campaign with your own rules to publish content automatically to your selected channels.",2024-03-21,12687769,0.3.11,"[""MANIFEST_MIGRATED"", ""CSP_VALUE_MODIFIED"", ""API_RENAMES_APPLIED"", ""BRIDGE_INJECTED"", ""HAS_BROWSER_POPUP"", ""HAS_BACKGROUND_PAGE"", ""HAS_CONTENT_SCRIPTS"", ""HAS_SERVICE_WORKER"", ""HAS_HOST_PERMISSIONS"", ""USES_TABS_API"", ""WEBPACK_BUNDLED"", ""CONTAINS_EVAL"", ""MINIFIED_CODE""]",,TRUE,34.321597792,4,hmlbbpbfhpdlgfnpdlgkjbkkbfhpaoai,"{""webRequest"": 0, ""html_lines"": 75, ""storage_local"": 0, ""background_page"": 1, ""content_scripts"": 1, ""dangerous_permissions"": 2, ""host_permissions"": 2, ""crypto_patterns"": 2517, ""network_requests"": 27, ""extension_size"": 380, ""api_renames"": 3, ""manifest_changes"": 3, ""file_modifications"": 0, ""webRequest_to_dnr_migrations"": 0}",2026-05-21T13:58:19.510000,2026-05-21T13:58:19.510000,,could_not_test
report_1768651196369_ennjefgehhmkgbeeckkaamhcohhghilf,Jamo Automator,,12824,no,TRUE,TRUE,TRUE,FALSE,TRUE,,FALSE,FALSE,84,5.0,1,"Tool to automate test cases running against web content deisplayed in the Chrome browser.

This extension needs to be installed in order to create and replay automated test cases using the Jamo Automator tool.",2019-06-11,1237319,1.0.5,"[""MANIFEST_MIGRATED"", ""BRIDGE_INJECTED"", ""HAS_BROWSER_POPUP"", ""HAS_BACKGROUND_PAGE"", ""HAS_CONTENT_SCRIPTS"", ""HAS_SERVICE_WORKER"", ""HAS_HOST_PERMISSIONS"", ""USES_TABS_API"", ""CONTAINS_EVAL"", ""MINIFIED_CODE""]",,TRUE,20.656323542,14,lchgncgkegpocpdbdjnkkjccbggbnaeh,"{""webRequest"": 0, ""html_lines"": 37, ""storage_local"": 0, ""background_page"": 1, ""content_scripts"": 1, ""dangerous_permissions"": 2, ""host_permissions"": 1, ""crypto_patterns"": 2526, ""network_requests"": 24, ""extension_size"": 69, ""api_renames"": 3, ""manifest_changes"": 3, ""file_modifications"": 0, ""webRequest_to_dnr_migrations"": 0}",2026-05-21T13:59:37.321000,2026-05-21T13:59:37.321000,,could_not_test
report_1768663928663_ileceppkcpehfckobiapgcfbehgmfjoj,name,,12470,yes,FALSE,TRUE,TRUE,TRUE,,,FALSE,FALSE,19,5.0,1,"This extension allows you to easily show a password field in any site, by hovering or double clicking on the password field

This extension allows you to show a password in any site in clear text.
It offers the option to do this either by double clicking on the password field, or by hovering your mouse on it. 
This helps in making sure that you typed the password correctly, or remembering the saved password (if you allowed Chrome to save passwords).

You can hide the password by double clicking again on the password field, or moving your mouse out of the password field.
This extension does not record, upload, save or remember your passwords, it simply changes the password field to plain text field for your convenience.",2016-04-02,11020533,2.0.0,"[""MANIFEST_MIGRATED"", ""CSP_VALUE_MODIFIED"", ""BRIDGE_INJECTED"", ""HAS_BROWSER_POPUP"", ""HAS_CONTENT_SCRIPTS"", ""CONTAINS_EVAL"", ""MINIFIED_CODE""]",,TRUE,71.314350083,,kccnkinkappfjppknffcpjkhkpambgfm,"{""webRequest"": 0, ""html_lines"": 41840, ""storage_local"": 0, ""background_page"": 0, ""content_scripts"": 1, ""dangerous_permissions"": 0, ""host_permissions"": 0, ""crypto_patterns"": 276, ""network_requests"": 229, ""extension_size"": 143, ""api_renames"": 1, ""manifest_changes"": 3, ""file_modifications"": 0, ""webRequest_to_dnr_migrations"": 0}",2026-05-21T14:02:39.984000,2026-05-21T14:02:39.984000,,yes
report_1768659889984_edfdgimilfiboemdjadadigmkeajocmn,Box for tabs,,12419,no,FALSE,TRUE,TRUE,FALSE,,,FALSE,FALSE,,,,"This extension saves tabs for someday you need them.

Have you opened a lot of tabs and didn't have time to finish them before you have to close your computer? Use this extension to save tabs and reopen them whenever you want. You can also export your data and restore your tab boxes from a backup file.

Key features:

- Bookmark manager
- Material design",2015-04-23,2254438,0.9.2,"[""MANIFEST_MIGRATED"", ""CSP_VALUE_MODIFIED"", ""API_RENAMES_APPLIED"", ""BRIDGE_INJECTED"", ""HAS_BROWSER_POPUP"", ""HAS_BACKGROUND_PAGE"", ""HAS_SERVICE_WORKER"", ""USES_TABS_API"", ""CONTAINS_EVAL"", ""MINIFIED_CODE""]",https://lrednight.com,TRUE,33.326362792,1,dmpcdfoaekmmapemolheegecabijlbmf,"{""webRequest"": 0, ""html_lines"": 46654, ""storage_local"": 0, ""background_page"": 1, ""content_scripts"": 0, ""dangerous_permissions"": 1, ""host_permissions"": 0, ""crypto_patterns"": 103, ""network_requests"": 53, ""extension_size"": 74, ""api_renames"": 3, ""manifest_changes"": 3, ""file_modifications"": 1, ""webRequest_to_dnr_migrations"": 0}",2026-05-21T14:03:16.749000,2026-05-21T14:03:16.749000,,no
report_1768660823490_ffofikficihklhkfehcfabpdofmemihh,MoodiModo,Regarding diff: just works here,12031,yes,FALSE,TRUE,TRUE,TRUE,,,FALSE,FALSE,3,,,"Perfect your life!

MoodiModo makes tracking one's mood effortless. Click the smiley face in the upper right hand corner and you just taken the first step towards true insights about what really affects your psychological state. 

You can set the reminder frequency and indicate their preferred means of notification.  Users will have the ability to review their mood trends retrospectively, allowing them to identify triggers for symptoms and quantify the effectiveness of treatments. 

Physical and environmental factors influence how you feel, just as emotions often cause changes in your physical system. There are 100 billion neurons in the human brain, and each of them is busy most of the time constantly sending tiny electrical impulses from one brain cell to another. This signalling is modulated by chemicals called neurotransmitters. This activity is the biochemical basis of feelings.

In turn, brain chemistry is influenced by a number of factors including degree of social interaction, sleep, diet, medication, and physical activity. Mood data from MoodiModo is automatically sent to the QuantiModo website. At QuantiModo, this data can be combined with data from other applications, devices and electronic health records. Since the human mind is not powerful enough to retain all of the necessary information, this data integration feature is essential to identifying correlations and causal relationships.

Users will also have the option to anonymously donate their data to the Mind First Foundation, the Personal Genome Project, and other researchers in order to help facilitate the crowdsourced observational research which will eventually lead to the eradication of mental illness.",2020-02-13,25281167,2.10.212,"[""MANIFEST_MIGRATED"", ""API_RENAMES_APPLIED"", ""BRIDGE_INJECTED"", ""OFFSCREEN_DOCUMENT_ADDED"", ""HAS_BROWSER_POPUP"", ""HAS_BACKGROUND_PAGE"", ""HAS_SERVICE_WORKER"", ""HAS_HOST_PERMISSIONS"", ""USES_WEB_REQUEST"", ""USES_STORAGE_LOCAL"", ""USES_TABS_API"", ""WEBPACK_BUNDLED"", ""CONTAINS_EVAL"", ""MINIFIED_CODE""]",https://quantimo.do,TRUE,41.082499292,20,igfbjepcmlgabkgpkpbklmpbbnlagcoj,"{""webRequest"": 19, ""html_lines"": 37220, ""storage_local"": 5, ""background_page"": 1, ""content_scripts"": 0, ""dangerous_permissions"": 1, ""host_permissions"": 9, ""crypto_patterns"": 347, ""network_requests"": 147, ""extension_size"": 482, ""api_renames"": 3, ""manifest_changes"": 3, ""file_modifications"": 5, ""webRequest_to_dnr_migrations"": 0}",2026-05-21T14:04:12.075000,2026-05-21T14:04:12.075000,,yes
report_1768659801013_lidiflbogjbegjjblnjfapfbbggeliom,蝦皮賣家黑精靈,,11278,no,TRUE,TRUE,TRUE,FALSE,,,FALSE,FALSE,,,,"為蝦皮賣家設計專門對付奧客的黑精靈

【蝦皮賣家黑精靈】
．蝦皮版Whoscall，杜絕奧客利器
．付費訂閱每月599，平均每日只要20元
※免費附贈四大超商批次列印功能

三大功能如下：

【功能一：封鎖內建蝦皮黑名單】
．提供數十萬筆黑名單並幫賣家封鎖：按個按鍵完成封鎖，幫賣場杜絕奧客，並非像他款蝦皮插件僅讓用戶一鍵上傳黑名單，卻沒有幫用戶封鎖，之後黑名單數量還會持續更新
．絕不侵犯賣場訂單資料：黑名單皆為內建，並非從賣場讀取訂單資料
．多個賣場皆可用：可切換多個蝦皮賣場封鎖內建黑名單
．封鎖時會跳過賣場內所有未完成訂單的買家帳號

【功能二：提示待處理訂單買家資訊】
．自動顯示以下資訊，方便賣家評估是否要寄出商品或直接封鎖，未取數或1星數兩個以上的買家會有藍框提示
	。未取次數與成功寄送比例
 	。1~5星評價數量
 	。加入時間
 	。關注中與粉絲數量
 	。上次上線時間
 	。是否同為賣家
 	。是否已關注賣場
 	。賣家備註(此為賣家在訂單內頁的備註，非買家提供的備註)

【功能三：封鎖自有黑名單】
．若從別的管道獲取黑名單帳號，可利用此功能一次全部封鎖
．自有黑名單帳號整理google試算表：https://pse.is/4g4nth


．瞭解更多詳情，請見官網：https://ppt.cc/fN32vx
並加入臉書社團：https://ppt.cc/fV1Xfx",2022-10-08,4320133,1.1.4,"[""MANIFEST_MIGRATED"", ""CSP_VALUE_MODIFIED"", ""BRIDGE_INJECTED"", ""HAS_BROWSER_POPUP"", ""HAS_BACKGROUND_PAGE"", ""HAS_CONTENT_SCRIPTS"", ""HAS_SERVICE_WORKER"", ""HAS_HOST_PERMISSIONS"", ""USES_STORAGE_LOCAL"", ""USES_TABS_API"", ""WEBPACK_BUNDLED"", ""CONTAINS_EVAL"", ""MINIFIED_CODE""]",,TRUE,15.643165083,5,holkaimpefmoidkdamcdfogjdbopihoe,"{""webRequest"": 0, ""html_lines"": 36, ""storage_local"": 11, ""background_page"": 1, ""content_scripts"": 1, ""dangerous_permissions"": 1, ""host_permissions"": 1, ""crypto_patterns"": 2178, ""network_requests"": 59, ""extension_size"": 141, ""api_renames"": 3, ""manifest_changes"": 3, ""file_modifications"": 0, ""webRequest_to_dnr_migrations"": 0}",2026-05-21T14:04:32.636000,2026-05-21T14:04:32.636000,,could_not_test
report_1768650918330_kamdgboidomchcpinngjlbcamfhbkhnn,"Omni - tabs, history and bookmarks by Tefter",,11172,no,FALSE,TRUE,TRUE,,TRUE,,FALSE,FALSE,21,4.7,3,"Boost your productivity by quickly navigating through your open tabs, history and Tefter.io bookmarks.

Omni will analyze and index your browsing history, tabs and Tefter.io bookmarks for an optimal web navigation personalized experience.

Changelog: https://headwayapp.co/tefter-changelog

All your data stays local and is never uploaded to any internet servers. You don't have to take our word for it, the source code is unobfuscated and available to be inspected.

We are committed to the privacy of our users. Omni and Tefter don't show any ads, they don't track you and don't display annoying notifications.

Omni is free, but perfectly paired with Tefter.io, the social bookmarking toolkit for teams. You can connect Omni to your Tefter account to sync your bookmarks to the cloud and access them from all your devices.

Omni is primarily intended to be used through a keyboard-driven user interface.

Open Omni:

Surface Omni by hitting alt+k. Now you can search your history, tabs and Tefter.io bookmarks. The search scope is configurable.

Groups:

All your links are automatically organized into groups based on some parameters of link like the domain name. For example corp1.slack.com and corp2.slack.com would belong to the same group named Slack. Only the top ten most frequently accessed groups appear.
You can switch between groups by pressing TAB.

Organizations:

Collaborate with others and build a common knowledge base of your most useful bookmarks and aliases. Access the organization's bookmarks from any page or even through our Slack integration. This feature requires a Tefter.io account.

Aliases:

You can create shortcuts to links you commonly use. We call such shortcuts aliases. To use aliases you need a Tefter account. To create an alias, read here. To search and navigate to aliases, either hit alt + a or type /go in the Omni search bar. You may also navigate to an alias, let's say docs by typing go/docs in your browser's address bar. This feature requires a Tefter.io account.

Bookmarks:
 
Omni will make your existing bookmarks searchable.
To add a bookmark through Omni, hit alt+b or press on the press the extension icon  followed by the ""add bookmark"" option.

Hotkeys:
In settings you can see and configure keyboard shortcuts for most common actions.

Shortcuts:
alt + b Bookmark current page
alt + k Show Omni search
alt + a Show aliases
arrow down Select the next link in results
ctrl + j Select the next link in results
arrow up Select the previous link in results
ctrl + k Select the previous link in results
tab Select the next group
shift + tab Select the previous group
ctrl + l Select the next organization
ctrl + h Select the previous organization
alt + number Select the organization by number, where number in [1, 5]
alt + 0 Deselect any organization

On MacOS, use option ⌥ instead of alt.

Commands:
/s <query> Lookup <query> via external search
/c <alias> Create an alias
/go <alias> List aliases and navigate to the selected one
/t <query> List open tabs and navigate to selected one",2022-05-08,2401239,1.16.0,"[""MANIFEST_MIGRATED"", ""API_RENAMES_APPLIED"", ""BRIDGE_INJECTED"", ""HAS_BROWSER_POPUP"", ""HAS_BACKGROUND_PAGE"", ""HAS_CONTENT_SCRIPTS"", ""HAS_SERVICE_WORKER"", ""HAS_HOST_PERMISSIONS"", ""USES_WEB_REQUEST"", ""USES_TABS_API""]",https://tefter.io,TRUE,31.662519584,20,bafajkcbalfkkdghjpgcaaopfalikmlk,"{""webRequest"": 2, ""html_lines"": 43682, ""storage_local"": 0, ""background_page"": 1, ""content_scripts"": 1, ""dangerous_permissions"": 6, ""host_permissions"": 2, ""crypto_patterns"": 8, ""network_requests"": 27, ""extension_size"": 58, ""api_renames"": 3, ""manifest_changes"": 3, ""file_modifications"": 3, ""webRequest_to_dnr_migrations"": 0}",2026-05-21T14:05:07.179000,2026-05-21T14:05:07.179000,,yes
report_1768667260680_pocbcmgdopfbjkgamnkpdankepdojpah,name,,10809,no,FALSE,TRUE,FALSE,,,,FALSE,FALSE,"2,000",3.8,10,"You can write a note in a GitHub issue that only you can see

You can write a note in a GitHub issue that only you can see
For example
・Write a note of progress.
・Write the design memo phase.
・Write a complaint",2021-01-14,3481272,1.0.0,"[""MANIFEST_MIGRATED"", ""CSP_VALUE_MODIFIED"", ""BRIDGE_INJECTED"", ""OFFSCREEN_DOCUMENT_ADDED"", ""HAS_BACKGROUND_PAGE"", ""HAS_CONTENT_SCRIPTS"", ""HAS_SERVICE_WORKER"", ""HAS_HOST_PERMISSIONS"", ""USES_WEB_REQUEST"", ""USES_STORAGE_LOCAL"", ""WEBPACK_BUNDLED"", ""CONTAINS_EVAL"", ""MINIFIED_CODE""]",,TRUE,45.442868084,2,edcmdkajjaphafjijhpebmeaogoeeeam,"{""webRequest"": 4, ""html_lines"": 41, ""storage_local"": 5, ""background_page"": 1, ""content_scripts"": 1, ""dangerous_permissions"": 0, ""host_permissions"": 1, ""crypto_patterns"": 2101, ""network_requests"": 27, ""extension_size"": 133, ""api_renames"": 3, ""manifest_changes"": 3, ""file_modifications"": 0, ""webRequest_to_dnr_migrations"": 0}",2026-05-21T14:05:56.608000,2026-05-21T14:05:56.608000,,could_not_test
report_1768664429825_pamdhaimbdknhbbieabggpdnmdcinbak,"Web Boost - Wait Less, Browse Faster!",,10740,no,FALSE,TRUE,TRUE,FALSE,,,FALSE,FALSE,4,1.0,1,"Make your web pages load faster! Boost browser speed!

This extension applies clever caching techniques (which are not there in browser by default) and blocks the stuff you do not need (ads and trackers).

All of that make web pages load noticeably faster!

Free and Open Source software.

PERMISSIONS
It requires ""the access to read all website data"" to analyse what website building blocks are used to cache and block things.

NEED HELP? 
Sources are available here: http://github.com/mr-mig/webbooost
Ask questions on Facebook:  https://www.facebook.com/WebBoostExtension",2016-08-15,11565793,3.2.4,"[""MANIFEST_MIGRATED"", ""API_RENAMES_APPLIED"", ""BRIDGE_INJECTED"", ""OFFSCREEN_DOCUMENT_ADDED"", ""HAS_BROWSER_POPUP"", ""HAS_BACKGROUND_PAGE"", ""HAS_SERVICE_WORKER"", ""HAS_HOST_PERMISSIONS"", ""USES_WEB_REQUEST"", ""USES_STORAGE_LOCAL"", ""USES_TABS_API"", ""CONTAINS_EVAL"", ""MINIFIED_CODE""]",https://webboost.fse.guru,TRUE,12.079304708,5,jicfhkclcbbdonkdapiekgbhggdocdnp,"{""webRequest"": 4, ""html_lines"": 218, ""storage_local"": 5, ""background_page"": 1, ""content_scripts"": 0, ""dangerous_permissions"": 3, ""host_permissions"": 1, ""crypto_patterns"": 1934, ""network_requests"": 316, ""extension_size"": 269, ""api_renames"": 3, ""manifest_changes"": 3, ""file_modifications"": 1, ""webRequest_to_dnr_migrations"": 0}",2026-05-21T14:06:16.464000,2026-05-21T14:06:16.464000,,no
report_1768651893794_emcjdngajkpbakgnkdgcchihghefikao,MeetInOne Extension for Google Meet,,10151,no,TRUE,TRUE,TRUE,FALSE,,,FALSE,FALSE,339,4.6,5,"MeetInOne - enhance your Google Meet meetings

Enhance your Google Meet experience with MeetInOne for Chrome. MeetInOne is the best Google Meet enhancement extension around and is 100% free. 

In-call features:
🗣 Push-to-talk 
⏭ Auto-join meetings 
🤐 Auto-mute audio and video 
💬 Auto-toggle captions 
📺  Picture-in-picture 
⏱ A meeting timer 
📊 Meeting statistics 
✅ Auto admit or reject new participants 
🔗 Easy link copying and sharing 
🌚 Dark mode 
📹 Meeting recording (coming soon)

Out-of-call features: 
🏘 Vastly improved account management 
💨 Save meeting links for quick access 
📌 Starting and joining meetings via the menu bar

On top of this, the MeetInOne Extension will provide you a link to download the MeetInOne Desktop App within the default popup.

Unlike other extensions, MeetInOne is built to be resource-efficient and put less strain on your browser and device.",2021-06-02,947200,0.1.7,"[""MANIFEST_MIGRATED"", ""CSP_VALUE_MODIFIED"", ""HAS_BROWSER_POPUP"", ""HAS_BACKGROUND_PAGE"", ""HAS_CONTENT_SCRIPTS"", ""HAS_SERVICE_WORKER"", ""USES_WEB_REQUEST"", ""USES_STORAGE_LOCAL"", ""WEBPACK_BUNDLED"", ""CONTAINS_EVAL"", ""MINIFIED_CODE""]",https://meetinone.com,TRUE,5.85427175,2,iikcdekihignkjbecpckckoidkmjbkoj,"{""webRequest"": 3, ""html_lines"": 20, ""storage_local"": 5, ""background_page"": 1, ""content_scripts"": 1, ""dangerous_permissions"": 0, ""host_permissions"": 0, ""crypto_patterns"": 1995, ""network_requests"": 0, ""extension_size"": 72, ""api_renames"": 3, ""manifest_changes"": 3, ""file_modifications"": 0, ""webRequest_to_dnr_migrations"": 0}",2026-05-21T14:06:24.959000,2026-05-21T14:06:24.959000,,could_not_test
report_1768660057488_ellccpkcncpogdfafgjejjnfkceedlcn,"VocaDict - Search Once, Remember Forever",,10136,no,FALSE,TRUE,TRUE,FALSE,,,FALSE,FALSE,"70,000",2.9,81,"Smart dictionary saves your new words with context and reminds you to learn everyday.

Highlight or right-click on a section of text and click on Translate icon next to it to translate it to your language. Or click the VocaDict icon on the browser toolbar to search for meaning.

When opening a new tab or visiting VocaDict site, you can take a quick quiz with old words, it helps you remember the word's meaning for the long term.",2022-11-26,24232591,1.0.5,"[""MANIFEST_MIGRATED"", ""CSP_VALUE_MODIFIED"", ""BRIDGE_INJECTED"", ""HAS_BROWSER_POPUP"", ""HAS_BACKGROUND_PAGE"", ""HAS_CONTENT_SCRIPTS"", ""HAS_SERVICE_WORKER"", ""NEW_TAB_OVERRIDE"", ""USES_STORAGE_LOCAL"", ""WEBPACK_BUNDLED"", ""CONTAINS_EVAL"", ""MINIFIED_CODE""]",,TRUE,24.686965709,5,cbdadgfefpgaiiefilhjlbgnjhkffhmo,"{""webRequest"": 0, ""html_lines"": 173, ""storage_local"": 8, ""background_page"": 1, ""content_scripts"": 1, ""dangerous_permissions"": 0, ""host_permissions"": 0, ""crypto_patterns"": 1852, ""network_requests"": 60, ""extension_size"": 614, ""api_renames"": 3, ""manifest_changes"": 3, ""file_modifications"": 0, ""webRequest_to_dnr_migrations"": 0}",2026-05-21T14:07:04.088000,2026-05-21T14:07:04.088000,,no
report_1768659263052_jpgcjkmidbpmegfpnckhcbdmbmhobnjg,PlayGround,Cant eval js,10035,no,FALSE,TRUE,TRUE,,,,FALSE,FALSE,,,,Replace your new tab with a simple jsFiddle-style code playground.,2016-11-21 00:00,5274337,0.0.1,"[""MANIFEST_MIGRATED"", ""CSP_VALUE_MODIFIED"", ""NEW_TAB_OVERRIDE"", ""CONTAINS_EVAL"", ""MINIFIED_CODE""]",,TRUE,46.71525125,,enobkmonaalllckgcjlpcmjeoihgjfne,"{""webRequest"": 0, ""html_lines"": 32917, ""storage_local"": 0, ""background_page"": 0, ""content_scripts"": 0, ""dangerous_permissions"": 0, ""host_permissions"": 0, ""crypto_patterns"": 313, ""network_requests"": 47, ""extension_size"": 122, ""api_renames"": 1, ""manifest_changes"": 3, ""file_modifications"": 0, ""webRequest_to_dnr_migrations"": 0}",2026-05-21T14:07:55.728000,2026-05-21T14:07:55.728000,,yes
report_1768654317681_nabmnggkfkaejlalimicclbhgclafkni,CanJS DevTools,,9861,could_not_test,FALSE,TRUE,TRUE,TRUE,,,FALSE,FALSE,,,,"DevTools Extension for CanJS

CanJS DevTools gives you powerful tools for developing applications with CanJS.

The extension allows you to view and edit your ViewModels, visualize dependency graphs for elements and ViewModels in your application, and debug changes to your observables using the CanJS queues system.",2020-01-29 00:00,17364418,0.0.42,"[""MANIFEST_MIGRATED"", ""CSP_VALUE_MODIFIED"", ""API_RENAMES_APPLIED"", ""BRIDGE_INJECTED"", ""HAS_BROWSER_POPUP"", ""HAS_BACKGROUND_PAGE"", ""HAS_CONTENT_SCRIPTS"", ""HAS_SERVICE_WORKER"", ""HAS_HOST_PERMISSIONS"", ""USES_STORAGE_LOCAL"", ""WEBPACK_BUNDLED"", ""CONTAINS_EVAL"", ""MINIFIED_CODE""]",,TRUE,38.249653834,2,lokeeijgkleggipidkdfkflopoolaenn,"{""webRequest"": 0, ""html_lines"": 21328, ""storage_local"": 2, ""background_page"": 1, ""content_scripts"": 1, ""dangerous_permissions"": 0, ""host_permissions"": 3, ""crypto_patterns"": 707, ""network_requests"": 187, ""extension_size"": 540, ""api_renames"": 3, ""manifest_changes"": 3, ""file_modifications"": 1, ""webRequest_to_dnr_migrations"": 0}",2026-05-21T14:09:17.453000,2026-05-21T14:09:17.453000,,could_not_test
report_1768655863583_bhbokemlpmdlelkjliimdldfpamnedlj,Appian Dev Tools,,9834,no,FALSE,TRUE,TRUE,FALSE,,,FALSE,FALSE,17,,,"A collection of enhancements for Appian developers.

Current features include:
- NEW - Save time making constants with the Constant Generator Tool. Quickly create Text and Number constants in with a CSV upload
- NEW - Added a setting to enable variable formatting when looking at process instances
- Changes favicons for most Appian objects that have a dedicated designer
- Right-click to convert all underscored text input values to camelCased. Useful for quickly setting up CDTs from existing DB tables
- Expression editor text sizing to allow for more code to be visible in the editor at once

Extension works on localhost, appiancorp.com, appian.com, appiancloud.com and appianci.net environments. Look for the little red Appian designer icon in your loaded extensions list.

Future enhancement ideas include:
- Favicons for objects without designer windows (Users, Groups, Folders, etc.)
- Environment specific favicons
- Additional visual indicators for designer tabs that have unsaved changes or are read only
- Additional expression editor themes
- Autosave capabilities
- Additional in-editor documentation and recipes for built-in Appian functions and user defined rules",2019-12-22,8430551,0.0.7,"[""MANIFEST_MIGRATED"", ""CSP_VALUE_MODIFIED"", ""BRIDGE_INJECTED"", ""OFFSCREEN_DOCUMENT_ADDED"", ""HAS_BROWSER_POPUP"", ""HAS_BACKGROUND_PAGE"", ""HAS_CONTENT_SCRIPTS"", ""HAS_SERVICE_WORKER"", ""HAS_HOST_PERMISSIONS"", ""USES_STORAGE_LOCAL"", ""USES_TABS_API"", ""WEBPACK_BUNDLED"", ""CONTAINS_EVAL"", ""MINIFIED_CODE""]",,TRUE,12.779419208,5,pgeebkoooblfhhckkccbccmefkaapfik,"{""webRequest"": 0, ""html_lines"": 144, ""storage_local"": 8, ""background_page"": 1, ""content_scripts"": 1, ""dangerous_permissions"": 1, ""host_permissions"": 3, ""crypto_patterns"": 1870, ""network_requests"": 5, ""extension_size"": 327, ""api_renames"": 3, ""manifest_changes"": 3, ""file_modifications"": 0, ""webRequest_to_dnr_migrations"": 0}",2026-05-21T14:09:37.233000,2026-05-21T14:09:37.233000,,no
report_1768648042209_dfabnoahjnbkpfpadnngfiamnmombjmc,Double Trans,,9659,no,FALSE,TRUE,TRUE,,,,FALSE,TRUE,13,5.0,12,"Tłumacz angielsko-polski

By przetłumaczyć słowo, wystarczy kliknąć na nie dwa razy.
W dolnej części przeglądarki pojawi się jego tłumaczenie.",2014-02-23,518144,1.1.4,"[""MANIFEST_MIGRATED"", ""API_RENAMES_APPLIED"", ""HAS_CONTENT_SCRIPTS""]",,TRUE,25.769645417,,edfflpconbnjmnejkmeddehoeccenmic,"{""webRequest"": 0, ""html_lines"": 38409, ""storage_local"": 0, ""background_page"": 0, ""content_scripts"": 1, ""dangerous_permissions"": 0, ""host_permissions"": 0, ""crypto_patterns"": 0, ""network_requests"": 1, ""extension_size"": 26, ""api_renames"": 1, ""manifest_changes"": 3, ""file_modifications"": 0, ""webRequest_to_dnr_migrations"": 0}",2026-05-21T14:10:05.021000,2026-05-21T14:10:05.021000,,no
report_1768661273407_bbngmchfignilolhmmpjdilkdelmjeej,ezDeFi,,9567,no,FALSE,TRUE,TRUE,FALSE,,,FALSE,FALSE,,,,"A Blockchain Wallet in your Browser

EzDeFi is an extension for accessing smart-contract enabled distributed applications, or ""Dapps"" in your browser! EzDeFi also lets user manage their own keys and addresses, receive and send over 50+ assets on multiple blockchains.

Because it adds functionality to the normal browser context, ezDeFi requires the permission to read and write to the webpage user has specifically allowed. You can always ""view the source"" of ezDefi the way you do any Chrome extension, or view the source code on Github.

Currently supported assets:
+ Bitcoin family (BTC, LTC, etc.)
+ Ethereum family (ETH, ERC20, ZD, etc.)
+ Tron family (TRX, TRC20, etc.)
+ Binance Smart Chain
+ Solana
...and more to come!

Currently supported contract protocols:
+ Ethereum Web3
+ TronWeb
+ Solana
+ Binance Smart Contract
+ EzDeFi Smart Contract
...and more to come!

Due to the long process of publishing extension over Chrome Web Store, the version from the store usually limited in features and slightly outdated. Experienced users and developers are recommended to manually install the package from our website or build the package from the source to access the latest version.",2022-03-07,11932794,0.10.1.11,"[""MANIFEST_MIGRATED"", ""CSP_VALUE_MODIFIED"", ""BRIDGE_INJECTED"", ""OFFSCREEN_DOCUMENT_ADDED"", ""HAS_BROWSER_POPUP"", ""HAS_BACKGROUND_PAGE"", ""HAS_CONTENT_SCRIPTS"", ""HAS_SERVICE_WORKER"", ""USES_WEB_REQUEST"", ""USES_STORAGE_LOCAL"", ""WEBPACK_BUNDLED"", ""CONTAINS_EVAL"", ""MINIFIED_CODE""]",https://lz.finance,TRUE,10.239783333,3,mcmeaebmnjcpdligmemdlmofjagojedp,"{""webRequest"": 3, ""html_lines"": 13, ""storage_local"": 9, ""background_page"": 1, ""content_scripts"": 1, ""dangerous_permissions"": 0, ""host_permissions"": 0, ""crypto_patterns"": 1587, ""network_requests"": 488, ""extension_size"": 534, ""api_renames"": 3, ""manifest_changes"": 3, ""file_modifications"": 0, ""webRequest_to_dnr_migrations"": 0}",2026-05-21T14:10:24.287000,2026-05-21T14:10:24.287000,,no
report_1768660891925_hcmepffgbbenebplmolgcppogkkkfnma,Platar,,9549,could_not_test,TRUE,TRUE,TRUE,,,,FALSE,FALSE,2,,,"Investigative Consumerism: Vote with your wallet. Buy ethically. Influence companies to make positive changes.

Users, shop according to YOUR ethics. Platar's browser extension alerts you when you are viewing unethical products, per the campaigns you follow. It recommends ethical alternatives and provides further opportunities to petition companies to change—if you want to take that extra step.

Advocacy groups, keep subscribers up to date with companies you boycott and other news, and reach new supporters. Gauge effectiveness of your campaigns through analytics.

Learn more at getplatar.com",2019-04-17,12457082,0.21,"[""MANIFEST_MIGRATED"", ""CSP_VALUE_MODIFIED"", ""API_RENAMES_APPLIED"", ""BRIDGE_INJECTED"", ""HAS_BROWSER_POPUP"", ""HAS_BACKGROUND_PAGE"", ""HAS_CONTENT_SCRIPTS"", ""HAS_SERVICE_WORKER"", ""HAS_HOST_PERMISSIONS"", ""WEBPACK_BUNDLED"", ""CONTAINS_EVAL"", ""MINIFIED_CODE""]",,TRUE,15.788099375,3,kfoleapoalboppohojocieohemdhajpn,"{""webRequest"": 0, ""html_lines"": 15, ""storage_local"": 0, ""background_page"": 1, ""content_scripts"": 1, ""dangerous_permissions"": 0, ""host_permissions"": 2, ""crypto_patterns"": 1783, ""network_requests"": 30, ""extension_size"": 503, ""api_renames"": 3, ""manifest_changes"": 3, ""file_modifications"": 1, ""webRequest_to_dnr_migrations"": 0}",2026-05-21T14:10:49.753000,2026-05-21T14:10:49.753000,,could_not_test
report_1768660690224_pfmiclpcbjkifkemapjeljlgcnomjmfa,LeetHub,regarding diff: mv3 does not show login buttons → broken,9484,no,TRUE,TRUE,TRUE,FALSE,,,FALSE,FALSE,,,,"Automatically integrate your Leetcode & GeeksforGeeks submissions to GitHub

What is LeetHub?
A chrome extension that automatically pushes your code to GitHub when you pass all tests on a Leetcode problem. LeetHub has been used over 30 million times by over 30K developers worldwide (accurate as of Oct. 2022)!

Why LeetHub?
1. Recruiters *want* to see your contributions to the Open Source community, be it through side projects, solving algorithms/data-structures, or contributing to existing OS projects. 
As of now, GitHub is developers' #1 portfolio. LeetHub just makes it much easier (autonomous) to keep track of progress and contributions on the largest network of engineering community, GitHub.
2. There's no easy way of accessing your leetcode problems in one place! 
Moreover, pushing code manually to GitHub from Leetcode is very time consuming. So, why not just automate it entirely without spending a SINGLE additional second on it?

How does LeetHub work?
After installing the extension and launching LeetHub, it's as simple as:
1. Click on ""authorize with GitHub"" button to automatically set up your account with LeetHub.
2. Setup an existing/new repository with LeetHub (private by default) by clicking ""Get Started"" button.
3. And that's it 🎉 ...begin Leetcoding! To view your progress, simply click on the LeetHub icon!

BONUS: Star LeetHub on GitHub for further development of features @ https://github.com/QasimWani/LeetHub


Why did I build LeetHub?
The coding interview is arguably the most important part of your interview process, given you get the interview first. As someone who's received multiple internship offers from Fortune 100 companies, getting the interview in the first place is not easy!
And that's what LeetHub is supposed to do: indirectly improving your coding skills while improving your portfolio to ACE that FAANG interview!


Let's see you ACE that coding interview!


UPDATES:

** Oct. 10 **
- gfg UI update fix
- Adding title number padding. 

** Jan. 3 **
Adding ""Basic"" and ""School"" difficulty for geekforkgeeks. Enhancing Leetcode explore cards UX.

** Dec. 31 **
Adding geeksforgeeks integration. Constant polling to no longer require reloading leetcode for automatic submissions. Progress bar. For more updates, see: https://github.com/QasimWani/LeetHub/pull/172

** Feb. 25 **
Improved code submission performance for faster sync commits.

** Feb. 9 **
Bug fix: Switched to LocalStorage for unlimited storage.

** Jan. 26 **
Bug fix: Can now commit infinite number of lines.

** Dec. 17 **
Bug fix: Update on previous submissions syncs with git

** Dec. 10 **
Adding performance stats on commit. 
Bug fix - ""unknown-problem""
Bug fix - counter update
Improved performance for faster browsing and reduced commit times! 
** Dec. 3 **
Adding problem difficulty features.
PC bug fix after recommits.

** Dec. 2 **
Unlink & link again github hooks. 
Minor bug fixes with problem counters.
Enhanced the LeetHub experience so you don't have to worry about your commits!

** Nov. 30 **
Adding folders to your leetcode problems with readme files for each problem.",2022-10-10,23519559,1.1.2,"[""MANIFEST_MIGRATED"", ""CSP_VALUE_MODIFIED"", ""API_RENAMES_APPLIED"", ""BRIDGE_INJECTED"", ""OFFSCREEN_DOCUMENT_ADDED"", ""HAS_BROWSER_POPUP"", ""HAS_BACKGROUND_PAGE"", ""HAS_CONTENT_SCRIPTS"", ""HAS_SERVICE_WORKER"", ""HAS_HOST_PERMISSIONS"", ""USES_STORAGE_LOCAL"", ""USES_TABS_API"", ""WEBPACK_BUNDLED"", ""CONTAINS_EVAL"", ""MINIFIED_CODE""]",,TRUE,16.312742916,2,gdgegpnkjddbcohnegdddhldaeodocaj,"{""webRequest"": 0, ""html_lines"": 19882, ""storage_local"": 37, ""background_page"": 1, ""content_scripts"": 1, ""dangerous_permissions"": 1, ""host_permissions"": 4, ""crypto_patterns"": 709, ""network_requests"": 59, ""extension_size"": 591, ""api_renames"": 3, ""manifest_changes"": 3, ""file_modifications"": 0, ""webRequest_to_dnr_migrations"": 0}",2026-05-21T14:11:22.142000,2026-05-21T14:11:22.142000,,could_not_test
report_1768659284852_lklmlnfoegfgohndepeaddddeooianod,Weibo Photo Eraser,,9309,could_not_test,FALSE,TRUE,FALSE,TRUE,,,FALSE,FALSE,,,,,2022-02-25,2023751,1.0.4,"[""MANIFEST_MIGRATED"", ""CSP_VALUE_MODIFIED"", ""API_RENAMES_APPLIED"", ""BRIDGE_INJECTED"", ""HAS_BROWSER_POPUP"", ""HAS_CONTENT_SCRIPTS"", ""USES_TABS_API"", ""CONTAINS_EVAL"", ""MINIFIED_CODE""]",,TRUE,20.704234625,2,odadhnmcileiicgebapaoignoeggpccb,"{""webRequest"": 0, ""html_lines"": 35622, ""storage_local"": 0, ""background_page"": 0, ""content_scripts"": 1, ""dangerous_permissions"": 2, ""host_permissions"": 0, ""crypto_patterns"": 48, ""network_requests"": 24, ""extension_size"": 80, ""api_renames"": 1, ""manifest_changes"": 3, ""file_modifications"": 0, ""webRequest_to_dnr_migrations"": 0}",2026-05-21T14:11:47.136000,2026-05-21T14:11:47.136000,,could_not_test
report_1768655159926_ededhhcknlpomfmcoibofbjflechmpmi,Watchspot Chrome,,9309,could_not_test,FALSE,TRUE,FALSE,TRUE,TRUE,,FALSE,FALSE,,,,"Connect with your friends and surf the internet together. Watch videos from youtube and other platforms together with friends in…

Connect with your friends and surf the internet together. Watch videos from youtube and other platforms together with friends in sync. The extension allows users to create simple chat rooms and surf the internet together.",2022-02-25 00:00,2023751,1.2,"[""MANIFEST_MIGRATED"", ""CSP_VALUE_MODIFIED"", ""API_RENAMES_APPLIED"", ""BRIDGE_INJECTED"", ""HAS_BROWSER_POPUP"", ""HAS_CONTENT_SCRIPTS"", ""USES_TABS_API"", ""CONTAINS_EVAL"", ""MINIFIED_CODE""]",,TRUE,6.396763333,2,jfpffimkffkiffdaonmanonhedlkfenf,"{""webRequest"": 0, ""html_lines"": 35622, ""storage_local"": 0, ""background_page"": 0, ""content_scripts"": 1, ""dangerous_permissions"": 2, ""host_permissions"": 0, ""crypto_patterns"": 48, ""network_requests"": 24, ""extension_size"": 80, ""api_renames"": 1, ""manifest_changes"": 3, ""file_modifications"": 0, ""webRequest_to_dnr_migrations"": 0}",2026-05-21T14:12:01.086000,2026-05-21T14:12:01.086000,,could_not_test
report_1768655552638_jfkpbpamjphcknbhopogenlabidahcip,June,,9132,yes,FALSE,TRUE,TRUE,TRUE,,,FALSE,FALSE,,,,"A simple batch file downloader for the web

Ever wish you could download all images or videos you see on a webpage like Imgur or Tumblr at the click of a button? 🤔

It's simple and easy with June!

⁎ Toggle the file types you desire in the settings menu
⁎ Hit the pink download button
⁎ Wait for all matching files to be downloaded in a single folder for you to keep offline

June provides a clean and modern interface designed to help you save time!",2020-11-25 00:00,1499463,1.0,"[""MANIFEST_MIGRATED"", ""API_RENAMES_APPLIED"", ""BRIDGE_INJECTED"", ""HAS_BROWSER_POPUP"", ""HAS_CONTENT_SCRIPTS"", ""HAS_HOST_PERMISSIONS"", ""MINIFIED_CODE""]",,TRUE,34.809756917,2,eihjingefkckjcdlmjidkefbcbbofdhf,"{""webRequest"": 0, ""html_lines"": 36171, ""storage_local"": 0, ""background_page"": 0, ""content_scripts"": 1, ""dangerous_permissions"": 0, ""host_permissions"": 2, ""crypto_patterns"": 0, ""network_requests"": 8, ""extension_size"": 38, ""api_renames"": 1, ""manifest_changes"": 3, ""file_modifications"": 0, ""webRequest_to_dnr_migrations"": 0}",2026-05-21T14:12:38.844000,2026-05-21T14:12:38.844000,,yes
report_1768655531936_giadkdabdbdhmahngheccinffjjfoiik,In The Zone - Productive Club,,9093,no,FALSE,TRUE,FALSE,,,,FALSE,FALSE,,,,"Build Productive Habits - Make Every Day Super Productive

An application that helps you cultivate productive habits. Using this app will help you focus better and reduce distractions from your browser. Make the best use of your time.

⦿ Avoid Distractions
⦿ Prioritize the right tasks
⦿ Waste no time on unproductive activities
⦿ Have a Super Productive Day Everyday

In The Zone will help you focus on the tasks that matter. It includes features such as daily tasks to focus, distraction blocker, customizable pomodoro timer, chrome tab control and a pattern to make every single day productive. 

⚡Benefits of Focus

In The Zone Helps You Focus
⦿ Helps you set a timer for a task to avoid procrastination
⦿ Helps you manage your time effectively
⦿ Helps you maintain deep work

In The Zone Helps You Prioritize
⦿ Helps you spend time on the tasks that matter
⦿ Helps you prioritize when you too many tasks to do
⦿ Helps you align effort towards your long term goals

In The Zone Helps You Controls Distractions
⦿ Provides a distraction blocker to reduce usage of non productive websites
⦿ Helps you limit the number of browser tabs open to control multitasking

In The Zone Helps You Make Every Day Super Productive
⦿ Encourages you to start and end the day with 5 min of meditation
⦿ Encourages you to improve your skills everyday
⦿ Encourages you to reflect on your achievements and mistakes everyday

🌟 Features of In The Zone
Focus works differently than your usual chrome extension. It works even every single tab you open on Chrome and helps you increase your productivity.

Daily Tasks To Focus On
⦿ Helps you prioritize the right tasks for the day
⦿ Starts with an empty slate each day
⦿ Allows setting a Pomodoro Timer for a task if required

Pomodoro Timer
⦿ A countdown clock to set time for each task
⦿ Allows break times as per Pomodoro Technique
⦿ A beep alert notification at the end of the countdown
⦿ A wide range of time slots to set

Distraction Blocker
⦿ Block social media and any other site of your choice which harms your productivity
⦿ Allows multiple time slots settings
⦿ Allows Snooze for emergency use

Browser Tab Control
⦿ Allows you to set a personal limit on the number of browser tabs open(For example - 10)
⦿ When you open more browser tabs than the limit, a notification will pop up on the right top indicating that you’re above the limit
⦿ Shows you the list of all current open tabs and allows you to close/switch to the required tab",2022-02-03 00:00,12698255,3.2.0,"[""MANIFEST_MIGRATED"", ""CSP_VALUE_MODIFIED"", ""API_RENAMES_APPLIED"", ""BRIDGE_INJECTED"", ""OFFSCREEN_DOCUMENT_ADDED"", ""HAS_BROWSER_POPUP"", ""HAS_BACKGROUND_PAGE"", ""HAS_CONTENT_SCRIPTS"", ""HAS_SERVICE_WORKER"", ""NEW_TAB_OVERRIDE"", ""HAS_HOST_PERMISSIONS"", ""USES_STORAGE_LOCAL"", ""USES_TABS_API"", ""CONTAINS_EVAL"", ""MINIFIED_CODE""]",https://productiveclub.com,TRUE,25.213866792,12,pcglcincgpnlidilejlohhoecfbggopn,"{""webRequest"": 0, ""html_lines"": 18553, ""storage_local"": 685, ""background_page"": 1, ""content_scripts"": 1, ""dangerous_permissions"": 1, ""host_permissions"": 1, ""crypto_patterns"": 111, ""network_requests"": 104, ""extension_size"": 200, ""api_renames"": 3, ""manifest_changes"": 3, ""file_modifications"": 1, ""webRequest_to_dnr_migrations"": 0}",2026-05-21T14:13:11.516000,2026-05-21T14:13:11.516000,,no
report_1768659660843_cgpopilahkkaonoibdgcpaehcflnkklj,name,,9031,yes,FALSE,TRUE,TRUE,TRUE,,,FALSE,FALSE,11,5.0,2,"Usefull tools around your work with TYPO3. Presented by VisionConnect

Based on our first ""Add-on"" experience with ""TYPO3 Backend"" we had the idea to add more comfort to the every day work with TYPO3 and Chrome.

So we added some desired moduls and called it ""TYPO3 Workbench"".

So these modules are:

1. TYPO3 Backend
We integrated the TYPO3 Backend function into the new TYPO3 Workbench.

2. References
Because of the HTML availability of the two most important references (TSREF and TSConfig) we added them to the TYPO3 Workbench. Here you can use the index or the integrated search to find help. You can copy th desired part and past it into your template.

3. Find extension
Just add you search criteria and it will be send to the Extension Repository on TYPO3.org.

4. Search Forums
Tired of using google for your search at any TYPO3 problem? Just use the forum search in TYPO3 Workbench. You can customize in wich forums you want to search. And if you find a forum thats missing just send the url to us (use the form below!) and we'll might add it with the next release.",2023-04-21,7119831,1.7.1,"[""MANIFEST_MIGRATED"", ""OFFSCREEN_DOCUMENT_ADDED"", ""HAS_BROWSER_POPUP"", ""HAS_BACKGROUND_PAGE"", ""HAS_CONTENT_SCRIPTS"", ""HAS_SERVICE_WORKER"", ""HAS_HOST_PERMISSIONS"", ""USES_TABS_API"", ""MINIFIED_CODE""]",,TRUE,13.502731708,5,ofoaklobkijcpfchnpmamnkodekhpgla,"{""webRequest"": 0, ""html_lines"": 35188, ""storage_local"": 0, ""background_page"": 1, ""content_scripts"": 1, ""dangerous_permissions"": 2, ""host_permissions"": 2, ""crypto_patterns"": 0, ""network_requests"": 3, ""extension_size"": 157, ""api_renames"": 3, ""manifest_changes"": 3, ""file_modifications"": 0, ""webRequest_to_dnr_migrations"": 0}",2026-05-21T14:13:29.887000,2026-05-21T14:13:29.887000,,yes
report_1768652567208_kchdldhgeonfkhiciedkhildobpfhnlc,DeepAli - DeepLink Generator for AliExpress™,,8924,no,FALSE,FALSE,TRUE,,,,FALSE,FALSE,"7,000",3.3,7,"Deep Link URL Generator for Aliexpress™ Affliliates

Generate Deep Link URLs directly from product page.",2020-05-26,1667235,1.0.9,"[""MANIFEST_MIGRATED"", ""CSP_VALUE_MODIFIED"", ""API_RENAMES_APPLIED"", ""BRIDGE_INJECTED"", ""HAS_BROWSER_POPUP"", ""HAS_BACKGROUND_PAGE"", ""HAS_SERVICE_WORKER"", ""HAS_HOST_PERMISSIONS"", ""USES_TABS_API"", ""MINIFIED_CODE""]",,TRUE,3.886930791,5,jfpmipfmnoleakbnehmhhoefgofjilba,"{""webRequest"": 0, ""html_lines"": 35049, ""storage_local"": 0, ""background_page"": 1, ""content_scripts"": 0, ""dangerous_permissions"": 1, ""host_permissions"": 1, ""crypto_patterns"": 7, ""network_requests"": 11, ""extension_size"": 42, ""api_renames"": 3, ""manifest_changes"": 3, ""file_modifications"": 1, ""webRequest_to_dnr_migrations"": 0}",2026-05-21T14:13:42.402000,2026-05-21T14:13:42.402000,,could_not_test
report_1768656605470_fhockinabfenfekfoaghjojheocbnegl,Teyz+,,8924,yes,FALSE,FALSE,TRUE,,,TRUE,TRUE,TRUE,4,5.0,4,,2020-05-26,1667235,2.0,"[""MANIFEST_MIGRATED"", ""CSP_VALUE_MODIFIED"", ""API_RENAMES_APPLIED"", ""BRIDGE_INJECTED"", ""HAS_BROWSER_POPUP"", ""HAS_BACKGROUND_PAGE"", ""HAS_SERVICE_WORKER"", ""HAS_HOST_PERMISSIONS"", ""USES_TABS_API"", ""MINIFIED_CODE""]",,TRUE,4.058936417,5,fddcbbjillbfianjobjopaanlbbeclec,"{""webRequest"": 0, ""html_lines"": 35049, ""storage_local"": 0, ""background_page"": 1, ""content_scripts"": 0, ""dangerous_permissions"": 1, ""host_permissions"": 1, ""crypto_patterns"": 7, ""network_requests"": 11, ""extension_size"": 42, ""api_renames"": 3, ""manifest_changes"": 3, ""file_modifications"": 1, ""webRequest_to_dnr_migrations"": 0}",2026-05-21T14:13:52.816000,2026-05-21T14:13:52.816000,,yes
report_1768661051004_pfgdcebeaipgdhmihejolhllmnpclblo,Gist User Script Manager,,8692,no,FALSE,TRUE,FALSE,,,TRUE,FALSE,TRUE,8,5.0,3,"User script manager which based on github gists

An additional DevTool panel which list all your gists.
It is really pleasing, if you want to experiment with a page and with your stored gists.

License info:
Icons:
All Icons sourced from Font-awesome.
Modification: The icon from this app are 2 merged icons (flask & terminal)
License: CC BY 4.0
Licence link: https://fontawesome.com/license
Source link: https://fontawesome.com/icons?d=gallery

Github Repo: 
https://github.com/ste-xx/gist-userscript-manager",2020-11-23,5400166,0.0.2.0,"[""MANIFEST_MIGRATED"", ""CSP_VALUE_MODIFIED"", ""BRIDGE_INJECTED"", ""HAS_HOST_PERMISSIONS"", ""USES_STORAGE_LOCAL"", ""WEBPACK_BUNDLED"", ""CONTAINS_EVAL"", ""MINIFIED_CODE""]",,TRUE,38.681334459,,ihdanbaefbkjdfpkoaeghlhlojepjjgk,"{""webRequest"": 0, ""html_lines"": 23, ""storage_local"": 5, ""background_page"": 0, ""content_scripts"": 0, ""dangerous_permissions"": 0, ""host_permissions"": 2, ""crypto_patterns"": 1603, ""network_requests"": 147, ""extension_size"": 321, ""api_renames"": 1, ""manifest_changes"": 3, ""file_modifications"": 0, ""webRequest_to_dnr_migrations"": 0}",2026-05-21T14:14:38.304000,2026-05-21T14:14:38.304000,,could_not_test
report_1768667393068_gbjfpfighhajgdbokjkkfjinhkigegge,Covfefe,,8621,no,TRUE,TRUE,TRUE,FALSE,,,FALSE,FALSE,58,1.0,1,"Edit your tweets, finally.

Edit any of your old tweets by clicking Edit.

🚨 Note: You will lose any favorites and retweets if you replace an old tweet with your edit! 🚨

Covfefe also delays your tweets for 15 seconds allowing you to undo and edit them before they're seen.

To get started, connect your Twitter account by clicking Covfefe in your toolbar.",2018-07-27,5693767,0.0.20,"[""MANIFEST_MIGRATED"", ""CSP_VALUE_MODIFIED"", ""BRIDGE_INJECTED"", ""OFFSCREEN_DOCUMENT_ADDED"", ""HAS_BROWSER_POPUP"", ""HAS_BACKGROUND_PAGE"", ""HAS_CONTENT_SCRIPTS"", ""HAS_SERVICE_WORKER"", ""HAS_HOST_PERMISSIONS"", ""USES_WEB_REQUEST"", ""USES_STORAGE_LOCAL"", ""USES_TABS_API"", ""WEBPACK_BUNDLED"", ""CONTAINS_EVAL"", ""MINIFIED_CODE""]",https://blurt.app,TRUE,14.123351375,7,meomojfiombmjonneipeklinaikkokgh,"{""webRequest"": 2, ""html_lines"": 38, ""storage_local"": 8, ""background_page"": 1, ""content_scripts"": 1, ""dangerous_permissions"": 2, ""host_permissions"": 4, ""crypto_patterns"": 1644, ""network_requests"": 17, ""extension_size"": 230, ""api_renames"": 3, ""manifest_changes"": 3, ""file_modifications"": 0, ""webRequest_to_dnr_migrations"": 0}",2026-05-21T14:14:57.553000,2026-05-21T14:14:57.553000,,no
report_1768662793393_mhaegfonoooogkajknbhebfpekbkioap,Tlushim automation,,8583,could_not_test,TRUE,TRUE,TRUE,TRUE,,,FALSE,FALSE,"6,000",3.4,29,,,,1.1.2,"[""MANIFEST_MIGRATED"", ""BRIDGE_INJECTED"", ""HAS_BROWSER_POPUP"", ""HAS_BACKGROUND_PAGE"", ""HAS_SERVICE_WORKER"", ""HAS_HOST_PERMISSIONS"", ""USES_TABS_API"", ""CONTAINS_EVAL"", ""MINIFIED_CODE""]",,TRUE,11.742035292,1,nabmnggkfkaejlalimicclbhgclafkni,"{""webRequest"": 0, ""html_lines"": 22169, ""storage_local"": 0, ""background_page"": 1, ""content_scripts"": 0, ""dangerous_permissions"": 1, ""host_permissions"": 1, ""crypto_patterns"": 538, ""network_requests"": 66, ""extension_size"": 158, ""api_renames"": 3, ""manifest_changes"": 3, ""file_modifications"": 0, ""webRequest_to_dnr_migrations"": 0}",2026-05-21T14:15:13.902000,2026-05-21T14:15:13.902000,,could_not_test
report_1768664258946_oogalmjgghkpigjckfgapljppjbpnabd,smarterPod: Simple and Smart Podcast Player,,8406,no,FALSE,TRUE,TRUE,FALSE,,,FALSE,FALSE,,,,"Listen to podcasts in the background of Chrome! Sync content across computers, manage your feeds, save progress, get new episodes!

BETA VERSION FOR COURAGEOUS TESTERS! 
--

New in version 0.3, you can search on Apple's iTunes Podcast database for your favorite podcasts!

smarterPod is a Angular.js based Google Chrome extension for listening to podcasts in the background of your browser, with feed management capabilities, Chrome notifications on title change, metadata retrieval as well as Google Storage Sync capability for your partially listened episodes and current playlists, regardless of which computer you're on. smarterPod aims to be the most straightforward way to listen to podcasts in your browser without the need for extra tabs, heavy Flash player clients or external application. 

smarterPod updates your feeds and syncs every 15 minutes, ensuring that you have the most updated content and saved episodes on every computer you use at all times.

Right now, smarterPod is in Beta, with some awesome new features planned in the pipeline, including custom feed retrieval (download X episodes of this feed on every update). If there is something you would like to see, let us know! This is the first public version of this project and I hope to add new features, improve the application and work with it more over the coming months!

Also, there is currently a list of bugs on GitHub: https://github.com/smromain/smarterPod. If you encounter any bugs, please feel free to either submit on Github, through Chrome Web Store's User Feedback feature or via email (using my email address in the app). Thanks!

-- 

ON PERMISSIONS: Google says that the application requires 'permission to read data from all sites you visit'. This is not correct: smarterPod now requires permission to send requests for podcast feed data and receive data from those servers with podcast information.

ON SYNC: Google Sync MUST be enabled for smarterPod to work. This is a pretty easy process, and you can learn more about it here: https://support.google.com/chrome/answer/165139.",2017-11-28 00:00,11555307,0.3.0.2,"[""MANIFEST_MIGRATED"", ""CSP_VALUE_MODIFIED"", ""BRIDGE_INJECTED"", ""HAS_BROWSER_POPUP"", ""HAS_BACKGROUND_PAGE"", ""HAS_SERVICE_WORKER"", ""HAS_HOST_PERMISSIONS"", ""CONTAINS_EVAL"", ""MINIFIED_CODE""]",,TRUE,12.947200333,,abnlpgnoijoannioldehkdjfofbpnfad,"{""webRequest"": 0, ""html_lines"": 955, ""storage_local"": 0, ""background_page"": 1, ""content_scripts"": 0, ""dangerous_permissions"": 0, ""host_permissions"": 2, ""crypto_patterns"": 1504, ""network_requests"": 141, ""extension_size"": 304, ""api_renames"": 3, ""manifest_changes"": 3, ""file_modifications"": 0, ""webRequest_to_dnr_migrations"": 0}",2026-05-21T14:15:34.479000,2026-05-21T14:15:34.479000,,no
report_1768658654685_gaojhcekjhdbeibcjbobdnjabihchgcj,name,,8337,no,FALSE,FALSE,TRUE,TRUE,,,FALSE,FALSE,10,,,"A data wallet & gateway to web3 dApps.

## Introduction

❤️ Meteor data wallet is the gateway to web3 personal cloud, which aggregates your dApp interaction data (e.g. click/post/follow) in one place and allows you to monetize data values.

🌱 It is built upon Dataverse Kernel, supporting Sign-In-with-Ethereum and Object Capability. Now users can use it as identity authenticator for connecting self-sovereign dApps, controlling encryption keys over data files through decentralized key management and decentralized databases.

🧩 DM us on Twitter @OwnershipLabs",2024-02-27,17385390,0.5.52,"[""MANIFEST_MIGRATED"", ""CSP_VALUE_MODIFIED"", ""BRIDGE_INJECTED"", ""OFFSCREEN_DOCUMENT_ADDED"", ""HAS_BROWSER_POPUP"", ""HAS_BACKGROUND_PAGE"", ""HAS_CONTENT_SCRIPTS"", ""HAS_SERVICE_WORKER"", ""USES_WEB_REQUEST"", ""USES_STORAGE_LOCAL"", ""USES_TABS_API"", ""WEBPACK_BUNDLED"", ""CONTAINS_EVAL"", ""MINIFIED_CODE""]",https://dataverse-os.com,TRUE,5.163981083,12,ifinhiedefieainkbjjjcomcfnjceofd,"{""webRequest"": 1, ""html_lines"": 15, ""storage_local"": 5, ""background_page"": 1, ""content_scripts"": 1, ""dangerous_permissions"": 2, ""host_permissions"": 0, ""crypto_patterns"": 1297, ""network_requests"": 638, ""extension_size"": 477, ""api_renames"": 3, ""manifest_changes"": 3, ""file_modifications"": 0, ""webRequest_to_dnr_migrations"": 0}",2026-05-21T14:15:52.721000,2026-05-21T14:15:52.721000,,could_not_test
report_1768665055638_jojflaioaomeeogecgelledonfmohmlj,Audio Recorder,,8315,no,TRUE,TRUE,TRUE,FALSE,,,FALSE,FALSE,29,,,"Application

✔ Support Google Meet
✔ One Click Login with Google account
✔ Easy Screen Recorder for Chrome
✔ One Click Recording
✔ Screen capture whole or partial screenshots on any size of screen
✔ Live time English transcript
✔ Support Highlight Feature

Record & Transcribe meetings & calls directly from the browser
Record your meetings, transcribe, search, and share with one simple click

This Chrome extension let's you record & transcribe any meeting directly from the browser.

Start using it for free across dozens of video conferencing (Google Meet, Zoom), voice (Google Voice, Slack Calling) and virtual events platforms (Hopin, Airmeet)",2021-12-15,10307502,1.0,"[""MANIFEST_MIGRATED"", ""CSP_VALUE_MODIFIED"", ""API_RENAMES_APPLIED"", ""BRIDGE_INJECTED"", ""HAS_BROWSER_POPUP"", ""HAS_BACKGROUND_PAGE"", ""HAS_SERVICE_WORKER"", ""HAS_HOST_PERMISSIONS"", ""USES_STORAGE_LOCAL"", ""USES_TABS_API"", ""WEBPACK_BUNDLED"", ""CONTAINS_EVAL"", ""MINIFIED_CODE""]",,TRUE,24.196519084,6,bleldoicciehkibfgnpmelglegmmgcnj,"{""webRequest"": 0, ""html_lines"": 18308, ""storage_local"": 6, ""background_page"": 1, ""content_scripts"": 0, ""dangerous_permissions"": 2, ""host_permissions"": 1, ""crypto_patterns"": 601, ""network_requests"": 174, ""extension_size"": 285, ""api_renames"": 3, ""manifest_changes"": 3, ""file_modifications"": 3, ""webRequest_to_dnr_migrations"": 0}",2026-05-21T14:16:25.359000,2026-05-21T14:16:25.359000,,could_not_test
report_1768664365462_cbhoeiickknmgejogpbhpnimgimlpaln,CloudCall Unified Communications for CRM,,8133,could_not_test,TRUE,TRUE,TRUE,,,,FALSE,FALSE,17,,,"Make, record, categorize and replay calls directly in Google Chrome

NEW TO CLOUDCALL:

Sleek, New, Unified Interface

Provides a single point of access that allows you to call, text and send instant messages, streamlining your user experience.

CloudCall: Bringing Together IM and SMS with your CRM

Send SMS and instant messages and capture these conversations in the CRM contact record.

CloudCall brings together the many voices of your company’s communications by integrating Instant Messaging, SMS and Voice into a single interface. We are proud to have helped hundreds of businesses maximize their experience and CRM capabilities.

Be more efficient with single click-to-dial from your CRM or expand your reach by expediting outbound calling activities with the power dialer

* Capture all interactions by sending text messages within your CRM and easily search by keywords. Ensures that records are complete and that project handoffs are seamless.

* Drive instant collaboration with instant messages to colleagues or teams. Toggle with one click to begin saving pertinent details to candidate, job and contact records.

* Capture best practices by monitoring or joining calls in real-time to provide guidance. Share recordings of successful calls and best practices, for more effective onboarding, training, and employee retention.

* Personalize the caller’s experience with inbound screen notifications, which open the caller’s record so that you’re aware of the caller and their experience with your business.

* Easily capture all interactions. With each conversation, details are automatically saved in your CRM. Access call recordings and messages directly from the contact's record.

* Access valuable business insights by creating and analyzing real-time reports and dashboards around team’s activities.",2023-09-21,20940062,1.39.38,"[""MANIFEST_MIGRATED"", ""CSP_VALUE_MODIFIED"", ""BRIDGE_INJECTED"", ""HAS_BROWSER_POPUP"", ""HAS_BACKGROUND_PAGE"", ""HAS_CONTENT_SCRIPTS"", ""HAS_SERVICE_WORKER"", ""HAS_HOST_PERMISSIONS"", ""USES_TABS_API"", ""WEBPACK_BUNDLED"", ""CONTAINS_EVAL"", ""MINIFIED_CODE""]",https://www.cloudcall.com,TRUE,15.579577083,15,beknlgommgoagklgejjlpnhmpaihlgdg,"{""webRequest"": 0, ""html_lines"": 23, ""storage_local"": 0, ""background_page"": 1, ""content_scripts"": 1, ""dangerous_permissions"": 1, ""host_permissions"": 6, ""crypto_patterns"": 1361, ""network_requests"": 172, ""extension_size"": 898, ""api_renames"": 3, ""manifest_changes"": 3, ""file_modifications"": 0, ""webRequest_to_dnr_migrations"": 0}",2026-05-21T14:17:07.491000,2026-05-21T14:17:07.491000,,could_not_test
report_1768647059960_cboiihjkpoglonpcokofnogklldjanog,DC Metro Tracker,,8101,yes,FALSE,TRUE,TRUE,TRUE,,,TRUE,FALSE,6,,,,,,0.1,"[""MANIFEST_MIGRATED"", ""API_RENAMES_APPLIED"", ""BRIDGE_INJECTED"", ""HAS_BROWSER_POPUP"", ""HAS_BACKGROUND_PAGE"", ""HAS_SERVICE_WORKER"", ""HAS_HOST_PERMISSIONS"", ""USES_STORAGE_LOCAL"", ""CONTAINS_EVAL"", ""MINIFIED_CODE""]",,TRUE,25.914701667,3,fmhigajdbogngfaijmnpihcjjojkigjc,"{""webRequest"": 0, ""html_lines"": 27314, ""storage_local"": 2, ""background_page"": 1, ""content_scripts"": 0, ""dangerous_permissions"": 0, ""host_permissions"": 1, ""crypto_patterns"": 221, ""network_requests"": 27, ""extension_size"": 45, ""api_renames"": 3, ""manifest_changes"": 3, ""file_modifications"": 0, ""webRequest_to_dnr_migrations"": 0}",2026-05-21T14:17:36.719000,2026-05-21T14:17:36.719000,,yes
report_1768665188317_mbaodaohhdaolfbefcphmgbjcepnpgjm,Nicky,,7848,no,FALSE,TRUE,FALSE,TRUE,,TRUE,TRUE,TRUE,46,,,"A Chrome extension to instantly insert your available calendar times.

With Nicky you have your best available times at your finger tips. The extension syncs with your calendar and with one-click it will propose ideal meeting times for you. You can also type the shortcut ""/nicky"" to have your proposals inserted at your cursor.

Supports Google Calendar only.

This means the recipient no longer has to make the effort to look through your calendar to find a time that works, Nicky does that for you.

Planned feature releases:
- Improved UI
- Additional custom shortcuts such as ""/3d"" to get times in the next 3 days
- Improving the AI that finds the best time by learning from when you prefer to take calls and meetings
- Support for other calendars such as Outlook
- More customization for time proposals.",2020-09-16,5945425,0.0.13,"[""MANIFEST_MIGRATED"", ""CSP_VALUE_MODIFIED"", ""BRIDGE_INJECTED"", ""OFFSCREEN_DOCUMENT_ADDED"", ""HAS_BROWSER_POPUP"", ""HAS_BACKGROUND_PAGE"", ""HAS_CONTENT_SCRIPTS"", ""HAS_SERVICE_WORKER"", ""HAS_HOST_PERMISSIONS"", ""USES_TABS_API"", ""WEBPACK_BUNDLED"", ""CONTAINS_EVAL"", ""MINIFIED_CODE""]",https://nicky.app,TRUE,26.333994,5,kdlldkmdldhhichhafohldmgpicfnfcc,"{""webRequest"": 0, ""html_lines"": 44, ""storage_local"": 0, ""background_page"": 1, ""content_scripts"": 1, ""dangerous_permissions"": 2, ""host_permissions"": 1, ""crypto_patterns"": 1486, ""network_requests"": 39, ""extension_size"": 261, ""api_renames"": 3, ""manifest_changes"": 3, ""file_modifications"": 0, ""webRequest_to_dnr_migrations"": 0}",2026-05-21T14:18:21.055000,2026-05-21T14:18:21.055000,,could_not_test
report_1768666557227_hbmjjkgggopjikdehdgafddlklejkbke,name,,7804,no,FALSE,FALSE,TRUE,,,,FALSE,FALSE,203,4.0,5,"Mark students' exams through highlights and go!

Mark&Go is a chrome extension to help teachers while correcting digital exams using web annotations over Moodle. Mark&Go supports rubric-based assignment marking. Defining which ones are the criteria to be assessed, creates a color-coding highlighter to annotate, comment and grade students assignments over Moodle. It automatically populate marks in students' assignment page in Moodle and creates an easy consumable report with direct links to annotated excerpts in students exams, facilitating feedback comprehension of teachers' assignments.
Main features are:
- Color-code highlighter based on defined rubrics in Moodle 
- Supports PDF, plain-text files (.txt, .java, .xml) or other browser-compatible files (e.g.: .html) text annotation
- Supports comments and references to previous assignments
- Automatically transcripts comments and marks from annotated students documents to Moodle, making results ready to publish
- Allows students to make comments over annotated document, supporting remote and async discussion between students and 
- It is GDPR compliant, annotations are hosted anonymously over Hypothes.is (own server instance can be used) and only accessible by the teacher and corresponding student

Currently is under development, so any bug report or feedback will be appreciated. Feel free to open an issue in Github: https://github.com/haritzmedina/markandgo

Get started: https://github.com/haritzmedina/MarkAndGo/wiki

Privacy policy: https://onekin.org/?page_id=1110",2022-03-11,9258926,0.2.22,"[""MANIFEST_MIGRATED"", ""CSP_VALUE_MODIFIED"", ""BRIDGE_INJECTED"", ""OFFSCREEN_DOCUMENT_ADDED"", ""HAS_BROWSER_POPUP"", ""HAS_BACKGROUND_PAGE"", ""HAS_CONTENT_SCRIPTS"", ""HAS_SERVICE_WORKER"", ""HAS_HOST_PERMISSIONS"", ""USES_STORAGE_LOCAL"", ""USES_TABS_API"", ""WEBPACK_BUNDLED"", ""CONTAINS_EVAL"", ""MINIFIED_CODE""]",,TRUE,7.988893667,12,eockakolmhcbpimokdidgpjgemlhajib,"{""webRequest"": 0, ""html_lines"": 802, ""storage_local"": 5, ""background_page"": 1, ""content_scripts"": 1, ""dangerous_permissions"": 2, ""host_permissions"": 2, ""crypto_patterns"": 1377, ""network_requests"": 107, ""extension_size"": 408, ""api_renames"": 3, ""manifest_changes"": 3, ""file_modifications"": 0, ""webRequest_to_dnr_migrations"": 0}",2026-05-21T14:18:39.144000,2026-05-21T14:18:39.144000,,could_not_test
report_1768659014677_ecogijbkokfnojglblmffahehjkjlnfc,Chrome To Device,,7636,no,FALSE,TRUE,FALSE,TRUE,,,FALSE,FALSE,31,3.8,4,"Open current website on mobile device using QRCode

Chrome to Device

Simple extension to open your current tab on the mobile device.

Open the tab -> click the extension icon -> scan QRCode using any QRCode scanner on your device.

Enjoy!",2014-08-27,2579496,0.2,"[""MANIFEST_MIGRATED"", ""CSP_VALUE_MODIFIED"", ""API_RENAMES_APPLIED"", ""HAS_BROWSER_POPUP"", ""USES_TABS_API"", ""MINIFIED_CODE""]",,TRUE,38.715900917,,lhepcaejamkdnoljcjaakmihhmjjjkeh,"{""webRequest"": 0, ""html_lines"": 14800, ""storage_local"": 0, ""background_page"": 0, ""content_scripts"": 0, ""dangerous_permissions"": 1, ""host_permissions"": 0, ""crypto_patterns"": 707, ""network_requests"": 150, ""extension_size"": 73, ""api_renames"": 1, ""manifest_changes"": 3, ""file_modifications"": 0, ""webRequest_to_dnr_migrations"": 0}",2026-05-21T14:20:44.964000,2026-05-21T14:20:44.964000,,no
report_1768656366984_mkdeccahohlpfjbhmmaaijljjhmfmdfn,Salesforce Assistant,,7597,could_not_test,TRUE,TRUE,TRUE,TRUE,TRUE,,FALSE,FALSE,112,,,"Salesforce Admin and Dev Assistant who help to Quick Find,Login,Query,Backup,View LWC Code,Cron Expression,Record Edit-View,Exports

💻 Features : 
✔ Works with both Salesforce Lightning Experience and Salesforce Classic UI.
✔ Quick Login as your  Salesforce Users.
✔ Quick Source Code Backup with Lightning Components.
✔ Quick View Source Code of Aura and Lightning Web Components.
✔ Quick view/edit all fields of any record anywhere.
✔ Quick SOQL / SOSL query and view records of any object and can also export more than One Million records.
✔ You can quickly find out on which page and layout your lightning components are placed. (excluded community)
✔ One can see the field API name of any object on the layout.
✔ Can export Org Describe as a CSV.
✔ Cron Expression generator and converter.
✔ Checkbox on field level security (FLS) to select all fields.
✔ JSON 2 Apex model (wrapper) class converter.
✔ JSON, XML beautifier and validator.
✔ One-click login URL generator.
✔ Can change from 15 to 18 digit ID.
✔ Easily give Field Level Security (FLS) permissions on an object on more than one profile at the same time.
✔ Easily give Object Level Security permissions on an object on more than one profile and permission set at the same time.
✔ Quickly find the setup menu anywhere, shortcut key (Ctrl + Shift + Space).
✔ Easily get the apex classes row structure code in Developer Console.

📝 Notes:
* If installed for the first time, refresh the page before using.
* More coming soon...",2022-08-04,12540968,3.1,"[""MANIFEST_MIGRATED"", ""CSP_VALUE_MODIFIED"", ""API_RENAMES_APPLIED"", ""BRIDGE_INJECTED"", ""HAS_BROWSER_POPUP"", ""HAS_BACKGROUND_PAGE"", ""HAS_CONTENT_SCRIPTS"", ""HAS_SERVICE_WORKER"", ""HAS_HOST_PERMISSIONS"", ""USES_STORAGE_LOCAL"", ""USES_TABS_API"", ""CONTAINS_EVAL"", ""MINIFIED_CODE""]",,TRUE,17.761536042,5,pchalmfipapbcbncigfeemlhmgpiilal,"{""webRequest"": 0, ""html_lines"": 2123, ""storage_local"": 1, ""background_page"": 1, ""content_scripts"": 1, ""dangerous_permissions"": 4, ""host_permissions"": 4, ""crypto_patterns"": 1251, ""network_requests"": 197, ""extension_size"": 327, ""api_renames"": 3, ""manifest_changes"": 3, ""file_modifications"": 1, ""webRequest_to_dnr_migrations"": 0}",2026-05-21T14:21:11.383000,2026-05-21T14:21:11.383000,,could_not_test
report_1768659732667_gpkihnjhjfnnlklfokjfplnpdjjnmimh,TELUS Business Connect for Microsoft 365,,7562,no,TRUE,TRUE,FALSE,,,,FALSE,FALSE,,4.0,1,,,,22.2.32,"[""MANIFEST_MIGRATED"", ""CSP_VALUE_MODIFIED"", ""BRIDGE_INJECTED"", ""HAS_BROWSER_POPUP"", ""HAS_BACKGROUND_PAGE"", ""HAS_CONTENT_SCRIPTS"", ""HAS_SERVICE_WORKER"", ""HAS_HOST_PERMISSIONS"", ""USES_WEB_REQUEST"", ""USES_STORAGE_LOCAL"", ""USES_TABS_API"", ""WEBPACK_BUNDLED"", ""CONTAINS_EVAL"", ""MINIFIED_CODE""]",,TRUE,13.900973125,13,ededhhcknlpomfmcoibofbjflechmpmi,"{""webRequest"": 2, ""html_lines"": 102, ""storage_local"": 67, ""background_page"": 1, ""content_scripts"": 1, ""dangerous_permissions"": 1, ""host_permissions"": 2, ""crypto_patterns"": 1231, ""network_requests"": 33, ""extension_size"": 902, ""api_renames"": 3, ""manifest_changes"": 3, ""file_modifications"": 0, ""webRequest_to_dnr_migrations"": 0}",2026-05-21T14:22:02.329000,2026-05-21T14:22:02.329000,,could_not_test
report_1768654379619_abnlpgnoijoannioldehkdjfofbpnfad,Cat Solitaire,,7526,yes,FALSE,TRUE,TRUE,TRUE,,,FALSE,FALSE,"4,000",3.1,28,"Solitaire fun game with cats.

Quickly play solitaire game right from a browser button.  This amazing Cat themed solitaire game is fun and you don't have to leave your page to play it.",2017-12-13,2369781,1.0,"[""MANIFEST_MIGRATED"", ""HAS_BROWSER_POPUP"", ""CONTAINS_EVAL"", ""MINIFIED_CODE""]",https://zoodraw.com,TRUE,1059.185129125,,kbiaooppehklphpnjgjidkcnkoiakjjm,"{""webRequest"": 0, ""html_lines"": 26400, ""storage_local"": 0, ""background_page"": 0, ""content_scripts"": 0, ""dangerous_permissions"": 0, ""host_permissions"": 0, ""crypto_patterns"": 163, ""network_requests"": 22, ""extension_size"": 42, ""api_renames"": 1, ""manifest_changes"": 3, ""file_modifications"": 0, ""webRequest_to_dnr_migrations"": 0}",2026-05-21T14:39:45.064000,2026-05-21T14:39:45.064000,,yes
report_1768667054267_kndogbnknepldkbmpneockkakeedkibl,Nuke Your Tracks,,7512,no,FALSE,TRUE,FALSE,,TRUE,,FALSE,FALSE,"2,000",4.5,28,"Selectively delete your  history, cookies, browsing data, and more with one click of a button. Cover your tracks and browse in peace

Selectively delete your  history, cookies, browsing data, and more with one click of a button. Nuke Your Tracks helps you cover your tracks and browse in peace.",2014-03-17,2663383,1.4.5,"[""MANIFEST_MIGRATED"", ""API_RENAMES_APPLIED"", ""BRIDGE_INJECTED"", ""HAS_BROWSER_POPUP"", ""HAS_BACKGROUND_PAGE"", ""HAS_SERVICE_WORKER"", ""CONTAINS_EVAL"", ""MINIFIED_CODE""]",,TRUE,30.086021125,4,oipmhfjfahhabmkhmicdfnejhmdfbhal,"{""webRequest"": 0, ""html_lines"": 21888, ""storage_local"": 0, ""background_page"": 1, ""content_scripts"": 0, ""dangerous_permissions"": 0, ""host_permissions"": 0, ""crypto_patterns"": 362, ""network_requests"": 50, ""extension_size"": 73, ""api_renames"": 3, ""manifest_changes"": 3, ""file_modifications"": 1, ""webRequest_to_dnr_migrations"": 0}",2026-05-21T14:40:18.680000,2026-05-21T14:40:18.680000,,could_not_test
report_1768661027659_jifgdinlemmbjjabganbldnbfnkkidhf,Better Network Panel,,7496,no,FALSE,TRUE,TRUE,,,,FALSE,FALSE,,,,"Extends the Developer Tools, adding a new Network Panel in the Developer Tools window with better searching and response previews.

This extension is Open Source:
https://github.com/leothelocust/better-network-chrome-panel

Although it doesn't do everything the default Network panel does, it does way more regarding Searching/Filtering.  It doesn't only search the URL, it also searches every part of the request, including headers and post body.

Additionally, if a response is in JSON, and contains some stringified node in that response, this tool auto-parses that string. 

See the Changelog here:
https://leviolson.com/posts/bnp-changelog",2021-01-28,2243952,1.0.1,"[""MANIFEST_MIGRATED"", ""API_RENAMES_APPLIED"", ""BRIDGE_INJECTED"", ""HAS_BACKGROUND_PAGE"", ""HAS_SERVICE_WORKER"", ""WEBPACK_BUNDLED"", ""CONTAINS_EVAL"", ""MINIFIED_CODE""]",https://leviolson.com,TRUE,50.953121416,1,igoojenlmajfglpidhkimplbmcjlponi,"{""webRequest"": 0, ""html_lines"": 28006, ""storage_local"": 0, ""background_page"": 1, ""content_scripts"": 0, ""dangerous_permissions"": 0, ""host_permissions"": 0, ""crypto_patterns"": 68, ""network_requests"": 13, ""extension_size"": 71, ""api_renames"": 3, ""manifest_changes"": 3, ""file_modifications"": 1, ""webRequest_to_dnr_migrations"": 0}",2026-05-21T14:41:13.121000,2026-05-21T14:41:13.121000,,yes
report_1768665807541_bphgboebnopcgkbhjoahkgmdehanbpcm,command-t,,7464,no,FALSE,TRUE,TRUE,,,,FALSE,FALSE,451,4.0,4,"Search open tabs

command-t replaces your New Tab page with a list of all open tabs in that window. From here you can search across your tabs, close them, or press enter to jump to one. Click Copy Links to grab links to all tabs.

And it's open source. You can find the project at github.com/mattneary/command-t",2022-01-05,20573061,0.4.0,"[""MANIFEST_MIGRATED"", ""BRIDGE_INJECTED"", ""HAS_BACKGROUND_PAGE"", ""HAS_SERVICE_WORKER"", ""NEW_TAB_OVERRIDE"", ""USES_STORAGE_LOCAL"", ""USES_TABS_API"", ""WEBPACK_BUNDLED"", ""CONTAINS_EVAL"", ""MINIFIED_CODE""]",,TRUE,13.844354792,3,idojlgkdoohgidhpcjamhpdaofafiocj,"{""webRequest"": 0, ""html_lines"": 4672, ""storage_local"": 1, ""background_page"": 1, ""content_scripts"": 0, ""dangerous_permissions"": 1, ""host_permissions"": 0, ""crypto_patterns"": 1083, ""network_requests"": 128, ""extension_size"": 562, ""api_renames"": 3, ""manifest_changes"": 3, ""file_modifications"": 0, ""webRequest_to_dnr_migrations"": 0}",2026-05-21T14:41:48.156000,2026-05-21T14:41:48.156000,,yes
report_1768665519438_pmpcdmcbkgamnjlcoapkenfldelomnho,Teddy Quick,,7412,could_not_test,TRUE,TRUE,TRUE,TRUE,,,FALSE,FALSE,172,4.4,9,,,,5.0.0,"[""MANIFEST_MIGRATED"", ""CSP_VALUE_MODIFIED"", ""BRIDGE_INJECTED"", ""HAS_BROWSER_POPUP"", ""HAS_BACKGROUND_PAGE"", ""HAS_CONTENT_SCRIPTS"", ""HAS_SERVICE_WORKER"", ""WEBPACK_BUNDLED"", ""CONTAINS_EVAL"", ""MINIFIED_CODE""]",,TRUE,12.451011458,3,jfkpbpamjphcknbhopogenlabidahcip,"{""webRequest"": 0, ""html_lines"": 23298, ""storage_local"": 0, ""background_page"": 1, ""content_scripts"": 1, ""dangerous_permissions"": 0, ""host_permissions"": 0, ""crypto_patterns"": 241, ""network_requests"": 37, ""extension_size"": 249, ""api_renames"": 3, ""manifest_changes"": 3, ""file_modifications"": 0, ""webRequest_to_dnr_migrations"": 0}",2026-05-21T14:42:26.629000,2026-05-21T14:42:26.629000,,could_not_test
report_1768659521809_iebcnmngfmbgmjbikgjdoddhgjdpaehi,Teddy 360,,7412,could_not_test,TRUE,TRUE,TRUE,TRUE,,,FALSE,FALSE,,,,,,,5.0.0,"[""MANIFEST_MIGRATED"", ""CSP_VALUE_MODIFIED"", ""BRIDGE_INJECTED"", ""HAS_BROWSER_POPUP"", ""HAS_BACKGROUND_PAGE"", ""HAS_CONTENT_SCRIPTS"", ""HAS_SERVICE_WORKER"", ""WEBPACK_BUNDLED"", ""CONTAINS_EVAL"", ""MINIFIED_CODE""]",,TRUE,10.871369,3,giadkdabdbdhmahngheccinffjjfoiik,"{""webRequest"": 0, ""html_lines"": 23298, ""storage_local"": 0, ""background_page"": 1, ""content_scripts"": 1, ""dangerous_permissions"": 0, ""host_permissions"": 0, ""crypto_patterns"": 241, ""network_requests"": 37, ""extension_size"": 249, ""api_renames"": 3, ""manifest_changes"": 3, ""file_modifications"": 0, ""webRequest_to_dnr_migrations"": 0}",2026-05-21T14:42:51.716000,2026-05-21T14:42:51.716000,,could_not_test
report_1768665878147_akmajadhnpegionfeeacnhcmembgbdhk,name,,7390,no,FALSE,FALSE,TRUE,,,,FALSE,FALSE,17,5.0,5,"Annotate documents an create your conceptual map!

Concept&Go new version! It incorporates categories support and feedback provision for annotation-driven concept mapping.

The previous version can be downloaded here: https://github.com/onekin/ConceptAndGo

It requires permission to access Hypothes.is and CmapCloud.

A small manual: https://github.com/onekin/WacLine/wiki/User-manual-for-Concept&Go
If you have any doubts, don't hesitate to contact us via comments, github issues or email, we will be pleasured to help you!

Email: xabier.garmendiad@ehu.eus
Privacy policy: https://onekin.org/?page_id=10

Changelog:
https://github.com/onekin/WacLine/releases",2024-07-23,8954839,2.2.2,"[""MANIFEST_MIGRATED"", ""CSP_VALUE_MODIFIED"", ""BRIDGE_INJECTED"", ""OFFSCREEN_DOCUMENT_ADDED"", ""HAS_BROWSER_POPUP"", ""HAS_BACKGROUND_PAGE"", ""HAS_CONTENT_SCRIPTS"", ""HAS_SERVICE_WORKER"", ""HAS_HOST_PERMISSIONS"", ""USES_WEB_REQUEST"", ""USES_STORAGE_LOCAL"", ""USES_TABS_API"", ""WEBPACK_BUNDLED"", ""CONTAINS_EVAL"", ""MINIFIED_CODE""]",,TRUE,4.268567333,11,dkheaplknmplgdcaffadpicnbooojlob,"{""webRequest"": 5, ""html_lines"": 596, ""storage_local"": 9, ""background_page"": 1, ""content_scripts"": 1, ""dangerous_permissions"": 3, ""host_permissions"": 7, ""crypto_patterns"": 1291, ""network_requests"": 112, ""extension_size"": 403, ""api_renames"": 3, ""manifest_changes"": 3, ""file_modifications"": 0, ""webRequest_to_dnr_migrations"": 0}",2026-05-21T14:43:13.766000,2026-05-21T14:43:13.766000,,no
report_1768665911081_mnfnmekjeiadmjgdjmohneifalohigdb,WaterMe,,7351,yes,FALSE,TRUE,TRUE,TRUE,,,FALSE,FALSE,146,4.7,3,"Redirect your non productive site visits to organizations that help to reduce the global burden of disease.

Application Entry for the ""Innovating for Environmental Health App Challenge"".
This extension attempts to ""Reduce the global burden of disease due to poor water quality, sanitation, and insufficient hygiene"" (EH-24).",2016-05-15,3009413,1.0,"[""MANIFEST_MIGRATED"", ""CSP_VALUE_MODIFIED"", ""BRIDGE_INJECTED"", ""HAS_BROWSER_POPUP"", ""HAS_BACKGROUND_PAGE"", ""HAS_SERVICE_WORKER"", ""USES_TABS_API"", ""MINIFIED_CODE""]",,TRUE,39.229554333,1,hfcmeikimmjeojjfjkoiblijpllbgpnk,"{""webRequest"": 0, ""html_lines"": 28283, ""storage_local"": 0, ""background_page"": 1, ""content_scripts"": 0, ""dangerous_permissions"": 2, ""host_permissions"": 0, ""crypto_patterns"": 31, ""network_requests"": 5, ""extension_size"": 54, ""api_renames"": 3, ""manifest_changes"": 3, ""file_modifications"": 0, ""webRequest_to_dnr_migrations"": 0}",2026-05-21T14:44:12.345000,2026-05-21T14:44:12.345000,,yes
report_1768666812035_jjipbgajkmgpolcpiilbobdgghoobhlm,Wildfire,,7344,no,FALSE,TRUE,TRUE,TRUE,,,FALSE,FALSE,554,5.0,1,"Record browser actions then replay immediately. Craft your own custom automation workflows.

The Wildfire extension allows you to record your actions on the pages you visit, then replay those actions using a simulator. When actions are recorded or simulated, it produces a log which can be reviewed. You can then use the Workflow Editor to manipulate the behavior of the simulation.

The extension is appropriate for those using similar automation extensions such as iMacros or for software testers using tools such as Selenium.",2020-05-17,24400363,1.3.10,"[""MANIFEST_MIGRATED"", ""CSP_VALUE_MODIFIED"", ""API_RENAMES_APPLIED"", ""BRIDGE_INJECTED"", ""OFFSCREEN_DOCUMENT_ADDED"", ""HAS_BROWSER_POPUP"", ""HAS_BACKGROUND_PAGE"", ""HAS_CONTENT_SCRIPTS"", ""HAS_SERVICE_WORKER"", ""HAS_HOST_PERMISSIONS"", ""USES_WEB_REQUEST"", ""USES_STORAGE_LOCAL"", ""USES_TABS_API"", ""WEBPACK_BUNDLED"", ""CONTAINS_EVAL"", ""MINIFIED_CODE""]",https://wildfire.ai,TRUE,12.697670833,20,eeoeakefoojbgmmileebfcjgdgpekfae,"{""webRequest"": 2, ""html_lines"": 16159, ""storage_local"": 129, ""background_page"": 1, ""content_scripts"": 1, ""dangerous_permissions"": 6, ""host_permissions"": 3, ""crypto_patterns"": 382, ""network_requests"": 64, ""extension_size"": 521, ""api_renames"": 3, ""manifest_changes"": 3, ""file_modifications"": 2, ""webRequest_to_dnr_migrations"": 0}",2026-05-21T14:44:43.658000,2026-05-21T14:44:43.658000,,no
report_1768660584267_jfnmofjjjaobphckdeinkndhfncljpce,TinyOGPViewer,,7316,could_not_test,FALSE,TRUE,TRUE,TRUE,,,FALSE,FALSE,,,,"基本的なOGP情報を表示します。

OGPビューアーです。
気になったページのOGP情報を見ることができます。",2020-10-05,5809111,0.0.3,"[""MANIFEST_MIGRATED"", ""BRIDGE_INJECTED"", ""HAS_BROWSER_POPUP"", ""HAS_CONTENT_SCRIPTS"", ""USES_TABS_API"", ""WEBPACK_BUNDLED"", ""CONTAINS_EVAL"", ""MINIFIED_CODE""]",,TRUE,12.269230875,1,bhbokemlpmdlelkjliimdldfpamnedlj,"{""webRequest"": 0, ""html_lines"": 22737, ""storage_local"": 0, ""background_page"": 0, ""content_scripts"": 1, ""dangerous_permissions"": 1, ""host_permissions"": 0, ""crypto_patterns"": 251, ""network_requests"": 18, ""extension_size"": 309, ""api_renames"": 1, ""manifest_changes"": 3, ""file_modifications"": 0, ""webRequest_to_dnr_migrations"": 0}",2026-05-21T14:45:01.763000,2026-05-21T14:45:01.763000,,could_not_test
report_1768665019839_gmaalhfpkmllcbodidmilbjboijaindk,wekey,,7310,no,TRUE,TRUE,TRUE,FALSE,,,FALSE,FALSE,8,5.0,3,"wekey extensions

wekey是一款用于wekey app数据通信的产品，它可以实现wekey app的跨平台通信。
仅需三步，连接您的wekey app：
1.打开wekey，加载二维码
2.打开wekey app 扫描二维码
3.确定连接
通过以上三步，您便可以使用wekey进行与wekey app之间的通信，您可以在加载了wekey的浏览器上使用FIDO认证，wekey app就是您的专属安全身份认证器。",2022-02-07,2485125,0.1.2,"[""MANIFEST_MIGRATED"", ""CSP_VALUE_MODIFIED"", ""BRIDGE_INJECTED"", ""OFFSCREEN_DOCUMENT_ADDED"", ""HAS_BROWSER_POPUP"", ""HAS_BACKGROUND_PAGE"", ""HAS_CONTENT_SCRIPTS"", ""HAS_SERVICE_WORKER"", ""HAS_HOST_PERMISSIONS"", ""USES_WEB_REQUEST"", ""USES_STORAGE_LOCAL"", ""USES_TABS_API"", ""WEBPACK_BUNDLED"", ""CONTAINS_EVAL"", ""MINIFIED_CODE""]",,TRUE,25.419870708,6,emegfipbpkljffffokfbefjjmofmdmgn,"{""webRequest"": 3, ""html_lines"": 98, ""storage_local"": 8, ""background_page"": 1, ""content_scripts"": 1, ""dangerous_permissions"": 1, ""host_permissions"": 2, ""crypto_patterns"": 1396, ""network_requests"": 49, ""extension_size"": 84, ""api_renames"": 3, ""manifest_changes"": 3, ""file_modifications"": 0, ""webRequest_to_dnr_migrations"": 0}",2026-05-21T14:46:46.547000,2026-05-21T14:46:46.547000,,could_not_test
report_1768651614882_cgnpnjmjklfcalnkjadmhakigcmfkeih,Codeigniter 2.2 User Guide,,7295,yes,FALSE,TRUE,TRUE,TRUE,,,FALSE,FALSE,8,,,"Easy access offline for User Guide PHP Framework Codeigniter 2.2

Easy access offline for User Guide PHP Framework Codeigniter 2.2.
This tiny extension let you access easily with just single click.",2015-01-16,1887436,1.1,"[""MANIFEST_MIGRATED"", ""API_RENAMES_APPLIED"", ""BRIDGE_INJECTED"", ""HAS_BROWSER_POPUP"", ""HAS_HOST_PERMISSIONS"", ""USES_TABS_API""]",https://mafaizz.blogspot.com,TRUE,19.068353208,,eknnbnlelphbhliemonijibinfllliad,"{""webRequest"": 0, ""html_lines"": 28941, ""storage_local"": 0, ""background_page"": 0, ""content_scripts"": 0, ""dangerous_permissions"": 1, ""host_permissions"": 1, ""crypto_patterns"": 0, ""network_requests"": 1, ""extension_size"": 27, ""api_renames"": 1, ""manifest_changes"": 3, ""file_modifications"": 0, ""webRequest_to_dnr_migrations"": 0}",2026-05-21T14:47:08.505000,2026-05-21T14:47:08.505000,,yes
report_1768664549416_bmgbfongoajedioanoachdmgchkmblmo,In-stock Alerts (Beta),,7217,yes,TRUE,TRUE,TRUE,,,,TRUE,FALSE,143,,,"Get alerted when an item gets back in-stock.

This is in beta! The app notifies you when an item is back in-stock. Currently, the app supports Amazon.com, Sam's Club and Target with more retailers planned in the near future. In this version, Amazon.com has been added.

Also, the alert only works for online deliveries (not for pick-up or drive-up)...yet.

How to use the extension:
1. Install the extension from Chrome Store
2. Visit target.com, amazon.com or samsclub.com and when you come across a product that is not in stock, look for the ""Notify Me"" yellow button.
3. Mouseover the button and enter your email address to subscribe to back-in-stock alerts for that product.
4. Once you receive the alert email, you can click on the product and buy it.",2020-10-22,1677721,0.2.9,"[""MANIFEST_MIGRATED"", ""API_RENAMES_APPLIED"", ""HAS_CONTENT_SCRIPTS"", ""MINIFIED_CODE""]",,TRUE,59.648743625,,ehbnlikfgampfogacpfebaphikdgcdpd,"{""webRequest"": 0, ""html_lines"": 27774, ""storage_local"": 0, ""background_page"": 0, ""content_scripts"": 1, ""dangerous_permissions"": 0, ""host_permissions"": 0, ""crypto_patterns"": 40, ""network_requests"": 6, ""extension_size"": 32, ""api_renames"": 1, ""manifest_changes"": 3, ""file_modifications"": 0, ""webRequest_to_dnr_migrations"": 0}",2026-05-21T14:48:12.377000,2026-05-21T14:48:12.377000,,yes
report_1768658285292_ioenhafggjeoendncbpdiicdiicdjimd,Codeigniter 2 User Guide,,7185,yes,FALSE,TRUE,TRUE,,,,FALSE,FALSE,,,,"Easy access offline for User Guide PHP Framework Codeigniter 2

Easy access offline for User Guide PHP Framework Codeigniter 2. Sometime, we need access easily to user guide Codeiginiter even when we offline. This tiny extension let you access easily with just single click.",2013-03-03 00:00,1887436,1.2,"[""MANIFEST_MIGRATED"", ""API_RENAMES_APPLIED"", ""BRIDGE_INJECTED"", ""HAS_BROWSER_POPUP"", ""HAS_BACKGROUND_PAGE"", ""HAS_SERVICE_WORKER""]",,TRUE,9.979312,1,nkldlcgbcefchngadengmjdcapgahgkp,"{""webRequest"": 0, ""html_lines"": 28405, ""storage_local"": 0, ""background_page"": 1, ""content_scripts"": 0, ""dangerous_permissions"": 0, ""host_permissions"": 0, ""crypto_patterns"": 0, ""network_requests"": 0, ""extension_size"": 27, ""api_renames"": 3, ""manifest_changes"": 3, ""file_modifications"": 1, ""webRequest_to_dnr_migrations"": 0}",2026-05-21T14:48:25.279000,2026-05-21T14:48:25.279000,,yes
report_1768661214941_baakjfhbggcmmandgpkcekbogaadppim,Brightery Mega Marketing,,7071,could_not_test,TRUE,TRUE,TRUE,TRUE,,,FALSE,FALSE,4,5.0,1,"Brightery Marketing tools

Brightery Mega Marketing is a complete tool to manage your digital marketing, managing paid ads, Email newsletters


7 days trial version is available, create an account at brightery.com and just login using your account credentials.",2021-06-01,5903482,2.2.32.0,"[""MANIFEST_MIGRATED"", ""CSP_VALUE_MODIFIED"", ""API_RENAMES_APPLIED"", ""BRIDGE_INJECTED"", ""HAS_BROWSER_POPUP"", ""HAS_BACKGROUND_PAGE"", ""HAS_SERVICE_WORKER"", ""HAS_HOST_PERMISSIONS"", ""USES_STORAGE_LOCAL"", ""USES_TABS_API"", ""WEBPACK_BUNDLED"", ""CONTAINS_EVAL"", ""MINIFIED_CODE""]",https://brightery.com,TRUE,11.818281084,3,diggamfbkfkklacaagembohiabdmmigm,"{""webRequest"": 0, ""html_lines"": 14878, ""storage_local"": 5, ""background_page"": 1, ""content_scripts"": 0, ""dangerous_permissions"": 2, ""host_permissions"": 4, ""crypto_patterns"": 588, ""network_requests"": 76, ""extension_size"": 159, ""api_renames"": 3, ""manifest_changes"": 3, ""file_modifications"": 1, ""webRequest_to_dnr_migrations"": 0}",2026-05-21T14:48:42.037000,2026-05-21T14:48:42.037000,,could_not_test
report_1768663258153_hgpcmkdiklddhcjnfimegempomojnbif,Solanatip,,7027,no,FALSE,TRUE,TRUE,FALSE,,,FALSE,FALSE,20,,,"A chrome extension to tip your favorite tweets with $SOL

Solanatip is a Chrome extension who allows you to reward your favorite content on Twitter with $SOL. It works using the new Solana Name Service for Twitter, with this service we can check if the user to receive the tip has an associated wallet and proceed to make the transaction. 

Works with your Phantom or Sollet wallet.",2021-09-27,7612661,1.2.2,"[""MANIFEST_MIGRATED"", ""CSP_VALUE_MODIFIED"", ""BRIDGE_INJECTED"", ""HAS_BROWSER_POPUP"", ""HAS_BACKGROUND_PAGE"", ""HAS_CONTENT_SCRIPTS"", ""HAS_SERVICE_WORKER"", ""HAS_HOST_PERMISSIONS"", ""USES_STORAGE_LOCAL"", ""WEBPACK_BUNDLED"", ""CONTAINS_EVAL"", ""MINIFIED_CODE""]",,TRUE,11.184766917,2,mkdeccahohlpfjbhmmaaijljjhmfmdfn,"{""webRequest"": 0, ""html_lines"": 72, ""storage_local"": 2, ""background_page"": 1, ""content_scripts"": 1, ""dangerous_permissions"": 0, ""host_permissions"": 1, ""crypto_patterns"": 1309, ""network_requests"": 38, ""extension_size"": 316, ""api_renames"": 3, ""manifest_changes"": 3, ""file_modifications"": 0, ""webRequest_to_dnr_migrations"": 0}",2026-05-21T14:48:59.901000,2026-05-21T14:48:59.901000,,no
report_1768655231543_pchalmfipapbcbncigfeemlhmgpiilal,Brightery Marketing Tool,,7004,could_not_test,TRUE,TRUE,TRUE,TRUE,TRUE,,FALSE,FALSE,"6,000",4.9,12,"Brightery Marketing tools

Brightery marketing tool, 

7 days trial version is available, create an account at https://www.brightery.com and just login.

Thousands of companies in 100+ countries use Brightery apps to be more productive everyday.
Work smarter with Brightery!

Create a free account at:
www.brightery.com

Report your feedback and issues to:
support@brightery.com",2021-02-17,6165626,2.4.30.0,"[""MANIFEST_MIGRATED"", ""CSP_VALUE_MODIFIED"", ""API_RENAMES_APPLIED"", ""BRIDGE_INJECTED"", ""HAS_BROWSER_POPUP"", ""WEBPACK_BUNDLED"", ""CONTAINS_EVAL"", ""MINIFIED_CODE""]",https://brightery.com,TRUE,9.214531667,3,pdkilmlkbegkdppdpolfknnibcdelghl,"{""webRequest"": 0, ""html_lines"": 14880, ""storage_local"": 0, ""background_page"": 0, ""content_scripts"": 0, ""dangerous_permissions"": 0, ""host_permissions"": 0, ""crypto_patterns"": 588, ""network_requests"": 76, ""extension_size"": 165, ""api_renames"": 1, ""manifest_changes"": 3, ""file_modifications"": 1, ""webRequest_to_dnr_migrations"": 0}",2026-05-21T14:49:13.976000,2026-05-21T14:49:13.976000,,could_not_test
report_1768659605266_dfcpillpkonfkgmodjgechmedhgolpbk,Quicker Search,,7000,no,FALSE,TRUE,TRUE,TRUE,,,FALSE,FALSE,,,,"Make quicker searches on Google and Youtube platforms with your custom words.

The main goal of this extension is to help you reduce your searching-time avoiding you to constantly be wasting time on writing the same long texts to search information. It allows you to add as many text shortcut as you wish to make quicker searches. Stop writing over and over again the same words and instead just use a small and intuitive shortcuts.

This extension is not intended to be used by a specific group of people or in a specific context, but by anyone. It can be at work, in your free time, to look for information for school, to find videos of your favorite artist. It's just up to you.

Storage:
Two storage are used: LocalStorage and ChromeStorage. In LocalStorage the customizable settings and some helpers are stored. On the other hand, the shortcut/value pairs are in ChromeStorage in order to synchronize them through your google account. This means that, if and only if you want to sign-in in Chrome explorer and activate ""Sync In"" option, you will be able to share your useful shortcuts in different computers. Otherwise, your data will be kept locally and won't be shared at all.

Permissions:
You may be warned that, by adding this extension, you provide us permissions to read and use all the Google and Youtube data. However, we only read your HTTP requests made by you in those domains with the sole objective of knowing what shortcuts you used to process them and perform the desired search.
As mention in the following section, this information is not stored at all and is not used for any interest other than that explained above.

Privacy:
The only information stored and used is the one generated in or by the extension -such as shortcuts, descriptions and settings values-. No personal either any other kind of information is asked or used in the extension.
We do encourage you not to insert or use under any circumstances any confidential or private information in this extension as it is not encrypted. You should only store useful shortcuts and descriptions that helps you reduce your searching-time and be more productive. Don't use this extension as a container for important information.",2020-06-08 00:00,1216348,1.2.0,"[""MANIFEST_MIGRATED"", ""CSP_VALUE_MODIFIED"", ""BRIDGE_INJECTED"", ""OFFSCREEN_DOCUMENT_ADDED"", ""HAS_BROWSER_POPUP"", ""HAS_BACKGROUND_PAGE"", ""HAS_SERVICE_WORKER"", ""HAS_HOST_PERMISSIONS"", ""USES_WEB_REQUEST"", ""USES_STORAGE_LOCAL"", ""WEBPACK_BUNDLED"", ""CONTAINS_EVAL"", ""MINIFIED_CODE""]",,TRUE,60.30193675,5,jdmepaljbmglonfljdlohodkaaakbmjm,"{""webRequest"": 2, ""html_lines"": 52, ""storage_local"": 5, ""background_page"": 1, ""content_scripts"": 0, ""dangerous_permissions"": 2, ""host_permissions"": 2, ""crypto_patterns"": 1363, ""network_requests"": 0, ""extension_size"": 70, ""api_renames"": 3, ""manifest_changes"": 3, ""file_modifications"": 0, ""webRequest_to_dnr_migrations"": 0}",2026-05-21T14:50:17.001000,2026-05-21T14:50:17.001000,,no
report_1768647155964_coaeeoeibgkgpamkpckcdgaobkjonion,Information Visualization of Browser History,,6989,no,FALSE,TRUE,FALSE,,,,FALSE,FALSE,47,,,"Reads your history, and use information visualization techniques to show graphically how you spend your time on the internet.

Reads your browser history, and use Information Visualization techniques (a branch of Computer Graphics), to show graphically how you spend your time on the Internet to analyze if you are productive or unproductive when using the Internet. According to a research done by Salary.com with ten thousand employees, most of them waste time on the Internet in websites unrelated to their work. The inefficient use of time by these employees during their working day costs to the US companies the equivalent of US $ 759 billion per year. The main distraction was the Internet activity indicated by 44.7% of respondents, generating a cost of around US$ 300 billion annually to companies. Thus, companies may adopt a measure to reduce this idle time with this software. This extension is not a tracking software, but a software to make a self-analysis to see where you are spending your time on the Internet, see the most visited websites, the behaviour on specific days by adding a date time filter, the behavior when clicking on links, like ads, and see the frequency of use of the internet and what are the accessed websites. The visual charts help to analyse the browser history, since lots of data are difficult to analyse in a text form. With this visual charts, you can see where you can improve your productivity.",2015-11-27,13946060,1.0,"[""MANIFEST_MIGRATED"", ""BRIDGE_INJECTED"", ""HAS_BROWSER_POPUP"", ""HAS_BACKGROUND_PAGE"", ""HAS_SERVICE_WORKER"", ""USES_STORAGE_LOCAL"", ""CONTAINS_EVAL"", ""MINIFIED_CODE""]",,TRUE,37.635392708,1,gpjdfganijinlpncdlpcdlphldggdmfc,"{""webRequest"": 0, ""html_lines"": 18487, ""storage_local"": 8, ""background_page"": 1, ""content_scripts"": 0, ""dangerous_permissions"": 1, ""host_permissions"": 0, ""crypto_patterns"": 369, ""network_requests"": 71, ""extension_size"": 282, ""api_renames"": 3, ""manifest_changes"": 3, ""file_modifications"": 0, ""webRequest_to_dnr_migrations"": 0}",2026-05-21T14:51:03.019000,2026-05-21T14:51:03.019000,,could_not_test
report_1768667621325_ekmcggjneijmnhpilhbbehoolmpfllpj,Github Hoverscope,,6978,no,FALSE,TRUE,FALSE,,,,TRUE,FALSE,,,,"Hoverzoom files and folders in Github

This extension enables users to conveniently browse through files and directories on Github by providing hover zoom capability over file/folder links.

* hover mouse over file or folder links to see its content in tooltip without having to click and redirect the page
* contents within the tooltip is clickable and scrollable
* tooltip closes automatically on mouse-out from inside the tooltip
* tooltip can be closed manually by clicking the close button on the top right of the tooltip",2013-09-26 00:00,1992294,0.0.1,"[""MANIFEST_MIGRATED"", ""API_RENAMES_APPLIED"", ""BRIDGE_INJECTED"", ""HAS_BROWSER_POPUP"", ""HAS_BACKGROUND_PAGE"", ""HAS_CONTENT_SCRIPTS"", ""HAS_SERVICE_WORKER"", ""HAS_HOST_PERMISSIONS"", ""USES_TABS_API"", ""CONTAINS_EVAL"", ""MINIFIED_CODE""]",https://jamescui.com,TRUE,39.337206708,2,hebmopjpmnpcliimdcacdiliomcclfoo,"{""webRequest"": 0, ""html_lines"": 21569, ""storage_local"": 0, ""background_page"": 1, ""content_scripts"": 1, ""dangerous_permissions"": 1, ""host_permissions"": 2, ""crypto_patterns"": 273, ""network_requests"": 46, ""extension_size"": 59, ""api_renames"": 3, ""manifest_changes"": 3, ""file_modifications"": 1, ""webRequest_to_dnr_migrations"": 0}",2026-05-21T14:51:52.392000,2026-05-21T14:51:52.392000,,could_not_test
report_1768667359686_dhgnbccljlinmfaiaendpcakkgmkdgan,Tackle | Todo List,,6948,yes,FALSE,TRUE,TRUE,,,,FALSE,FALSE,"5,000",2.9,8,"Tackle the day with this beautiful todo list.

Replace your new tab with a beautiful todo list to help you stay on track.",2019-01-15,30450647,0.4.1,"[""MANIFEST_MIGRATED"", ""BRIDGE_INJECTED"", ""NEW_TAB_OVERRIDE"", ""MINIFIED_CODE""]",,TRUE,22.515555958,1,fhockinabfenfekfoaghjojheocbnegl,"{""webRequest"": 0, ""html_lines"": 24597, ""storage_local"": 0, ""background_page"": 0, ""content_scripts"": 0, ""dangerous_permissions"": 0, ""host_permissions"": 0, ""crypto_patterns"": 4, ""network_requests"": 2, ""extension_size"": 750, ""api_renames"": 1, ""manifest_changes"": 3, ""file_modifications"": 0, ""webRequest_to_dnr_migrations"": 0}",2026-05-21T14:52:30.829000,2026-05-21T14:52:30.829000,,yes
report_1768660813199_ndpnnaadmfdnmlpmbdpdibblpgldeddc,code runner,,6920,no,FALSE,TRUE,FALSE,TRUE,,,FALSE,FALSE,,,,"run simple code anytime and anywhere without any environment requirement

simple code snippet runner on chrome",2021-11-17 00:00,1468006,0.0.3,"[""MANIFEST_MIGRATED"", ""API_RENAMES_APPLIED"", ""BRIDGE_INJECTED"", ""HAS_BROWSER_POPUP"", ""HAS_HOST_PERMISSIONS"", ""MINIFIED_CODE""]",,TRUE,45.758924625,,kbgaihnlngffdgljpbgbpcphflmmdhpg,"{""webRequest"": 0, ""html_lines"": 27231, ""storage_local"": 0, ""background_page"": 0, ""content_scripts"": 0, ""dangerous_permissions"": 0, ""host_permissions"": 1, ""crypto_patterns"": 7, ""network_requests"": 3, ""extension_size"": 43, ""api_renames"": 1, ""manifest_changes"": 3, ""file_modifications"": 0, ""webRequest_to_dnr_migrations"": 0}",2026-05-21T14:53:19.434000,2026-05-21T14:53:19.434000,,no
report_1768652098151_ffaajihcojdgmniajmgeandigjbdkkgb,实时行情助手火币版 - 实时查看代币涨跌幅,,6814,no,FALSE,FALSE,TRUE,TRUE,TRUE,,FALSE,FALSE,4,,,"实时查看您关注的代币，计算持有收益率

实时行情助手火币版 - 实时查看代币涨跌幅，基于火币实时行情数据，可以帮助您实时查看每个持有代币的涨跌幅、持有收益、每日收益。

支持标准与暗色两种主题
支持设置持有代币数量，查看当日估算收益
支持设置持有成本价，查看持有收益
自定义顶部主流币",2021-09-21,1876951,1.0.0,"[""MANIFEST_MIGRATED"", ""CSP_VALUE_MODIFIED"", ""BRIDGE_INJECTED"", ""OFFSCREEN_DOCUMENT_ADDED"", ""HAS_BROWSER_POPUP"", ""HAS_BACKGROUND_PAGE"", ""HAS_SERVICE_WORKER"", ""USES_WEB_REQUEST"", ""WEBPACK_BUNDLED"", ""CONTAINS_EVAL"", ""MINIFIED_CODE""]",,TRUE,2.538284417,2,blhmbnpjfldjoopigndnecfdkemhbmef,"{""webRequest"": 1, ""html_lines"": 125, ""storage_local"": 0, ""background_page"": 1, ""content_scripts"": 0, ""dangerous_permissions"": 0, ""host_permissions"": 0, ""crypto_patterns"": 1323, ""network_requests"": 15, ""extension_size"": 78, ""api_renames"": 3, ""manifest_changes"": 3, ""file_modifications"": 0, ""webRequest_to_dnr_migrations"": 0}",2026-05-21T14:53:45.338000,2026-05-21T14:53:45.338000,,no
report_1768652629815_ijdnbdojnlikioakiglgapokhoaoimgp,Crypto follow,,6776,no,FALSE,TRUE,TRUE,TRUE,,,FALSE,FALSE,4,,,"A Chrome extension ""crypto follow"", let u follow crypto, fiat currency and assets always in your browser

It is a bar designed to be displayed floating above the web pages, just below the browser's shortcut bar, it allows the display of the price of assets, cryptocurrencies, fiat money, and more. with update minute-minute. you can hide it temporarily by double-clicking.",2021-02-27,1174405,1.1.1,"[""MANIFEST_MIGRATED"", ""BRIDGE_INJECTED"", ""OFFSCREEN_DOCUMENT_ADDED"", ""HAS_BROWSER_POPUP"", ""HAS_BACKGROUND_PAGE"", ""HAS_CONTENT_SCRIPTS"", ""HAS_SERVICE_WORKER"", ""CONTAINS_EVAL"", ""MINIFIED_CODE""]",https://tecnella.com,TRUE,40.974901375,2,mknflhinhbbiabecejbgcgpilcfjkfho,"{""webRequest"": 0, ""html_lines"": 23891, ""storage_local"": 0, ""background_page"": 1, ""content_scripts"": 1, ""dangerous_permissions"": 0, ""host_permissions"": 0, ""crypto_patterns"": 131, ""network_requests"": 20, ""extension_size"": 49, ""api_renames"": 3, ""manifest_changes"": 3, ""file_modifications"": 0, ""webRequest_to_dnr_migrations"": 0}",2026-05-21T14:54:29.167000,2026-05-21T14:54:29.167000,,no
report_1768656432148_jdmepaljbmglonfljdlohodkaaakbmjm,Cool Bookmarks,,6732,yes,FALSE,TRUE,TRUE,TRUE,TRUE,,FALSE,FALSE,7,5.0,4,"A simple bookmark manager for Chrome

FEATURES
- add, edit and delete bookmarks and folders
- drag and drop bookmarks and folders to reorder them
- *NEW* (Jan 6 2014) search through your bookmarks!",2014-01-06,1855979,0.7.0,"[""MANIFEST_MIGRATED"", ""API_RENAMES_APPLIED"", ""BRIDGE_INJECTED"", ""OFFSCREEN_DOCUMENT_ADDED"", ""HAS_BROWSER_POPUP"", ""HAS_BACKGROUND_PAGE"", ""HAS_CONTENT_SCRIPTS"", ""HAS_SERVICE_WORKER"", ""HAS_HOST_PERMISSIONS"", ""USES_TABS_API"", ""CONTAINS_EVAL"", ""MINIFIED_CODE""]",,TRUE,40.168540917,4,ofddaejenmgdfhlbfmfoolpgfnajnmip,"{""webRequest"": 0, ""html_lines"": 21394, ""storage_local"": 0, ""background_page"": 1, ""content_scripts"": 1, ""dangerous_permissions"": 2, ""host_permissions"": 1, ""crypto_patterns"": 238, ""network_requests"": 34, ""extension_size"": 57, ""api_renames"": 3, ""manifest_changes"": 3, ""file_modifications"": 0, ""webRequest_to_dnr_migrations"": 0}",2026-05-21T14:55:15.415000,2026-05-21T14:55:15.415000,,yes
report_1768665099502_hafplmfglafpkfijmkkncjoaimlipjne,ES5 Maker,,6557,could_not_test,FALSE,TRUE,TRUE,,FALSE,FALSE,FALSE,TRUE,38,5.0,4,"This extension loads into new tab,and converts the ES 2015 javascript code to ECMA 5 version

A chrome extension which   creates your new tab into code editor split version.
You can write ES 2015 code  and simultaneously see its converted version(ECMA 5).
This can be used as quick demonstration , testing or poc purposes.

Extension works offline need to connect to internet.",2019-03-08,15036579,1.0,"[""MANIFEST_MIGRATED"", ""NEW_TAB_OVERRIDE"", ""USES_STORAGE_LOCAL"", ""WEBPACK_BUNDLED"", ""CONTAINS_EVAL"", ""MINIFIED_CODE""]",,TRUE,9.806883042,,mjcgkhlnnegnikoahjmpomldacbngfcp,"{""webRequest"": 0, ""html_lines"": 1142, ""storage_local"": 17, ""background_page"": 0, ""content_scripts"": 0, ""dangerous_permissions"": 0, ""host_permissions"": 0, ""crypto_patterns"": 1139, ""network_requests"": 54, ""extension_size"": 358, ""api_renames"": 1, ""manifest_changes"": 3, ""file_modifications"": 0, ""webRequest_to_dnr_migrations"": 0}",2026-05-21T14:56:28.187000,2026-05-21T14:56:28.187000,,could_not_test
report_1768658145726_andbigojninbopokegabdicgoppdoaok,Vk Promo,,6517,no,FALSE,TRUE,TRUE,,,,FALSE,FALSE,81,,,"Расширение создано для помощи пользователям в распространении своих материалов в социальной сети Вконтакте, а именно автоматическая…

Расширение создано для помощи пользователям в распространении своих материалов в социальной сети Вконтакте, а именно автоматическая отправка сообщений, заметки пользователей. 
функции: 
1.Добавление пользователя из группы в базу для рассылки сообщений
2.Изменение задержки отправки сообщений
3.Отправку сообщений
4.Дабавление разных экземпляров сообщения
5.Наблюдение за процессом отправки
6.Заметки",2021-05-22,21411921,1.0.0,"[""MANIFEST_MIGRATED"", ""CSP_VALUE_MODIFIED"", ""API_RENAMES_APPLIED"", ""BRIDGE_INJECTED"", ""OFFSCREEN_DOCUMENT_ADDED"", ""HAS_BROWSER_POPUP"", ""HAS_BACKGROUND_PAGE"", ""HAS_CONTENT_SCRIPTS"", ""HAS_SERVICE_WORKER"", ""HAS_HOST_PERMISSIONS"", ""USES_STORAGE_LOCAL"", ""USES_TABS_API"", ""WEBPACK_BUNDLED"", ""CONTAINS_EVAL"", ""MINIFIED_CODE""]",,TRUE,10.445318667,8,ppncdbmpkkfhipeplkdknanbmomaeplo,"{""webRequest"": 0, ""html_lines"": 5407, ""storage_local"": 1, ""background_page"": 1, ""content_scripts"": 1, ""dangerous_permissions"": 1, ""host_permissions"": 2, ""crypto_patterns"": 828, ""network_requests"": 152, ""extension_size"": 646, ""api_renames"": 3, ""manifest_changes"": 3, ""file_modifications"": 1, ""webRequest_to_dnr_migrations"": 0}",2026-05-21T14:56:52.794000,2026-05-21T14:56:52.794000,,could_not_test
report_1768649831592_cjkdhmpngnpbcdjmmklijgfoincfapcm,Fast Reader,,6507,no,FALSE,TRUE,FALSE,TRUE,TRUE,,FALSE,FALSE,568,5.0,2,"Speed up your reading!

This extension will allow you speed up your reading. Just select text on web side and click on icon. You can adjust speed and number of words on line in option.",2013-06-23,1803550,1.1,"[""MANIFEST_MIGRATED"", ""API_RENAMES_APPLIED"", ""BRIDGE_INJECTED"", ""HAS_BROWSER_POPUP"", ""HAS_BACKGROUND_PAGE"", ""HAS_CONTENT_SCRIPTS"", ""HAS_SERVICE_WORKER"", ""USES_STORAGE_LOCAL"", ""MINIFIED_CODE""]",,TRUE,39.151464375,2,khneipdgeiofabcjbidcicboeofghjkc,"{""webRequest"": 0, ""html_lines"": 20909, ""storage_local"": 5, ""background_page"": 1, ""content_scripts"": 1, ""dangerous_permissions"": 0, ""host_permissions"": 0, ""crypto_patterns"": 214, ""network_requests"": 35, ""extension_size"": 54, ""api_renames"": 3, ""manifest_changes"": 3, ""file_modifications"": 1, ""webRequest_to_dnr_migrations"": 0}",2026-05-21T14:57:34.846000,2026-05-21T14:57:34.846000,,no
report_1768664872490_eeoaagpkngkljeehpjonlobgemdhgckp,不要通知我,,6480,no,FALSE,TRUE,TRUE,FALSE,TRUE,,FALSE,FALSE,5,5.0,3,"🚫🙅‍♂️🙅‍♀️不要在社交网站上通知我

🚫🙅‍♂️🙅‍♀️不要在社交网站上通知我

厌倦了各种社交网站推送给我的无聊系统通知，我在使用这些社交网站的时候，根本对于一些无效的互动，各种宣传消息没有兴趣。

所以我才写了 no-notify 这个插件，直接屏蔽这些社交网站推送给我的通知，我在需要读取通知的时候，会点进去看通知消息。

不算是反社交，只是想主动摄取信息，而不是被各种小红点打扰。",2019-02-23,3900702,0.0.1,"[""MANIFEST_MIGRATED"", ""CSP_VALUE_MODIFIED"", ""BRIDGE_INJECTED"", ""HAS_BROWSER_POPUP"", ""HAS_BACKGROUND_PAGE"", ""HAS_SERVICE_WORKER"", ""HAS_HOST_PERMISSIONS"", ""USES_STORAGE_LOCAL"", ""USES_TABS_API"", ""WEBPACK_BUNDLED"", ""CONTAINS_EVAL"", ""MINIFIED_CODE""]",,TRUE,11.000677958,2,eibmigfcioanajpaanidbiakcagepmkn,"{""webRequest"": 0, ""html_lines"": 33, ""storage_local"": 3, ""background_page"": 1, ""content_scripts"": 0, ""dangerous_permissions"": 1, ""host_permissions"": 2, ""crypto_patterns"": 1242, ""network_requests"": 2, ""extension_size"": 179, ""api_renames"": 3, ""manifest_changes"": 3, ""file_modifications"": 0, ""webRequest_to_dnr_migrations"": 0}",2026-05-21T14:57:50.527000,2026-05-21T14:57:50.527000,,could_not_test
report_1768667656127_phggfmjpdccboldefomhncpeoffkgfgg,TomatoSniper,,6462,could_not_test,TRUE,TRUE,TRUE,TRUE,,,FALSE,FALSE,,,,"Never miss a delivery or pick up time slot again

TomatoSniper monitors and alerts you when new time slots for pickup or delivery open up in a ShopRite near you. It's super simple to use. Turn on monitoring with a click of a button and you can go back to whatever you were doing. TomatoSniper will monitor and refresh the ShopRite website for you and alert you when a new time slot opens up.",2020-05-03,332800,1.2,"[""MANIFEST_MIGRATED"", ""API_RENAMES_APPLIED"", ""BRIDGE_INJECTED"", ""HAS_BROWSER_POPUP"", ""HAS_BACKGROUND_PAGE"", ""HAS_CONTENT_SCRIPTS"", ""HAS_SERVICE_WORKER"", ""HAS_HOST_PERMISSIONS"", ""USES_TABS_API"", ""MINIFIED_CODE""]",https://tomatosniper.com,TRUE,14.169798708,6,mflhbpkjffppcgdmalaphfecmfnjannp,"{""webRequest"": 0, ""html_lines"": 25472, ""storage_local"": 0, ""background_page"": 1, ""content_scripts"": 1, ""dangerous_permissions"": 1, ""host_permissions"": 1, ""crypto_patterns"": 0, ""network_requests"": 5, ""extension_size"": 15, ""api_renames"": 3, ""manifest_changes"": 3, ""file_modifications"": 2, ""webRequest_to_dnr_migrations"": 0}",2026-05-21T14:58:06.478000,2026-05-21T14:58:06.478000,,could_not_test
report_1768667715034_pmnipkhedoieicgbfjgiiilbbkdafocg,name,,6460,no,FALSE,FALSE,TRUE,,,,FALSE,FALSE,,,,"Highlight your primary studies and go!

This annotation tool allows Systematic Review and Mapping Study practitioners to classify primary studies using highlights. For that, it provides a color-based and customised highlighter based on the classification schema.

While the reviewer is highlighting the documents directly on the net, the extension records annotations to automatically generate a google spreadsheet with the mapping inferred from the highlights. It also provides a way to trace back the coding rationales used by the reviewer for further checking.

When multiple reviewers work concurrently on the systematic review, it supports mapping stage tracking, to know if a primary study is mapped, has conflicts or is already validated by the checker.

It requires permission to access Google Sheets and Google Drive.

A small manual: https://github.com/onekin/WacLine/wiki/User-manual-for-Highlight&Go
If you have any doubts, don't hesitate to contact us via comments, github issues or email, we will be pleasured to help you!
Github issues: https://github.com/onekin/wacline/issues/new?title=Feedback%20for%20HighlightAndGo
Email: haritzmedina@gmail.com

Privacy policy: https://onekin.org/?page_id=1110

Changelog:
https://github.com/onekin/WacLine/releases",2021-11-03,8629780,0.3.6,"[""MANIFEST_MIGRATED"", ""CSP_VALUE_MODIFIED"", ""BRIDGE_INJECTED"", ""OFFSCREEN_DOCUMENT_ADDED"", ""HAS_BROWSER_POPUP"", ""HAS_BACKGROUND_PAGE"", ""HAS_CONTENT_SCRIPTS"", ""HAS_SERVICE_WORKER"", ""HAS_HOST_PERMISSIONS"", ""USES_WEB_REQUEST"", ""USES_STORAGE_LOCAL"", ""USES_TABS_API"", ""WEBPACK_BUNDLED"", ""CONTAINS_EVAL"", ""MINIFIED_CODE""]",,TRUE,6.661573542,16,lcpaogdhkijhbibofdgmcabbgpcdlplm,"{""webRequest"": 6, ""html_lines"": 815, ""storage_local"": 3, ""background_page"": 1, ""content_scripts"": 1, ""dangerous_permissions"": 5, ""host_permissions"": 9, ""crypto_patterns"": 1103, ""network_requests"": 108, ""extension_size"": 379, ""api_renames"": 3, ""manifest_changes"": 3, ""file_modifications"": 0, ""webRequest_to_dnr_migrations"": 0}",2026-05-21T14:58:23.611000,2026-05-21T14:58:23.611000,,could_not_test
report_1768653395844_enobkmonaalllckgcjlpcmjeoihgjfne,Brightery Notes,,6451,could_not_test,TRUE,TRUE,TRUE,TRUE,,TRUE,TRUE,TRUE,16,3.0,1,"safe and secured notes management software to save and access it any where from any device, on the cloud

Google Chrome now isn't just a browser, it's more than that, you can add extensions and edit your chrome in no time in order to make a better experience for google chrome users.

Now you can just add the extension for google chrome and this extension in google chrome you have can do more than one function. we're going to give you a little about paperless process and how to improve your business with Brightery Notes

Since the dawn of the first computer, a lot of companies and businesses have been trying to go paperless. Since this goal comes with more efficiency, better collaboration, improved savings, and a smaller environmental impact, it’s clear why so many businesses are chasing after this goal. Although most companies like the idea of going paperless, some are still hesitant. However, dragging your feet can hurt your business in three big ways –

Lack of Security

Paper storage is susceptible to a wide range of dangers and insecure. From fire and water damage to theft and loss, protecting and managing hard copies isn’t easy anymore. Paper copies also take a lot of time, resources, and space to handle, and even then, there is no way to recover data in the event of a natural disaster. Which is sensitive data needs more security than paper, particularly in trades like finance, healthcare, development or education, where regulatory compliance is a part of doing business.

Lack of Flexibility 

Another downside of traditional paper documents is its difficulty in sharing and wasting of time. The only way to share a physical document is to make more copies of it which is a headache process. How then, do you collaborate on a paper document with multiple people? How do you manage the struggle of version control when editing multiple copies of a paper document? Digital documents are the easiest way to guarantee your data can securely go where it needs to and effortlessly be edited by multiple people at the same time.

Added Expenses

The price to print, store, and secure paper documents can add up fast. According to Risk Management Magazine, the average employee uses 10,000 sheets of paper per year, and businesses spend over $30 billion USD every year to capture and store documents on paper. In addition, tracking down a lost document can cost $122 USD (on average). When you consider that an estimated 7.5% of all business documents get lost completely, this cost is really enormous.

From increasing security, to improving collaboration, to decreasing costs, there is no shortage of reasons for modern offices to shun paper in their workflow. Contact us today to learn about our solution for digitizing your documents and eliminating piles of paper from your company.

more information https://www.brightery.com/en/post/brightery-notes",2021-02-18,6081740,1.1.20.0,"[""MANIFEST_MIGRATED"", ""CSP_VALUE_MODIFIED"", ""API_RENAMES_APPLIED"", ""BRIDGE_INJECTED"", ""HAS_BROWSER_POPUP"", ""WEBPACK_BUNDLED"", ""CONTAINS_EVAL"", ""MINIFIED_CODE""]",https://brightery.com,TRUE,10.888173166,,bhichmmmceomopnpgjelkhakmacmibmp,"{""webRequest"": 0, ""html_lines"": 12732, ""storage_local"": 0, ""background_page"": 0, ""content_scripts"": 0, ""dangerous_permissions"": 0, ""host_permissions"": 0, ""crypto_patterns"": 586, ""network_requests"": 75, ""extension_size"": 163, ""api_renames"": 1, ""manifest_changes"": 3, ""file_modifications"": 0, ""webRequest_to_dnr_migrations"": 0}",2026-05-21T14:58:40.302000,2026-05-21T14:58:40.302000,,could_not_test
report_1768653745832_kfoleapoalboppohojocieohemdhajpn,name,,6425,no,FALSE,FALSE,FALSE,TRUE,TRUE,,TRUE,FALSE,28,5.0,1,"XDCPay Browser Extension

The XDCPay is an extension for accessing XDC's XDPoS enabled distributed applications, or ""Dapps"" in your browser! 

The extension injects the XDC's XDPoS web3 API into every website's javascript context, so that dapps can read from the blockchain.

The XDCPay extension also lets the user create and manage their own identities (via private keys, local client wallet), so when a Dapp wants to perform a transaction and write to the blockchain,

Enables access to:
XDC 3.0 Dapps
XRC20 tokens
XDC223 tokens
...and more!",2023-12-15,17144217,6.2.12,"[""MANIFEST_MIGRATED"", ""API_RENAMES_APPLIED"", ""BRIDGE_INJECTED"", ""OFFSCREEN_DOCUMENT_ADDED"", ""HAS_BROWSER_POPUP"", ""HAS_BACKGROUND_PAGE"", ""HAS_CONTENT_SCRIPTS"", ""HAS_SERVICE_WORKER"", ""HAS_HOST_PERMISSIONS"", ""USES_WEB_REQUEST"", ""USES_STORAGE_LOCAL"", ""WEBPACK_BUNDLED"", ""CONTAINS_EVAL"", ""MINIFIED_CODE""]",,TRUE,3.997219084,2,mkpbikojjcjmggnghhhelpphjkailpbf,"{""webRequest"": 7, ""html_lines"": 1498, ""storage_local"": 8, ""background_page"": 1, ""content_scripts"": 1, ""dangerous_permissions"": 1, ""host_permissions"": 3, ""crypto_patterns"": 895, ""network_requests"": 414, ""extension_size"": 601, ""api_renames"": 3, ""manifest_changes"": 3, ""file_modifications"": 0, ""webRequest_to_dnr_migrations"": 0}",2026-05-21T14:59:07.438000,2026-05-21T14:59:07.438000,,no
report_1768659029335_ahepglganllfpmdkkldabebaioanjclb,Firebase Auth in Chrome Extension Sample,,25,could_not_test,FALSE,TRUE,FALSE,,,,FALSE,FALSE,,,,,,,0.1,"[""MANIFEST_MIGRATED""]",,TRUE,21.431956833,,nmbklkkbojhafmhpnakjjhbmkoplocci,"{""webRequest"": 0, ""html_lines"": 0, ""storage_local"": 0, ""background_page"": 0, ""content_scripts"": 0, ""dangerous_permissions"": 0, ""host_permissions"": 0, ""crypto_patterns"": 0, ""network_requests"": 0, ""extension_size"": 0, ""api_renames"": 1, ""manifest_changes"": 3, ""file_modifications"": 0, ""webRequest_to_dnr_migrations"": 0}",2026-06-03T15:50:07.332000,2026-06-03T15:50:07.332000,,could_not_test
report_1768658103261_hcghgegolfhjekgieokjnkifolmhmepe,ポタール,regarding diff: cap is fixed and it installs,25,could_not_test,FALSE,TRUE,TRUE,,,,FALSE,FALSE,2,,,"Chromeのスタートーページをポタールに設定する拡張機能です。

Chromeのスタートページをポタールに設定できます。新規タブや新規ウインドウで開いたときにポタールが表示されます。",2021-09-14,6461,1.0,"[""MANIFEST_MIGRATED"", ""CSP_VALUE_MODIFIED"", ""NEW_TAB_OVERRIDE""]",https://potarl.com,TRUE,17.661411792,,pmflbpkabookgclhlllkememcfjnepmp,"{""webRequest"": 0, ""html_lines"": 1, ""storage_local"": 0, ""background_page"": 0, ""content_scripts"": 0, ""dangerous_permissions"": 0, ""host_permissions"": 0, ""crypto_patterns"": 0, ""network_requests"": 0, ""extension_size"": 0, ""api_renames"": 1, ""manifest_changes"": 3, ""file_modifications"": 0, ""webRequest_to_dnr_migrations"": 0}",2026-06-03T15:50:27.407000,2026-06-03T15:50:27.407000,,could_not_test
report_1768661201870_kpfehncehohdkioaaeeedakhacmmkefp,BLEWE,,25,could_not_test,FALSE,TRUE,TRUE,,,,FALSE,FALSE,4,5.0,1,"Review and rate your favourite movie, tv show or game and connect with friends of the same personal interest.

Blewe aims to provide a bona fide blend between social networking and a review platform of entertainment.

You will be able to review and rate your favourite movie, tv show or game whilst being able to connect with friends of the same personal interest or choice of entertainment.",2016-08-31,5171,0.0.0.2,"[""MANIFEST_MIGRATED""]",https://blewe.com,TRUE,48.91115,,aoihghfnnhcifinbmgadnmiifjamacnb,"{""webRequest"": 0, ""html_lines"": 0, ""storage_local"": 0, ""background_page"": 0, ""content_scripts"": 0, ""dangerous_permissions"": 0, ""host_permissions"": 0, ""crypto_patterns"": 0, ""network_requests"": 0, ""extension_size"": 0, ""api_renames"": 1, ""manifest_changes"": 3, ""file_modifications"": 0, ""webRequest_to_dnr_migrations"": 0}",2026-06-03T15:51:18.221000,2026-06-03T15:51:18.221000,,could_not_test
report_1768666463423_gmooodaaiajibooecmgalmghbccbhikn,Estimated 1RM Calculator (function),,25,could_not_test,FALSE,TRUE,TRUE,,,,TRUE,FALSE,"10,000",4.8,438,"Make calculating your E1RM super easy! This function uses the RPE chart described in The Bridge ebook from Barbell Medicine as the…

Make calculating your E1RM super easy! This function uses the RPE chart described in The Bridge ebook from Barbell Medicine as the basis for its calculations. If you're creating your own spreadsheet for tracking your Barbell Medicine related lifting, this is going to be a helpful function for you.",2018-07-04,2826,0.0.0.1,"[""MANIFEST_MIGRATED""]",,TRUE,51.213031375,,konmhndloeipcibcmpjalnfpcalfkbhp,"{""webRequest"": 0, ""html_lines"": 0, ""storage_local"": 0, ""background_page"": 0, ""content_scripts"": 0, ""dangerous_permissions"": 0, ""host_permissions"": 0, ""crypto_patterns"": 0, ""network_requests"": 0, ""extension_size"": 0, ""api_renames"": 1, ""manifest_changes"": 3, ""file_modifications"": 0, ""webRequest_to_dnr_migrations"": 0}",2026-06-03T15:52:24.281000,2026-06-03T15:52:24.281000,,could_not_test
report_1768647851381_lhmliamcnkidjmpkehhdobloflkinjkm,Datawrap,,25,could_not_test,FALSE,TRUE,TRUE,,,,FALSE,FALSE,150,3.0,2,"An awesome tool for Awesome data analysis

Datawrap es una herramienta pensada para recibir, almacenar y gestionar información a travez de archivos de excel y siendo procesada para obtener reportes basados en tablas y graficas.",2020-07-19,8038,0.0.1,"[""MANIFEST_MIGRATED""]",https://nue.com.mx,TRUE,20.381605291,,phhnnjmjgolnbolohmhbpkkfnhnadpbg,"{""webRequest"": 0, ""html_lines"": 0, ""storage_local"": 0, ""background_page"": 0, ""content_scripts"": 0, ""dangerous_permissions"": 0, ""host_permissions"": 0, ""crypto_patterns"": 0, ""network_requests"": 0, ""extension_size"": 0, ""api_renames"": 1, ""manifest_changes"": 3, ""file_modifications"": 0, ""webRequest_to_dnr_migrations"": 0}",2026-06-03T15:53:07.640000,2026-06-03T15:53:07.640000,,could_not_test
report_1768660319960_ehijbdhgohbfpmkpjlldgjdlnlgaigpa,New Tab No Shortcuts,,25,yes,FALSE,TRUE,TRUE,,,,FALSE,FALSE,17,5.0,2,"Replaces the New Tab page with google.com.

This extension replaces the standard new tab page with google.com. All new windows and tabs will open directly to google.com.

This is for people who don't want to worry about which frequently visited sites may show up on the new tab page, or who would prefer all new tabs to open directly to google.com.",2020-02-02,9031,1.1,"[""MANIFEST_MIGRATED"", ""NEW_TAB_OVERRIDE""]",,TRUE,10.236523625,,mhmhdkokgcdoffpfbjonifikciaalmpf,"{""webRequest"": 0, ""html_lines"": 1, ""storage_local"": 0, ""background_page"": 0, ""content_scripts"": 0, ""dangerous_permissions"": 0, ""host_permissions"": 0, ""crypto_patterns"": 0, ""network_requests"": 0, ""extension_size"": 0, ""api_renames"": 1, ""manifest_changes"": 3, ""file_modifications"": 0, ""webRequest_to_dnr_migrations"": 0}",2026-06-03T15:53:22.208000,2026-06-03T15:53:22.208000,,yes
report_1768660604713_cmpnokappeagbppedghnpngakhfjeenh,Global Stike,,25,could_not_test,FALSE,TRUE,TRUE,,,,FALSE,FALSE,10,,,,,,1.0.1,"[""MANIFEST_MIGRATED"", ""CSP_VALUE_MODIFIED""]",,TRUE,10.650148167,,iffoooedmcnghpgdkaebfepbagcbicop,"{""webRequest"": 0, ""html_lines"": 0, ""storage_local"": 0, ""background_page"": 0, ""content_scripts"": 0, ""dangerous_permissions"": 0, ""host_permissions"": 0, ""crypto_patterns"": 0, ""network_requests"": 0, ""extension_size"": 0, ""api_renames"": 1, ""manifest_changes"": 3, ""file_modifications"": 0, ""webRequest_to_dnr_migrations"": 0}",2026-06-03T15:53:37.471000,2026-06-03T15:53:37.471000,,could_not_test
report_1768649712890_gmnbooobfpmpneahdodoiddocbbjllga,Tabula Rasa,,25,yes,FALSE,TRUE,TRUE,,,TRUE,FALSE,TRUE,2,5.0,1,The best New Tab page is a blank one.,2012-07-25,15902,1.0,"[""MANIFEST_MIGRATED"", ""NEW_TAB_OVERRIDE""]",,TRUE,9.216416125,,pfgdcebeaipgdhmihejolhllmnpclblo,"{""webRequest"": 0, ""html_lines"": 1, ""storage_local"": 0, ""background_page"": 0, ""content_scripts"": 0, ""dangerous_permissions"": 0, ""host_permissions"": 0, ""crypto_patterns"": 0, ""network_requests"": 0, ""extension_size"": 0, ""api_renames"": 1, ""manifest_changes"": 3, ""file_modifications"": 0, ""webRequest_to_dnr_migrations"": 0}",2026-06-03T15:53:50.316000,2026-06-03T15:53:50.316000,,yes
report_1768667462790_kmphjdfgonpipmgpgojacmogkbdegoma,Send SMS from Google Sheet,Failed to load extension from: /private/var/folders/cb/cw_,25,no,FALSE,FALSE,FALSE,,TRUE,,FALSE,FALSE,14,,,,,,8.0,"[""MANIFEST_MIGRATED""]",,TRUE,6.745444375,,ioenhafggjeoendncbpdiicdiicdjimd,"{""webRequest"": 0, ""html_lines"": 0, ""storage_local"": 0, ""background_page"": 0, ""content_scripts"": 0, ""dangerous_permissions"": 0, ""host_permissions"": 0, ""crypto_patterns"": 0, ""network_requests"": 0, ""extension_size"": 0, ""api_renames"": 1, ""manifest_changes"": 3, ""file_modifications"": 0, ""webRequest_to_dnr_migrations"": 0}",2026-06-03T15:54:04.701000,2026-06-03T15:54:04.701000,,no
report_1768664807916_gkbbpmgpfcojfgboehcbnlgefilbpjfa,Gerador de CPF/CNPJ,Failed to load extension from: /private/var/folders/cb/cw_,25,no,FALSE,FALSE,FALSE,TRUE,TRUE,,FALSE,FALSE,"30,000",3.8,23,Gera CPF e CNPJ para fins de desenvolvimento de aplicações e testes.,2018-01-19,74414,1.0,"[""MANIFEST_MIGRATED"", ""HAS_BROWSER_POPUP""]",,TRUE,4.896364667,,adffhnigbmemfmcgndacjdmpeagmhmhb,"{""webRequest"": 0, ""html_lines"": 0, ""storage_local"": 0, ""background_page"": 0, ""content_scripts"": 0, ""dangerous_permissions"": 0, ""host_permissions"": 0, ""crypto_patterns"": 0, ""network_requests"": 0, ""extension_size"": 0, ""api_renames"": 1, ""manifest_changes"": 3, ""file_modifications"": 0, ""webRequest_to_dnr_migrations"": 0}",2026-06-03T15:54:48.219000,2026-06-03T15:54:48.219000,,yes
report_1768665821175_bilelmlnoiahicekaaaknngbncahhloa,PIZZARIA Integrale,Failed to load extension from: /private/var/folders/cb/cw_. Invalid type for 'default_popup'.,25,no,FALSE,FALSE,TRUE,TRUE,,,FALSE,FALSE,16,5.0,4,"Cardápio Pizzaria Integrale

Pedidos online Pizzaria Integrale",2018-08-06,33126,1.0,"[""MANIFEST_MIGRATED"", ""HAS_BROWSER_POPUP""]",,TRUE,5.857554416,,hcghgegolfhjekgieokjnkifolmhmepe,"{""webRequest"": 0, ""html_lines"": 0, ""storage_local"": 0, ""background_page"": 0, ""content_scripts"": 0, ""dangerous_permissions"": 0, ""host_permissions"": 0, ""crypto_patterns"": 0, ""network_requests"": 0, ""extension_size"": 0, ""api_renames"": 1, ""manifest_changes"": 3, ""file_modifications"": 0, ""webRequest_to_dnr_migrations"": 0}",2026-06-03T15:55:31.219000,2026-06-03T15:55:31.219000,,yes
report_1768652757309_bafajkcbalfkkdghjpgcaaopfalikmlk,A Few Good Plumbers,,25,could_not_test,FALSE,TRUE,TRUE,,TRUE,,FALSE,FALSE,268,4.0,8,"Have plumbing-related question?  Call A Few Good Plumbers!

Have plumbing-related questions?  Check out A Few Good Plumbers.  If you don't find your question answered there, feel free to give them a call!",2013-06-05,65679,0.2,"[""MANIFEST_MIGRATED"", ""HAS_BROWSER_POPUP""]",https://afewgoodplumbers.com,TRUE,18.550169291,,nlbjaajfamajjchcpfmabdmcbaeedaic,"{""webRequest"": 0, ""html_lines"": 0, ""storage_local"": 0, ""background_page"": 0, ""content_scripts"": 0, ""dangerous_permissions"": 0, ""host_permissions"": 0, ""crypto_patterns"": 0, ""network_requests"": 0, ""extension_size"": 0, ""api_renames"": 1, ""manifest_changes"": 3, ""file_modifications"": 0, ""webRequest_to_dnr_migrations"": 0}",2026-06-03T15:55:51.762000,2026-06-03T15:55:51.762000,,could_not_test
report_1768646867888_kmfkgbembmgpplalpecdfmfflcnagmgg,What did you say?,,25,could_not_test,FALSE,TRUE,FALSE,TRUE,,,FALSE,FALSE,73,5.0,1,"This extension rewinds 10 seconds and turns on subtitles.

Rewinds a certain number of seconds back (customizable) and turns on subtitles so you can hear what you missed.


Keyboard shortcuts in next update


Usecase as suggested on HackerNews: https://news.ycombinator.com/item?id=19584984",2019-07-12,31887,1.0,"[""MANIFEST_MIGRATED"", ""HAS_BROWSER_POPUP""]",,TRUE,62.668811084,,glllfmibomedhbpomceafponabppfgmg,"{""webRequest"": 0, ""html_lines"": 0, ""storage_local"": 0, ""background_page"": 0, ""content_scripts"": 0, ""dangerous_permissions"": 0, ""host_permissions"": 0, ""crypto_patterns"": 0, ""network_requests"": 0, ""extension_size"": 0, ""api_renames"": 1, ""manifest_changes"": 3, ""file_modifications"": 0, ""webRequest_to_dnr_migrations"": 0}",2026-06-03T15:57:54.358000,2026-06-03T15:57:54.358000,,could_not_test
report_1768658631833_lohpdfikcbegjgnjbindmhkkmbjkbhhf,Todays List,,25,could_not_test,FALSE,TRUE,TRUE,,,TRUE,FALSE,TRUE,23,3.0,2,,,,1.3.8,"[""MANIFEST_MIGRATED""]",,TRUE,13.076142375,,jpgcjkmidbpmegfpnckhcbdmbmhobnjg,"{""webRequest"": 0, ""html_lines"": 0, ""storage_local"": 0, ""background_page"": 0, ""content_scripts"": 0, ""dangerous_permissions"": 0, ""host_permissions"": 0, ""crypto_patterns"": 0, ""network_requests"": 0, ""extension_size"": 0, ""api_renames"": 1, ""manifest_changes"": 3, ""file_modifications"": 0, ""webRequest_to_dnr_migrations"": 0}",2026-06-03T15:58:41.739000,2026-06-03T15:58:41.739000,,could_not_test
report_1768667456285_lgmhegdgggelpbnijfadbghbhhkgkiae,Tecnohoy Venezuela,Failed to load extension from: /private/var/folders/cb/cw_. Invalid type for 'default_popup'.,25,no,FALSE,FALSE,TRUE,TRUE,,,FALSE,FALSE,"1,000",3.0,2,"El blog de Tecnología de Venezuela

Entérate de la tecnología al ritmo de hoy con Tecnohoy.com.ve, el blog de tecnología de Venezuela.

Somos un portal de noticias de Tecnología y tendencias digitales, móviles, web y redes sociales, en la segunda lengua usada en                      internet: Español.  Cubrimos a diario la huella de la Tecnología en nuestra sociedad.

Nuestra audiencia incluye TecnoPioneros, entusiastas del social media, profesionales del mercadeo en línea, entusiastas del software libre, blogueros y otros agentes de la economía digital.

Síguenos en twitter: @tecnohoy.com.ve
facebook www.facebook.com/tecnohoyve
youtube.com/user/tecnohoyve",2013-06-25,18974,0.1,"[""MANIFEST_MIGRATED"", ""CSP_VALUE_MODIFIED"", ""HAS_BROWSER_POPUP""]",https://tecnohoy.com.ve,TRUE,13.736202458,,cgpopilahkkaonoibdgcpaehcflnkklj,"{""webRequest"": 0, ""html_lines"": 0, ""storage_local"": 0, ""background_page"": 0, ""content_scripts"": 0, ""dangerous_permissions"": 0, ""host_permissions"": 0, ""crypto_patterns"": 0, ""network_requests"": 0, ""extension_size"": 0, ""api_renames"": 1, ""manifest_changes"": 3, ""file_modifications"": 0, ""webRequest_to_dnr_migrations"": 0}",2026-06-03T15:59:04.955000,2026-06-03T15:59:04.955000,,could_not_test
report_1768655416434_oipmhfjfahhabmkhmicdfnejhmdfbhal,SyncThemCalendars,,25,could_not_test,FALSE,TRUE,TRUE,,TRUE,,FALSE,FALSE,132,4.5,6,"A service which allows users to sync multiple calendars across Google Accounts

SyncThemCalendars lets you synchronize your calendars. With our service, you can block time in one calendar, based on meetings in another calendar. For example, you can have all events from your personal calendar to show in your work calendar. You can even mark events in the target calendar as private, or share only parts of the data.",2019-05-27,11857,1.0.1,"[""MANIFEST_MIGRATED""]",https://syncthemcalendars.com,TRUE,16.018368792,,gaojhcekjhdbeibcjbobdnjabihchgcj,"{""webRequest"": 0, ""html_lines"": 0, ""storage_local"": 0, ""background_page"": 0, ""content_scripts"": 0, ""dangerous_permissions"": 0, ""host_permissions"": 0, ""crypto_patterns"": 0, ""network_requests"": 0, ""extension_size"": 0, ""api_renames"": 1, ""manifest_changes"": 3, ""file_modifications"": 0, ""webRequest_to_dnr_migrations"": 0}",2026-06-03T15:59:23.239000,2026-06-03T15:59:23.239000,,could_not_test
report_1768667801996_jbechfecfopmbkieihklnfmelnboccgj,SkySplore Search Engine,,25,yes,FALSE,TRUE,TRUE,,TRUE,,FALSE,FALSE,153,4.7,13,,,,1.0,"[""MANIFEST_MIGRATED""]",,TRUE,14.286842292,,iebcnmngfmbgmjbikgjdoddhgjdpaehi,"{""webRequest"": 0, ""html_lines"": 0, ""storage_local"": 0, ""background_page"": 0, ""content_scripts"": 0, ""dangerous_permissions"": 0, ""host_permissions"": 0, ""crypto_patterns"": 0, ""network_requests"": 0, ""extension_size"": 0, ""api_renames"": 1, ""manifest_changes"": 3, ""file_modifications"": 0, ""webRequest_to_dnr_migrations"": 0}",2026-06-03T15:59:42.458000,2026-06-03T15:59:42.458000,,yes
report_1768654969081_kdlldkmdldhhichhafohldmgpicfnfcc,CleanThis,,25,could_not_test,FALSE,TRUE,TRUE,,,,FALSE,FALSE,3,,,Google document template cleaner.,2014-08-09,48117,0.0.0.1,"[""MANIFEST_MIGRATED""]",https://script.google.com/macros/s/AKfycbxWTnU3h77g97mieEotLAeSuR2rmCuVQCdFYLZhNptEYA6ccGM,TRUE,20.24405575,,fodnjpelpfdaponinleoclalnhacdfmj,"{""webRequest"": 0, ""html_lines"": 0, ""storage_local"": 0, ""background_page"": 0, ""content_scripts"": 0, ""dangerous_permissions"": 0, ""host_permissions"": 0, ""crypto_patterns"": 0, ""network_requests"": 0, ""extension_size"": 0, ""api_renames"": 1, ""manifest_changes"": 3, ""file_modifications"": 0, ""webRequest_to_dnr_migrations"": 0}",2026-06-03T16:00:04.476000,2026-06-03T16:00:04.476000,,could_not_test
report_1768666722978_dndbkpllcondbfdmbbflpdajhlliaaoh,Slotsspot: theme for browser Chrome,Failed to load extension from: /private/var/folders/cb/cw_,25,no,FALSE,FALSE,FALSE,,,,FALSE,FALSE,215,5.0,1,"An exciting theme for the browser in the style of gambling movies

A simple web browser theme for Google Chrome, created for those who like the feeling of excitement. Brand Slotsspot just started this activity and its web developers hope that the next versions will be only better.",2020-08-25,44728,1.0,"[""MANIFEST_MIGRATED""]",https://jeffjeremy.blogspot.com,TRUE,6.455856042,,jifgdinlemmbjjabganbldnbfnkkidhf,"{""webRequest"": 0, ""html_lines"": 0, ""storage_local"": 0, ""background_page"": 0, ""content_scripts"": 0, ""dangerous_permissions"": 0, ""host_permissions"": 0, ""crypto_patterns"": 0, ""network_requests"": 0, ""extension_size"": 0, ""api_renames"": 1, ""manifest_changes"": 3, ""file_modifications"": 0, ""webRequest_to_dnr_migrations"": 0}",2026-06-03T16:00:18.776000,2026-06-03T16:00:18.776000,,yes
report_1768659192279_fgammopmbkkafkclbikopphkeeilajba,allround-login,,25,no,FALSE,TRUE,FALSE,TRUE,,TRUE,FALSE,TRUE,94,5.0,3,"Quickly login to allround

This is a companion chrome web store tool which helps students to quickly login to our student portal and access their resources and class recordings.

This app only works in companion to an allround account, and does not have any independent utility.",2021-12-30,7075,1.0.0,"[""MANIFEST_MIGRATED"", ""HAS_BROWSER_POPUP""]",https://allroundclub.com,TRUE,17.687027417,,fafjdbenbdpjebkejkjpldncikbddpef,"{""webRequest"": 0, ""html_lines"": 0, ""storage_local"": 0, ""background_page"": 0, ""content_scripts"": 0, ""dangerous_permissions"": 0, ""host_permissions"": 0, ""crypto_patterns"": 0, ""network_requests"": 0, ""extension_size"": 0, ""api_renames"": 1, ""manifest_changes"": 3, ""file_modifications"": 0, ""webRequest_to_dnr_migrations"": 0}",2026-06-03T16:00:55.772000,2026-06-03T16:00:55.772000,,could_not_test
report_1768660617541_mhmhdkokgcdoffpfbjonifikciaalmpf,Goals Tracker,,25,no,FALSE,TRUE,FALSE,,,TRUE,FALSE,TRUE,108,,,"This app helps you to keep track of any and all of your Goals. Consider this app as your north star!

‘Goals Tracker’ helps you to keep track of all your goals(new year resolutions), by tracking each of them with metrics
Define the list of goals(new year resolutions) that you want to achieve and let the ‘Goals Tracker’ takes care of automating the process of creating daily sheets and keeping track of your progress for every single goal.

Usage Instructions:
‘Formulas’ sheet should contain the formulas that needs to be applied on the accumulated value.
‘Progress’ sheet keeps track of your overall progress by accumulating values from all the daily sheets.
‘Target’ sheet is used to define the goals that you want to achieve.
‘Pending’ sheet indicates how far you are with each of your goals and how much is pending to achieve your goals.

AddOn Instructions:
Open the ‘Goals Tracker’ Add On and enable the ‘Daily Trigger’ switch to let the ‘Goals Tracker’ take care of creating a daily sheet at the start of the day by duplicating the last day’s sheet. It also takes care of updating the Progress sheet by taking all the values from all of your daily sheets.
Use the ‘Sync’ button in the ‘Goals Tracker’ Add On to update the Progress sheet, if you don’t want to wait till the end of the day. 


For more information on how to use this, visit: https://iportbytes.com/GoalsTracker/AddOn/",2024-03-10,2877,1.0,"[""MANIFEST_MIGRATED""]",https://iportbytes.com,TRUE,17.757422708,,lolapmlhhkkfapecigdoocngfbfhdmnk,"{""webRequest"": 0, ""html_lines"": 0, ""storage_local"": 0, ""background_page"": 0, ""content_scripts"": 0, ""dangerous_permissions"": 0, ""host_permissions"": 0, ""crypto_patterns"": 0, ""network_requests"": 0, ""extension_size"": 0, ""api_renames"": 1, ""manifest_changes"": 3, ""file_modifications"": 0, ""webRequest_to_dnr_migrations"": 0}",2026-06-03T16:01:15.808000,2026-06-03T16:01:15.808000,,could_not_test
report_1768659103819_bamekgeijlhgjcoicenppddmnfpjiehi,Blank New Tab,,25,yes,FALSE,TRUE,TRUE,,,TRUE,FALSE,TRUE,19,5.0,1,"Create a blank new tab without any existing content.

This plugin makes the new tab page complete blank.",2018-09-26,3420,0.0.2,"[""MANIFEST_MIGRATED"", ""HAS_BROWSER_POPUP"", ""NEW_TAB_OVERRIDE""]",https://yifanwu.net,TRUE,13.966144708,,pijgifejpphcjkhjnkfehdmappklajcn,"{""webRequest"": 0, ""html_lines"": 1, ""storage_local"": 0, ""background_page"": 0, ""content_scripts"": 0, ""dangerous_permissions"": 0, ""host_permissions"": 0, ""crypto_patterns"": 0, ""network_requests"": 0, ""extension_size"": 0, ""api_renames"": 1, ""manifest_changes"": 3, ""file_modifications"": 0, ""webRequest_to_dnr_migrations"": 0}",2026-06-03T16:01:31.891000,2026-06-03T16:01:31.891000,,yes
report_1768662466989_bkmcpnlagnikhedkokddoddpfabiplhk,AppEncuestas,Failed to load extension from: /private/var/folders/cb/cw_,25,no,FALSE,FALSE,FALSE,,,FALSE,FALSE,TRUE,154,5.0,5,,,,3,"[""MANIFEST_MIGRATED""]",,TRUE,5.122419375,,boekfjjlekafbaldmpoimjbcecnfjohd,"{""webRequest"": 0, ""html_lines"": 0, ""storage_local"": 0, ""background_page"": 0, ""content_scripts"": 0, ""dangerous_permissions"": 0, ""host_permissions"": 0, ""crypto_patterns"": 0, ""network_requests"": 0, ""extension_size"": 0, ""api_renames"": 1, ""manifest_changes"": 3, ""file_modifications"": 0, ""webRequest_to_dnr_migrations"": 0}",2026-06-03T16:01:43.106000,2026-06-03T16:01:43.106000,,could_not_test
report_1768666799983_gakcignnkgijjenjbjkodalafgaacdgo,Casino Bonus Tips,,25,could_not_test,FALSE,TRUE,FALSE,,,,FALSE,FALSE,,,,"Improve your online gambling journey with Casino Bonus Tips reviews and articles.

Casino Bonus Tips is an online gambling encyclopedia, which allow players to have a safe and enjoyable journey in the World’s top online gambling stations. We provide online casino reviews, informative articles, blogs, tips and strategies, Exclusive No Deposit and Deposit bonus codes and a lot more. To make things simpler and yet effective, we constantly update our website with all the latest Industry news and regulations. We have reviewed online casinos on the basis  of software's, bonuses, games, services, fairness. We have a special program for our players which help them to grab some amazing an lucrative gift hamper by their active participation on CBT. We feel that the industry is growing at a very fast rate and to maintain the equilibrium, we need to be very specific and precise. We have categorized online casinos on their respective location and this has  allowed our players to select them in a better manner and get the biggest bang for their buck!",2016-11-17,29941,0.0.0.1,"[""MANIFEST_MIGRATED""]",https://www.casinobonustips.com,TRUE,24.684406792,,iagmopmpiecjlmiebkcmlidkcajmalli,"{""webRequest"": 0, ""html_lines"": 0, ""storage_local"": 0, ""background_page"": 0, ""content_scripts"": 0, ""dangerous_permissions"": 0, ""host_permissions"": 0, ""crypto_patterns"": 0, ""network_requests"": 0, ""extension_size"": 0, ""api_renames"": 1, ""manifest_changes"": 3, ""file_modifications"": 0, ""webRequest_to_dnr_migrations"": 0}",2026-06-03T16:02:14.337000,2026-06-03T16:02:14.337000,,could_not_test
report_1768659557826_mkhnlogngigmbdjpckmemecplmpijbbm,Countdown to Christmas Day,,25,yes,FALSE,TRUE,TRUE,TRUE,,,FALSE,FALSE,,,,"Countdown to Christmas Day. It will works endlessly year after year, forever.

Would you like to know how many time is left to Christmas?

This extension pops up a very clear and lightweight countdown that is showing you the remaining time to Christmas.
It works endlessly, year after year, because of the developed algorithm.",2020-07-30,29849,1.0.0,"[""MANIFEST_MIGRATED"", ""HAS_BROWSER_POPUP"", ""MINIFIED_CODE""]",,TRUE,13.530963708,,idlfipfkeckfbnknbmeadjgjdicgjjli,"{""webRequest"": 0, ""html_lines"": 1, ""storage_local"": 0, ""background_page"": 0, ""content_scripts"": 0, ""dangerous_permissions"": 0, ""host_permissions"": 0, ""crypto_patterns"": 0, ""network_requests"": 0, ""extension_size"": 0, ""api_renames"": 1, ""manifest_changes"": 3, ""file_modifications"": 0, ""webRequest_to_dnr_migrations"": 0}",2026-06-03T16:02:29.941000,2026-06-03T16:02:29.941000,,yes
report_1768648814050_gnapooibnagamngemlkkjmjfkmgbdmcl,Placeholder - Test,,25,yes,FALSE,TRUE,TRUE,,,,FALSE,FALSE,174,5.0,7,,,,0.0.1,"[""MANIFEST_MIGRATED""]",,TRUE,12.894567375,,ahepglganllfpmdkkldabebaioanjclb,"{""webRequest"": 0, ""html_lines"": 0, ""storage_local"": 0, ""background_page"": 0, ""content_scripts"": 0, ""dangerous_permissions"": 0, ""host_permissions"": 0, ""crypto_patterns"": 0, ""network_requests"": 0, ""extension_size"": 0, ""api_renames"": 1, ""manifest_changes"": 3, ""file_modifications"": 0, ""webRequest_to_dnr_migrations"": 0}",2026-06-03T16:02:44.593000,2026-06-03T16:02:44.593000,,yes
report_1768648170631_gnapooibnagamngemlkkjmjfkmgbdmcl,Background Process,,25,could_not_test,FALSE,TRUE,TRUE,,,,FALSE,FALSE,174,5.0,7,Enable Google chrome to run in the background,2017-09-11,11212,1.0.1,"[""MANIFEST_MIGRATED""]",,TRUE,19.971880958,,odmfafdmbbiaffplpdpkopidchedjhof,"{""webRequest"": 0, ""html_lines"": 0, ""storage_local"": 0, ""background_page"": 0, ""content_scripts"": 0, ""dangerous_permissions"": 0, ""host_permissions"": 0, ""crypto_patterns"": 0, ""network_requests"": 0, ""extension_size"": 0, ""api_renames"": 1, ""manifest_changes"": 3, ""file_modifications"": 0, ""webRequest_to_dnr_migrations"": 0}",2026-06-03T16:03:06.779000,2026-06-03T16:03:06.779000,,could_not_test
report_1768652388200_kccnkinkappfjppknffcpjkhkpambgfm,Firebase Auth in Chrome Extension Sample,,25,could_not_test,FALSE,TRUE,TRUE,,,,TRUE,FALSE,40,5.0,2,"This sample shows how to authorize Firebase in a Chrome extension using a Google account.

testing purposes to make sur connection to database works.",2020-06-20,2908,0.1,"[""MANIFEST_MIGRATED""]",,TRUE,11.98029925,,dglcceamkcjlcoblhkmjcgnmkpbjofeh,"{""webRequest"": 0, ""html_lines"": 0, ""storage_local"": 0, ""background_page"": 0, ""content_scripts"": 0, ""dangerous_permissions"": 0, ""host_permissions"": 0, ""crypto_patterns"": 0, ""network_requests"": 0, ""extension_size"": 0, ""api_renames"": 1, ""manifest_changes"": 3, ""file_modifications"": 0, ""webRequest_to_dnr_migrations"": 0}",2026-06-03T16:03:33.299000,2026-06-03T16:03:33.299000,,could_not_test
report_1768652866255_edcmdkajjaphafjijhpebmeaogoeeeam,Добавьте Mail.Ru как домашнюю страницу,,25,could_not_test,FALSE,TRUE,TRUE,,,,FALSE,FALSE,,,,"Лёгкая установка домашней страницы в браузере

Лёгкая возможность установить главную страницу Mail.Ru как домашнюю страницу в браузере Chrome. 
Устанавливая программу, вы принимаете условия Лицензионного соглашения https://help.mail.ru/legal/exts-eula",2016-06-30,34918,1.0.9,"[""MANIFEST_MIGRATED""]",https://mail.ru,TRUE,18.344192625,,dafeagfjbepchdnobdiagopikjnpebpj,"{""webRequest"": 0, ""html_lines"": 0, ""storage_local"": 0, ""background_page"": 0, ""content_scripts"": 0, ""dangerous_permissions"": 0, ""host_permissions"": 0, ""crypto_patterns"": 0, ""network_requests"": 0, ""extension_size"": 0, ""api_renames"": 1, ""manifest_changes"": 3, ""file_modifications"": 0, ""webRequest_to_dnr_migrations"": 0}",2026-06-03T16:03:54.512000,2026-06-03T16:03:54.512000,,could_not_test
report_1768652851577_edcmdkajjaphafjijhpebmeaogoeeeam,New Tab G,,25,yes,FALSE,TRUE,TRUE,,,,FALSE,FALSE,,,,"New tab goes to https://www.google.com.

Free, MIT-licensed, open, minimalistic Chrome extension that only opens https://www.google.com in your new tabs. No Chromium permissions required. Source/project available at https://github.com/garysweaver/newtabg/",2014-03-07,4638,1.0.0,"[""MANIFEST_MIGRATED"", ""NEW_TAB_OVERRIDE""]",,TRUE,10.856146125,,bamekgeijlhgjcoicenppddmnfpjiehi,"{""webRequest"": 0, ""html_lines"": 1, ""storage_local"": 0, ""background_page"": 0, ""content_scripts"": 0, ""dangerous_permissions"": 0, ""host_permissions"": 0, ""crypto_patterns"": 0, ""network_requests"": 0, ""extension_size"": 0, ""api_renames"": 1, ""manifest_changes"": 3, ""file_modifications"": 0, ""webRequest_to_dnr_migrations"": 0}",2026-06-03T16:04:10.200000,2026-06-03T16:04:10.200000,,yes
report_1768653456729_ddgeoiinlegnjidaghdopghdggkclbid,Out Of Office Jobs,,25,could_not_test,FALSE,TRUE,TRUE,,,,FALSE,FALSE,122,,,"Out Of The Office Jobs. Hire remote! Work from anywhere.

Out Of The Office Jobs is only for jobs that allow people to work anywhere—away from the company office. Find qualified people in unexpected places: Hire remote!",2016-05-22,13547,0.0.0.5,"[""MANIFEST_MIGRATED""]",https://outofofficejobs.net,TRUE,17.595026708,,cmpnokappeagbppedghnpngakhfjeenh,"{""webRequest"": 0, ""html_lines"": 0, ""storage_local"": 0, ""background_page"": 0, ""content_scripts"": 0, ""dangerous_permissions"": 0, ""host_permissions"": 0, ""crypto_patterns"": 0, ""network_requests"": 0, ""extension_size"": 0, ""api_renames"": 1, ""manifest_changes"": 3, ""file_modifications"": 0, ""webRequest_to_dnr_migrations"": 0}",2026-06-03T16:04:30.959000,2026-06-03T16:04:30.959000,,could_not_test
report_1768654080526_ofoaklobkijcpfchnpmamnkodekhpgla,Shortcut disabler,regarding diff: idk does not work in this set,25,no,FALSE,TRUE,TRUE,,TRUE,,FALSE,FALSE,15,4.0,1,An extension with no functionality but with this extension you are able to disable browser shortcuts.,2019-01-10,3041,1.1,"[""MANIFEST_MIGRATED""]",,TRUE,20.199208167,,jfnmofjjjaobphckdeinkndhfncljpce,"{""webRequest"": 0, ""html_lines"": 0, ""storage_local"": 0, ""background_page"": 0, ""content_scripts"": 0, ""dangerous_permissions"": 0, ""host_permissions"": 0, ""crypto_patterns"": 0, ""network_requests"": 0, ""extension_size"": 0, ""api_renames"": 1, ""manifest_changes"": 3, ""file_modifications"": 0, ""webRequest_to_dnr_migrations"": 0}",2026-06-03T16:04:55.742000,2026-06-03T16:04:55.742000,,no
report_1768654400558_ifinhiedefieainkbjjjcomcfnjceofd,Extra Characters,,25,could_not_test,TRUE,TRUE,TRUE,,TRUE,,FALSE,FALSE,"2,000",4.6,13,"Do you want more of the functionality of Microsoft Word while using Google Documents?  Extra Characters helps to bridge the gap by…

Do you want more of the functionality of Microsoft Word while using Google Documents?  Extra Characters helps to bridge the gap by improving how accented characters are added to a Google Document.  The easy to use system provided by Extra Characters helps you to make the most of this powerful free software.

To get started just download the add on and go to your tools tab in the Google Documents page.  Then activate Extra Characters and follow the submenu.  From there you can start clicking on the various letters to add them to your page.

Current version supports Spanish Language additional characters and does not support alt key number pad codes at this time, this may be implemented on a future version.  However more characters can be added if individuals request them.",2019-02-21,2816,0.0.0.1,"[""MANIFEST_MIGRATED""]",https://nololproductions.blogspot.com,TRUE,17.683034542,,bfbljmnkhmljnlpfndlmoeohckhghgcg,"{""webRequest"": 0, ""html_lines"": 0, ""storage_local"": 0, ""background_page"": 0, ""content_scripts"": 0, ""dangerous_permissions"": 0, ""host_permissions"": 0, ""crypto_patterns"": 0, ""network_requests"": 0, ""extension_size"": 0, ""api_renames"": 1, ""manifest_changes"": 3, ""file_modifications"": 0, ""webRequest_to_dnr_migrations"": 0}",2026-06-03T16:05:15.509000,2026-06-03T16:05:15.509000,,could_not_test
report_1768655007497_eockakolmhcbpimokdidgpjgemlhajib,getflynews,,25,no,FALSE,TRUE,FALSE,TRUE,TRUE,,FALSE,FALSE,59,,,"best latest news, tricks, and informative content.

getflynews chrome extension is the official chrome extension of getflynews.com. This is a very good extension for news and information content and it is absolutely free.",2021-05-29,7024,1.0,"[""MANIFEST_MIGRATED"", ""HAS_BROWSER_POPUP""]",https://getflynews.com,TRUE,20.906617625,,pcmoeemedgaidojflmkfhpgfcbclhnoa,"{""webRequest"": 0, ""html_lines"": 1, ""storage_local"": 0, ""background_page"": 0, ""content_scripts"": 0, ""dangerous_permissions"": 0, ""host_permissions"": 0, ""crypto_patterns"": 0, ""network_requests"": 0, ""extension_size"": 0, ""api_renames"": 1, ""manifest_changes"": 3, ""file_modifications"": 0, ""webRequest_to_dnr_migrations"": 0}",2026-06-03T16:05:38.455000,2026-06-03T16:05:38.455000,,could_not_test
report_1768655582129_dkheaplknmplgdcaffadpicnbooojlob,Loadedcamp Media,,25,could_not_test,FALSE,TRUE,TRUE,,TRUE,,FALSE,FALSE,55,5.0,2,"Latest music, videos, gist, Forum discussions, download music tracks free, watch and/or download free video clips etc.

Global forum and media download center. No 1 hub for latest music, videos, music, gist etc. Forum discussions, download music tracks free, watch and/or download free video clips, photo sharing, all and more on Loadedcamp.com",2015-10-13,19609,0.0.1,"[""MANIFEST_MIGRATED""]",https://www.loadedcamp.com,TRUE,41.178292,,dpdgihjlickjhbckeonffhjajkbomeoc,"{""webRequest"": 0, ""html_lines"": 0, ""storage_local"": 0, ""background_page"": 0, ""content_scripts"": 0, ""dangerous_permissions"": 0, ""host_permissions"": 0, ""crypto_patterns"": 0, ""network_requests"": 0, ""extension_size"": 0, ""api_renames"": 1, ""manifest_changes"": 3, ""file_modifications"": 0, ""webRequest_to_dnr_migrations"": 0}",2026-06-03T16:06:23.864000,2026-06-03T16:06:23.864000,,could_not_test
report_1768656166564_bhdpmbpminknceljfkeofijhiiebaggk,ReadyBetWin,,25,could_not_test,FALSE,TRUE,TRUE,,,,FALSE,FALSE,"1,000",4.7,3,,,,1.0,"[""MANIFEST_MIGRATED""]",,TRUE,18.841857542,,ndpnnaadmfdnmlpmbdpdibblpgldeddc,"{""webRequest"": 0, ""html_lines"": 0, ""storage_local"": 0, ""background_page"": 0, ""content_scripts"": 0, ""dangerous_permissions"": 0, ""host_permissions"": 0, ""crypto_patterns"": 0, ""network_requests"": 0, ""extension_size"": 0, ""api_renames"": 1, ""manifest_changes"": 3, ""file_modifications"": 0, ""webRequest_to_dnr_migrations"": 0}",2026-06-03T16:06:45.210000,2026-06-03T16:06:45.210000,,could_not_test
report_1768666681841_pglpgjiofioelekfejodmbcapephbifm,Qr Code B2S,,25,could_not_test,TRUE,TRUE,TRUE,,TRUE,,FALSE,FALSE,938,4.1,7,"Converts Google Sheet URL to QR Code

An useful extension to that will enable you to link your Google SpreadSheet with ""Barcode to Sheet"" mobile app where you can Edit/Delete/Update Google Sheets Data from the app itself.

A QR code generator extension that will convert your Google Sheet URL to a QR Code, that will be used to link a google sheet to our another app ""Barcode to Sheet"".

Usages of the Barcode to Sheet App :

►Inventory Management

- Keep track of your inventory by updating into the sheets

►Warehouse Management

- Keep track of the products in your warehouse

►Attendance Management

- Keep record of attendance in schools & meetings

►Library Management

- Keep record of books present in library & update qty on return

►Records Keeping

- Keep records of tools, Logistics management

►Household Finance Planning

- Keep records of Earning & Expenses

►Healthcare Records Management

- Record of patient reports",2019-09-23,17049,3.0.0.0,"[""MANIFEST_MIGRATED""]",,TRUE,27.656163375,,andbigojninbopokegabdicgoppdoaok,"{""webRequest"": 0, ""html_lines"": 0, ""storage_local"": 0, ""background_page"": 0, ""content_scripts"": 0, ""dangerous_permissions"": 0, ""host_permissions"": 0, ""crypto_patterns"": 0, ""network_requests"": 0, ""extension_size"": 0, ""api_renames"": 1, ""manifest_changes"": 3, ""file_modifications"": 0, ""webRequest_to_dnr_migrations"": 0}",2026-06-03T16:07:14.770000,2026-06-03T16:07:14.770000,,could_not_test
report_1768663180349_doppjohmnkdkihfffhmghmkkjdodgmac,BTW CONSULTING,,25,could_not_test,FALSE,TRUE,TRUE,,,,FALSE,FALSE,159,3.0,2,,,,0.0.0.1,"[""MANIFEST_MIGRATED""]",,TRUE,13.694012916,,mfbnmhjdgbjddpeoeleimhhpblhkdhhm,"{""webRequest"": 0, ""html_lines"": 0, ""storage_local"": 0, ""background_page"": 0, ""content_scripts"": 0, ""dangerous_permissions"": 0, ""host_permissions"": 0, ""crypto_patterns"": 0, ""network_requests"": 0, ""extension_size"": 0, ""api_renames"": 1, ""manifest_changes"": 3, ""file_modifications"": 0, ""webRequest_to_dnr_migrations"": 0}",2026-06-03T16:07:49.011000,2026-06-03T16:07:49.011000,,could_not_test
report_1768664717464_eajaigmddpbnkeaailfddlenginhjgom,Runnr,,25,could_not_test,FALSE,TRUE,TRUE,,,,FALSE,FALSE,3,,,,,,0.1,"[""MANIFEST_MIGRATED""]",,TRUE,10.382368125,,dfcpillpkonfkgmodjgechmedhgolpbk,"{""webRequest"": 0, ""html_lines"": 0, ""storage_local"": 0, ""background_page"": 0, ""content_scripts"": 0, ""dangerous_permissions"": 0, ""host_permissions"": 0, ""crypto_patterns"": 0, ""network_requests"": 0, ""extension_size"": 0, ""api_renames"": 1, ""manifest_changes"": 3, ""file_modifications"": 0, ""webRequest_to_dnr_migrations"": 0}",2026-06-03T16:08:03.986000,2026-06-03T16:08:03.986000,,could_not_test
report_1768663861636_cfkkgopaiacecobboohbpbdfmnhebjef,Test by test4,,25,yes,FALSE,TRUE,TRUE,,TRUE,,FALSE,FALSE,377,,,,2017-01-20,2826,1.0.0,"[""MANIFEST_MIGRATED""]",,TRUE,13.004340041,,pfmiclpcbjkifkemapjeljlgcnomjmfa,"{""webRequest"": 0, ""html_lines"": 0, ""storage_local"": 0, ""background_page"": 0, ""content_scripts"": 0, ""dangerous_permissions"": 0, ""host_permissions"": 0, ""crypto_patterns"": 0, ""network_requests"": 0, ""extension_size"": 0, ""api_renames"": 1, ""manifest_changes"": 3, ""file_modifications"": 0, ""webRequest_to_dnr_migrations"": 0}",2026-06-03T16:08:21.292000,2026-06-03T16:08:21.292000,,yes
report_1768663477667_cgljhdjpgpmbhpaajafdnkndpjcfhiba,Movavi Photo Manager,Failed to load extension from: /private/var/folders/cb/cw_,25,no,FALSE,FALSE,FALSE,,,,FALSE,FALSE,"1,000",4.5,17,"Photo Organizer | Photo Management Software

Want to know how to organize photos into folders easily? This new photo organizing software from Movavi will help you save time managing your digital image collection.

What can you do?
Organize Photos
Find Duplicates
Edit Images

More Features:
Backup Copies
Automatic Album Creation
Photo Viewing

Movavi’s photo manager will organize all your image files in no time. Just sit back and relive those precious moments with your family or share vacation photo collections with your friends – no more work required!",2020-08-17,17336,2.1.,"[""MANIFEST_MIGRATED""]",https://www.movavi.com,TRUE,8.606966458,,gfcfmagkdjgmdjnmfjbhlfmoeclpglca,"{""webRequest"": 0, ""html_lines"": 0, ""storage_local"": 0, ""background_page"": 0, ""content_scripts"": 0, ""dangerous_permissions"": 0, ""host_permissions"": 0, ""crypto_patterns"": 0, ""network_requests"": 0, ""extension_size"": 0, ""api_renames"": 1, ""manifest_changes"": 3, ""file_modifications"": 0, ""webRequest_to_dnr_migrations"": 0}",2026-06-03T16:08:39.346000,2026-06-03T16:08:39.346000,,could_not_test
report_1768666975506_cdnbnjpokhedpejhealgmdkomkhicgaj,Disabled,,25,yes,FALSE,TRUE,TRUE,,,,FALSE,FALSE,124,5.0,1,"Does Chrome browser checks for updates for disabled extensions?

The extension tests whether Chrome browser checks for updates for disabled extensions.",2016-06-03,2846,0.0.4,"[""MANIFEST_MIGRATED""]",,TRUE,20.609473209,,melfmbkfjcljmhpolheccbkdmaoffdjd,"{""webRequest"": 0, ""html_lines"": 0, ""storage_local"": 0, ""background_page"": 0, ""content_scripts"": 0, ""dangerous_permissions"": 0, ""host_permissions"": 0, ""crypto_patterns"": 0, ""network_requests"": 0, ""extension_size"": 0, ""api_renames"": 1, ""manifest_changes"": 3, ""file_modifications"": 0, ""webRequest_to_dnr_migrations"": 0}",2026-06-03T16:09:04.730000,2026-06-03T16:09:04.730000,,yes
report_1768665796959_gapeaieebelnigjoefcapmmoiigpohic,about꞉black - empty new tab page,,25,yes,FALSE,TRUE,TRUE,,,,FALSE,FALSE,20,5.0,3,"About as black as a blank empty new tab page can be. No permissions needed and not going to be updated. Keep it stupid, simple!

about꞉black is one of those extensions that are necessary, but often overlooked by extension developers. It's as simple as it looks: it's empty, it's new and it's black. This is the best you can get till the web extension api is fully supported by Chromie and significant details about your currently installed theme like background color and image become available so that we can develop better and more functional new tab pages. Until then, may His Merciful Shadow fall upon new!",2024-06-18,4454,127.0.0.1,"[""MANIFEST_MIGRATED"", ""HAS_BROWSER_POPUP"", ""NEW_TAB_OVERRIDE""]",,TRUE,10.269304458,,ppamcpgjecjimecjahkfifanhkjodkae,"{""webRequest"": 0, ""html_lines"": 1, ""storage_local"": 0, ""background_page"": 0, ""content_scripts"": 0, ""dangerous_permissions"": 0, ""host_permissions"": 0, ""crypto_patterns"": 0, ""network_requests"": 0, ""extension_size"": 0, ""api_renames"": 1, ""manifest_changes"": 3, ""file_modifications"": 0, ""webRequest_to_dnr_migrations"": 0}",2026-06-03T16:09:17.266000,2026-06-03T16:09:17.266000,,yes
report_1768663070187_nlikcfpklmkpadifkojcafjfkdgkjjik,intentsearch.com,,25,yes,FALSE,TRUE,TRUE,,,,FALSE,FALSE,221,3.3,6,"Intentsearch.com helps you turn information into action, making searching faster and easier.

Intentsearch.com helps  you turn information into action, making searching simpler faster and easier . Intent Search is one of a kind search extensions that maintains your privacy online & pulls best results from across various search engines. This search engine extension protects users from being tracked while allowing them to search the web in complete privacy. Make Intentsearch.com as your default search engine to safeguard your privacy add the extension to your browser now.",2021-10-28,5754,1.3,"[""MANIFEST_MIGRATED""]",,TRUE,14.638074041,,eaaoedpoomkjfdlfhppcbflgdpfeaohb,"{""webRequest"": 0, ""html_lines"": 0, ""storage_local"": 0, ""background_page"": 0, ""content_scripts"": 0, ""dangerous_permissions"": 0, ""host_permissions"": 0, ""crypto_patterns"": 0, ""network_requests"": 0, ""extension_size"": 0, ""api_renames"": 1, ""manifest_changes"": 3, ""file_modifications"": 0, ""webRequest_to_dnr_migrations"": 0}",2026-06-03T16:09:33.663000,2026-06-03T16:09:33.663000,,yes
report_1768662649552_leibpgfpgbaidfiehplpjmbfdlichmpp,Firebase Auth in Chrome Extension Sample,,25,could_not_test,FALSE,TRUE,TRUE,,,,FALSE,FALSE,,,,This sample shows how to authorize Firebase in a Chrome extension using a Google account.,2019-01-22 00:00,2908,0.1,"[""MANIFEST_MIGRATED""]",,TRUE,17.023636792,,dkfmdjgeddbaikjkpjemidgkfaglamdb,"{""webRequest"": 0, ""html_lines"": 0, ""storage_local"": 0, ""background_page"": 0, ""content_scripts"": 0, ""dangerous_permissions"": 0, ""host_permissions"": 0, ""crypto_patterns"": 0, ""network_requests"": 0, ""extension_size"": 0, ""api_renames"": 1, ""manifest_changes"": 3, ""file_modifications"": 0, ""webRequest_to_dnr_migrations"": 0}",2026-06-03T16:09:54.585000,2026-06-03T16:09:54.585000,,could_not_test
report_1768661343105_mmiemoagbpljakpmiomollgpcgiehdim,askfalcon.com,,25,yes,FALSE,TRUE,TRUE,,,,FALSE,FALSE,"500,000",2.3,3,"Askfalcon - All Web Results, One Engine, We make search meaningful.

Askfalcon.com helps  you turn information into action, making searching simpler faster and easier . Ask Falcon is one of a kind search extensions that maintains your privacy online & pulls best results from across various search engines. This search engine extension protects users from being tracked while allowing them to search the web in complete privacy. Make askfalcon.com as your default search engine to safeguard your privacy add the extension to your browser now.   

Askfalcon is a private search engine with no tracking, storing, or selling users’ search history. By installing this plugin you would set your default search engine to askfalcon.com, this will allow you to get best search results from the web.",2021-10-21,40755,1.2,"[""MANIFEST_MIGRATED""]",https://askfalcon.com,TRUE,11.645629625,,jpidmonbpnhcpgdpefgkmgaoobcdgdbn,"{""webRequest"": 0, ""html_lines"": 0, ""storage_local"": 0, ""background_page"": 0, ""content_scripts"": 0, ""dangerous_permissions"": 0, ""host_permissions"": 0, ""crypto_patterns"": 0, ""network_requests"": 0, ""extension_size"": 0, ""api_renames"": 1, ""manifest_changes"": 3, ""file_modifications"": 0, ""webRequest_to_dnr_migrations"": 0}",2026-06-03T16:10:09.519000,2026-06-03T16:10:09.519000,,yes
report_1768658951349_njfmakabgionbalgnlpoiccgoecdeeoi,eTender Online,,25,could_not_test,FALSE,TRUE,TRUE,,,TRUE,FALSE,TRUE,2,,,"Het reserveringsboek voor elk restaurant

eTender is het reserveringsboek voor elk restaurant",2016-04-28,13629,1.2,"[""MANIFEST_MIGRATED""]",https://www.etender-online.com,TRUE,17.307967792,,mkpnghnaoaglmcnjediemmjncjmjmbnl,"{""webRequest"": 0, ""html_lines"": 0, ""storage_local"": 0, ""background_page"": 0, ""content_scripts"": 0, ""dangerous_permissions"": 0, ""host_permissions"": 0, ""crypto_patterns"": 0, ""network_requests"": 0, ""extension_size"": 0, ""api_renames"": 1, ""manifest_changes"": 3, ""file_modifications"": 0, ""webRequest_to_dnr_migrations"": 0}",2026-06-03T16:10:30.384000,2026-06-03T16:10:30.384000,,could_not_test
report_1768660334382_hjmpphjfbnmbddhcpmdaaophlabjenil,Txtik,,25,could_not_test,FALSE,TRUE,TRUE,,,,FALSE,FALSE,4,,,website,2017-03-08,13742,1.0,"[""MANIFEST_MIGRATED""]",,TRUE,15.864577333,,lidiflbogjbegjjblnjfapfbbggeliom,"{""webRequest"": 0, ""html_lines"": 0, ""storage_local"": 0, ""background_page"": 0, ""content_scripts"": 0, ""dangerous_permissions"": 0, ""host_permissions"": 0, ""crypto_patterns"": 0, ""network_requests"": 0, ""extension_size"": 0, ""api_renames"": 1, ""manifest_changes"": 3, ""file_modifications"": 0, ""webRequest_to_dnr_migrations"": 0}",2026-06-03T16:10:48.383000,2026-06-03T16:10:48.383000,,could_not_test
report_1768658794884_ecfghdaebifhpkhakaombcbekjpjhnkh,Movavi Video Editor 2020,Failed to load extension from: /private/var/folders/cb/cw_6.,25,no,FALSE,FALSE,FALSE,,,,FALSE,FALSE,,,,"Movavi Video Editor 2020 | Video Editing Software

Movavi Video Editor is designed for anyone who wants to easily share sentiments through videos. Create heart-warming wedding videos, engaging travel clips, memorable birthday films and home movies. With Movavi’s free-download video software, you become the director of your own story.

Filters, captions, transitions, and more – Movavi Video Editor has everything to make your videos memorable and beautiful.",2020-08-24,15882,2.2.,"[""MANIFEST_MIGRATED""]",https://www.movavi.com,TRUE,5.081574375,,ecfghdaebifhpkhakaombcbekjpjhnkh,"{""webRequest"": 0, ""html_lines"": 0, ""storage_local"": 0, ""background_page"": 0, ""content_scripts"": 0, ""dangerous_permissions"": 0, ""host_permissions"": 0, ""crypto_patterns"": 0, ""network_requests"": 0, ""extension_size"": 0, ""api_renames"": 1, ""manifest_changes"": 3, ""file_modifications"": 0, ""webRequest_to_dnr_migrations"": 0}",2026-06-03T16:11:07.715000,2026-06-03T16:11:07.715000,,yes
report_1768660672440_dfcbllpmkfdlmcjpibfincichchlamnp,Valise Cabine,,25,could_not_test,FALSE,TRUE,TRUE,,,,FALSE,FALSE,"1,000",1.0,3,"Envie de voyager tranquillement? Trouvez la meilleure valise cabine validée par les compagnies aériennes.

Quelle valise cabine choisir ? Quelle taille ou dimension acheter ? Avant tout voyage, chacun se posent un tant de question sans trouver facilement une réponse adéquate. Si vous préférez voyager aisément sans aucun problème avec votre compagnie aérienne, tout en évitant les restrictions de bagage, suivez les conseils de notre site web. Chaque compagnie aérienne a ses propres exigences en terme de taille de bagage et de poids. Sans tirer attention à ces deux éléments, on peut se retrouver avec quatre à 5 kg en moins. Optez pour une valise cabine, souple ou rigide, légère, à roulette qui pourra embarquer avec vous en dessous du siège ou en compartiment au-dessus du siège passager.",2019-11-21,13383,1.1,"[""MANIFEST_MIGRATED""]",https://www.valise-cabine.com,TRUE,11.759663542,,edfdgimilfiboemdjadadigmkeajocmn,"{""webRequest"": 0, ""html_lines"": 0, ""storage_local"": 0, ""background_page"": 0, ""content_scripts"": 0, ""dangerous_permissions"": 0, ""host_permissions"": 0, ""crypto_patterns"": 0, ""network_requests"": 0, ""extension_size"": 0, ""api_renames"": 1, ""manifest_changes"": 3, ""file_modifications"": 0, ""webRequest_to_dnr_migrations"": 0}",2026-06-03T16:13:41.698000,2026-06-03T16:13:41.698000,,could_not_test
report_1768661036709_gfcfmagkdjgmdjnmfjbhlfmoeclpglca,シンクロチューブ,,25,no,FALSE,TRUE,TRUE,,,,FALSE,FALSE,,,,"YouTube動画を他のユーザーとリアルタイムに共有しながらチャットを楽しめるサービスです。

YouTubeの動画をユーザー間でリアルタイムに共有しながらチャットでの会話を楽しむことができるサービスです。

This is a service that allows you to enjoy the conversation in the chat while sharing in real time between users videos YouTube.",2014-09-11,22681,1.0.12.3456,"[""MANIFEST_MIGRATED""]",https://www.synchro-tube.com,TRUE,38.107169125,,ekoncmgcdjjfkpefjfenfbahpkhilekk,"{""webRequest"": 0, ""html_lines"": 0, ""storage_local"": 0, ""background_page"": 0, ""content_scripts"": 0, ""dangerous_permissions"": 0, ""host_permissions"": 0, ""crypto_patterns"": 0, ""network_requests"": 0, ""extension_size"": 0, ""api_renames"": 1, ""manifest_changes"": 3, ""file_modifications"": 0, ""webRequest_to_dnr_migrations"": 0}",2026-06-03T16:14:20.983000,2026-06-03T16:14:20.983000,,yes
report_1768651705525_igfbjepcmlgabkgpkpbklmpbbnlagcoj,The Copy Me,,25,could_not_test,FALSE,TRUE,TRUE,,TRUE,,FALSE,FALSE,174,3.6,17,"This is copy me official extension.

The Copy Me Official Extension.",2020-08-04,13250,0.1,"[""MANIFEST_MIGRATED""]",https://thecopy.me,TRUE,14.632004875,,bbngmchfignilolhmmpjdilkdelmjeej,"{""webRequest"": 0, ""html_lines"": 0, ""storage_local"": 0, ""background_page"": 0, ""content_scripts"": 0, ""dangerous_permissions"": 0, ""host_permissions"": 0, ""crypto_patterns"": 0, ""network_requests"": 0, ""extension_size"": 0, ""api_renames"": 1, ""manifest_changes"": 3, ""file_modifications"": 0, ""webRequest_to_dnr_migrations"": 0}",2026-06-03T16:14:51.603000,2026-06-03T16:14:51.603000,,could_not_test
report_1768665207809_keajcaelfdjkofidomidebfklbiceldd,Packagist.org search engine,,25,yes,FALSE,TRUE,TRUE,,TRUE,,FALSE,FALSE,167,,,"Adds a search engine that searches packagist.org

Adds a search engine to easily search Packagist.org. A ""p"" shortcut is also available, allowing you to type ""p foo"" in the address bar to search for foo on Packagist.org.",2020-01-08,24576,1.0,"[""MANIFEST_MIGRATED""]",https://packagist.org,TRUE,33.373989959,,ehijbdhgohbfpmkpjlldgjdlnlgaigpa,"{""webRequest"": 0, ""html_lines"": 0, ""storage_local"": 0, ""background_page"": 0, ""content_scripts"": 0, ""dangerous_permissions"": 0, ""host_permissions"": 0, ""crypto_patterns"": 0, ""network_requests"": 0, ""extension_size"": 0, ""api_renames"": 1, ""manifest_changes"": 3, ""file_modifications"": 0, ""webRequest_to_dnr_migrations"": 0}",2026-06-03T16:15:28.138000,2026-06-03T16:15:28.138000,,yes
report_1768652974050_pgbdndbohlllnmkmkhablnfdoliecndb,Wikipedia Bookmark,,25,no,FALSE,TRUE,TRUE,,,,FALSE,FALSE,"20,000",3.1,17,"This extension has been sunset and is no longer active.

This extension has been sunset and is no longer active.",2018-04-11,3440,4.160.0,"[""MANIFEST_MIGRATED""]",https://marcado.me,TRUE,9.908655083,,kaahdbmbpejjlkaapjebngfobpjhpolm,"{""webRequest"": 0, ""html_lines"": 0, ""storage_local"": 0, ""background_page"": 0, ""content_scripts"": 0, ""dangerous_permissions"": 0, ""host_permissions"": 0, ""crypto_patterns"": 0, ""network_requests"": 0, ""extension_size"": 0, ""api_renames"": 1, ""manifest_changes"": 3, ""file_modifications"": 0, ""webRequest_to_dnr_migrations"": 0}",2026-06-03T16:15:42.745000,2026-06-03T16:15:42.745000,,could_not_test
report_1768651462492_jkkajfdlllklkdogdliiekiifkohbind,name,Failed to load extension from: /private/var/folders/cb/cw_. File not found: main.html.,25,no,FALSE,FALSE,TRUE,,TRUE,,FALSE,FALSE,"10,000",4.4,482,Load an exhaustive Blank Page in new tab.,2014-07-30,5867,0.0.5,"[""MANIFEST_MIGRATED"", ""NEW_TAB_OVERRIDE""]",,TRUE,14.252400792,,njfmakabgionbalgnlpoiccgoecdeeoi,"{""webRequest"": 0, ""html_lines"": 0, ""storage_local"": 0, ""background_page"": 0, ""content_scripts"": 0, ""dangerous_permissions"": 0, ""host_permissions"": 0, ""crypto_patterns"": 0, ""network_requests"": 0, ""extension_size"": 0, ""api_renames"": 1, ""manifest_changes"": 3, ""file_modifications"": 0, ""webRequest_to_dnr_migrations"": 0}",2026-06-03T16:16:02.678000,2026-06-03T16:16:02.678000,,yes
report_1768653223879_hfalpggpknehieeiabjnfphhbkgabplc,name,,25,no,FALSE,TRUE,TRUE,,,,TRUE,FALSE,"9,000",3.4,47,"E START をスタートページに設定します。

E START スタートページ（https://start.jword.jp/）をブラウザのホームページに設定できる拡張機能です。
E START スタートページは、毎日のインターネット利用をカンタン、便利にしてくれる機能を提供する無料サービスです。
検索の切替や人気サイトへのリンク、お住まいの地域の天気予報情報など、目的の情報やウェブサイトに
素早くアクセスすることが出来ます。
拡張機能をインストールして、これらの機能を体験してください。
インストールもアップデートも無料であり、ユーザー登録などの手続きも必要ありません。",2023-01-24,12267,1.0.0,"[""MANIFEST_MIGRATED""]",https://start.jword.jp,TRUE,14.104999167,,mmiemoagbpljakpmiomollgpcgiehdim,"{""webRequest"": 0, ""html_lines"": 0, ""storage_local"": 0, ""background_page"": 0, ""content_scripts"": 0, ""dangerous_permissions"": 0, ""host_permissions"": 0, ""crypto_patterns"": 0, ""network_requests"": 0, ""extension_size"": 0, ""api_renames"": 1, ""manifest_changes"": 3, ""file_modifications"": 0, ""webRequest_to_dnr_migrations"": 0}",2026-06-03T16:16:18.473000,2026-06-03T16:16:18.473000,,no
report_1768653253126_iikcdekihignkjbecpckckoidkmjbkoj,Тест на профориентацию,,25,yes,FALSE,TRUE,TRUE,TRUE,,,FALSE,FALSE,"40,000",3.9,20,"Как выбрать профессию

Мы (редакция kudavlozitdengi.adne.info) сделали онлайн тест на выбор профессии. Механизм прост: 100 вопросов, за каждый ответ начисляется n-e количество баллов. 

Баллы суммируются и по итогам теста на основе набранного вами числа баллов будут предложены варианты профессий, которые на наш взгляд вам подходят.",2016-11-02,13414,2.4,"[""MANIFEST_MIGRATED"", ""HAS_BROWSER_POPUP""]",https://kudavlozitdengi.adne.info,TRUE,20.063070125,,gojdeelmcgmmjoadcjpicpkejkjbbfhc,"{""webRequest"": 0, ""html_lines"": 1, ""storage_local"": 0, ""background_page"": 0, ""content_scripts"": 0, ""dangerous_permissions"": 0, ""host_permissions"": 0, ""crypto_patterns"": 0, ""network_requests"": 0, ""extension_size"": 0, ""api_renames"": 1, ""manifest_changes"": 3, ""file_modifications"": 0, ""webRequest_to_dnr_migrations"": 0}",2026-06-03T16:16:42.949000,2026-06-03T16:16:42.949000,,yes
report_1768647983855_jgcacckghjfibloakafkbncdocdnioah,SPACER #1,,25,yes,FALSE,TRUE,TRUE,,,,FALSE,FALSE,10,,,"SPACE BETWEEN APP ICONS

Create a space between app icons",2014-04-19,3645,1.0,"[""MANIFEST_MIGRATED"", ""HAS_BROWSER_POPUP""]",,TRUE,14.34097525,,ecogijbkokfnojglblmffahehjkjlnfc,"{""webRequest"": 0, ""html_lines"": 0, ""storage_local"": 0, ""background_page"": 0, ""content_scripts"": 0, ""dangerous_permissions"": 0, ""host_permissions"": 0, ""crypto_patterns"": 0, ""network_requests"": 0, ""extension_size"": 0, ""api_renames"": 1, ""manifest_changes"": 3, ""file_modifications"": 0, ""webRequest_to_dnr_migrations"": 0}",2026-06-03T16:17:14.088000,2026-06-03T16:17:14.088000,,yes
report_1768662548335_gondjnpjcifpnogmebekecpkpaejgajn,My Extension,,25,could_not_test,FALSE,TRUE,TRUE,,,,TRUE,FALSE,13,,,"Fetch Jira Issues or create Time Sheets in Google Sheets.

Fetch Jira Issues or create Time Sheets in Google Sheets.",2018-11-23,2938,4.0,"[""MANIFEST_MIGRATED""]",,TRUE,11.551223625,,hjmpphjfbnmbddhcpmdaaophlabjenil,"{""webRequest"": 0, ""html_lines"": 0, ""storage_local"": 0, ""background_page"": 0, ""content_scripts"": 0, ""dangerous_permissions"": 0, ""host_permissions"": 0, ""crypto_patterns"": 0, ""network_requests"": 0, ""extension_size"": 0, ""api_renames"": 1, ""manifest_changes"": 3, ""file_modifications"": 0, ""webRequest_to_dnr_migrations"": 0}",2026-06-03T16:17:29.723000,2026-06-03T16:17:29.723000,,could_not_test
report_1768660781818_dpdgihjlickjhbckeonffhjajkbomeoc,Movavi Slideshow Maker 6.6.1,,25,could_not_test,FALSE,TRUE,TRUE,,,,FALSE,FALSE,5,,,"Free Slideshow Maker Download | Photo Slideshow Creator

Want to make your loved ones feel special? Create a personalized video slideshow! It’s the perfect gift to convey your emotions and preserve the unique birthday, wedding or graduation memories for a lifetime. With Movavi Slideshow Maker for Windows, you can quickly compose a cool slideshow with creative effects and your choice of music. Try Movavi’s photo slideshow software and share your own special video souvenirs!

Explore other tools:
- Montage Wizard
- Built-in Media
- Pan and Zoom
- Audio Editing
- Narration
- Format Support

By installing the extension, you agree to the Movavi’s photo slideshow software Privacy (https://www.movavi.com/privacy.html) and Terms (https://www.movavi.com/tos.html).",2020-08-25,10496,6.6.1,"[""MANIFEST_MIGRATED""]",https://www.movavi.com,TRUE,16.492122875,,dfcbllpmkfdlmcjpibfincichchlamnp,"{""webRequest"": 0, ""html_lines"": 0, ""storage_local"": 0, ""background_page"": 0, ""content_scripts"": 0, ""dangerous_permissions"": 0, ""host_permissions"": 0, ""crypto_patterns"": 0, ""network_requests"": 0, ""extension_size"": 0, ""api_renames"": 1, ""manifest_changes"": 3, ""file_modifications"": 0, ""webRequest_to_dnr_migrations"": 0}",2026-06-03T16:17:47.810000,2026-06-03T16:17:47.810000,,could_not_test
report_1768662581741_infjhnlckojinaiijoignjjcnkhngegb,Coinup Search,,25,yes,FALSE,TRUE,TRUE,,,,FALSE,FALSE,1,5.0,2,"Coinup Search changes your default search engine settings to Coinup.org

Required permissions:
'search_provider' - this permission is needed to change your default Search Engine. Your searches will be redirected to Coinup.org
'Json' - this permission is needed to control that you have installed our extension and we do not offer it again if you have already installed it

 By clicking ""Add to chrome"", I accept and agree to installing the coinup Search extension and setting Chrome™ default search to that provided by the service and the Terms of Use (https://coinup.org/tos.html) and Privacy Policy (https://coinup.org/privacy-policy.html)

Your privacy is important to us, read more about our privacy policy here :
https://coinup.org/privacy-policy.html

Learn more about us : https://coinup.org/info/#service
Contact us : https://coinup.org/privacy-policy.html#contactus",2020-04-16,22016,1.0.0,"[""MANIFEST_MIGRATED""]",,TRUE,20.701038375,,nggkkjbcbnajlpiedibbikgjgkgjfgai,"{""webRequest"": 0, ""html_lines"": 0, ""storage_local"": 0, ""background_page"": 0, ""content_scripts"": 0, ""dangerous_permissions"": 0, ""host_permissions"": 0, ""crypto_patterns"": 0, ""network_requests"": 0, ""extension_size"": 0, ""api_renames"": 1, ""manifest_changes"": 3, ""file_modifications"": 0, ""webRequest_to_dnr_migrations"": 0}",2026-06-03T16:18:12.119000,2026-06-03T16:18:12.119000,,yes
report_1768663823953_ammmkanlodojjlhgihhjohgjllchpjnp,Chart Normalizer,,25,could_not_test,FALSE,TRUE,TRUE,,,,FALSE,FALSE,31,5.0,1,"あなたのチャートの見た目を1クリックで整えます

あなたのチャートの見た目を1クリックで整えます",2019-02-23,2795,1.0.0,"[""MANIFEST_MIGRATED""]",https://bozu00.github.io,TRUE,17.1667495,,iinhhememjfkokiakinfgpjdeanfheld,"{""webRequest"": 0, ""html_lines"": 0, ""storage_local"": 0, ""background_page"": 0, ""content_scripts"": 0, ""dangerous_permissions"": 0, ""host_permissions"": 0, ""crypto_patterns"": 0, ""network_requests"": 0, ""extension_size"": 0, ""api_renames"": 1, ""manifest_changes"": 3, ""file_modifications"": 0, ""webRequest_to_dnr_migrations"": 0}",2026-06-03T16:18:33.913000,2026-06-03T16:18:33.913000,,could_not_test
report_1768649995877_anblnjkpkcgfmlomgpjnbolbhchblddc,New Tab Page - Blank,Failed to load extension from: /private/var/folders/cb/cw_. File not found: main.html.,25,no,FALSE,FALSE,TRUE,,,,FALSE,FALSE,105,,,"opens a blank page as new tab page

* no background page
* no options
* no special permissions

* no funny stuff",2014-03-16,3512,0.11,"[""MANIFEST_MIGRATED"", ""NEW_TAB_OVERRIDE""]",,TRUE,14.058730958,,fgammopmbkkafkclbikopphkeeilajba,"{""webRequest"": 0, ""html_lines"": 0, ""storage_local"": 0, ""background_page"": 0, ""content_scripts"": 0, ""dangerous_permissions"": 0, ""host_permissions"": 0, ""crypto_patterns"": 0, ""network_requests"": 0, ""extension_size"": 0, ""api_renames"": 1, ""manifest_changes"": 3, ""file_modifications"": 0, ""webRequest_to_dnr_migrations"": 0}",2026-06-03T16:18:53.913000,2026-06-03T16:18:53.913000,,yes
report_1768646783967_ehhoppehlpohjjbflmffjpoblnfhikbi,BitCro Search,,25,yes,FALSE,TRUE,TRUE,,,,FALSE,FALSE,159,4.8,6,"BitCro Search extension sets your Default Search Engine (Omni Bar) to Yahoo. You can run searches from Chrome's search bar!

By…

BitCro Search extension sets your Default Search Engine (Omni Bar) to Yahoo. You can run searches from Chrome's search bar!

By installing our extension, you allow us modifying and reconfigure your Default Search Engine (Omni Bar) settings in order to provide you with this search features.

Uninstall Manual: http://www.bitcro.com/settings/uninstall.php

TOS: http://www.bitcro.com/legal/TOS.pdf
EULA: http://www.bitcro.com/legal/EULA.pdf
Privacy: http://www.bitcro.com/legal/privacy.pdf
All legal documents: http://www.bitcro.com/settings/

Company name: Cro-Bit Ltd.
Office location:
Imotska 28
21311 Stobrec
Croatia

Contact email: hello@bitcro.com

Thank you for supporting our products!",2017-08-11,8263,1.0.1,"[""MANIFEST_MIGRATED"", ""HAS_BROWSER_POPUP""]",https://bitcrosearch.com,TRUE,23.360637709,,kambddpednejlaceniggdlhgigkockhh,"{""webRequest"": 0, ""html_lines"": 0, ""storage_local"": 0, ""background_page"": 0, ""content_scripts"": 0, ""dangerous_permissions"": 0, ""host_permissions"": 0, ""crypto_patterns"": 0, ""network_requests"": 0, ""extension_size"": 0, ""api_renames"": 1, ""manifest_changes"": 3, ""file_modifications"": 0, ""webRequest_to_dnr_migrations"": 0}",2026-06-03T16:19:20.278000,2026-06-03T16:19:20.278000,,yes
report_1768653793630_gdgegpnkjddbcohnegdddhldaeodocaj,Casinoupplevelse,,25,could_not_test,FALSE,FALSE,FALSE,,,,FALSE,FALSE,"30,000",3.7,93,,,,1.0,"[""MANIFEST_MIGRATED""]",,TRUE,19.585203625,,iggacokahppncldjegpibcnmdneoinjn,"{""webRequest"": 0, ""html_lines"": 0, ""storage_local"": 0, ""background_page"": 0, ""content_scripts"": 0, ""dangerous_permissions"": 0, ""host_permissions"": 0, ""crypto_patterns"": 0, ""network_requests"": 0, ""extension_size"": 0, ""api_renames"": 1, ""manifest_changes"": 3, ""file_modifications"": 0, ""webRequest_to_dnr_migrations"": 0}",2026-06-03T16:19:43.554000,2026-06-03T16:19:43.554000,,could_not_test
report_1768667075707_fjkbbjhkcjamcckeebpekhkccdlcokkd,Стартовая и поиск Hi.Ru,,25,could_not_test,FALSE,TRUE,TRUE,,,,FALSE,FALSE,114,,,,,,0.1,"[""MANIFEST_MIGRATED"", ""CSP_VALUE_MODIFIED""]",,TRUE,22.988686208,,akghknjchdholmeelknhkghgnmknfhaa,"{""webRequest"": 0, ""html_lines"": 0, ""storage_local"": 0, ""background_page"": 0, ""content_scripts"": 0, ""dangerous_permissions"": 0, ""host_permissions"": 0, ""crypto_patterns"": 0, ""network_requests"": 0, ""extension_size"": 0, ""api_renames"": 1, ""manifest_changes"": 3, ""file_modifications"": 0, ""webRequest_to_dnr_migrations"": 0}",2026-06-03T16:20:08.266000,2026-06-03T16:20:08.266000,,could_not_test
report_1768648945484_dfjikpibamfdjmbehgmmibhcbjhlleji,AMCWebApp,,25,could_not_test,FALSE,TRUE,TRUE,,TRUE,,FALSE,FALSE,93,,,,,,1.1,"[""MANIFEST_MIGRATED"", ""HAS_BROWSER_POPUP""]",,TRUE,15.618186917,,llhccjlbojjmapbcipnjlfedjbofjigd,"{""webRequest"": 0, ""html_lines"": 0, ""storage_local"": 0, ""background_page"": 0, ""content_scripts"": 0, ""dangerous_permissions"": 0, ""host_permissions"": 0, ""crypto_patterns"": 0, ""network_requests"": 0, ""extension_size"": 0, ""api_renames"": 1, ""manifest_changes"": 3, ""file_modifications"": 0, ""webRequest_to_dnr_migrations"": 0}",2026-06-03T16:20:25.806000,2026-06-03T16:20:25.806000,,could_not_test
report_1768649536243_pahcliklakmemcjblnkkgojbjapleclo,Firebase Auth in Chrome Extension Sample,,25,could_not_test,FALSE,TRUE,TRUE,,,,FALSE,FALSE,,,,"This sample shows how to authorize Firebase in a Chrome extension using a Google account.

firebase auth try kar",2019-04-03 00:00,2897,0.1,"[""MANIFEST_MIGRATED""]",,TRUE,12.109367709,,kcggjcnjagmajnfhpdhncghgboaofkhg,"{""webRequest"": 0, ""html_lines"": 0, ""storage_local"": 0, ""background_page"": 0, ""content_scripts"": 0, ""dangerous_permissions"": 0, ""host_permissions"": 0, ""crypto_patterns"": 0, ""network_requests"": 0, ""extension_size"": 0, ""api_renames"": 1, ""manifest_changes"": 3, ""file_modifications"": 0, ""webRequest_to_dnr_migrations"": 0}",2026-06-03T16:20:42.989000,2026-06-03T16:20:42.989000,,could_not_test
report_1768667924931_jhailiolnindkelklbghkdfoebijfcej,Test by test3,,25,could_not_test,FALSE,TRUE,TRUE,,,,TRUE,FALSE,,,,,2017-01-20,2826,1.0.0,"[""MANIFEST_MIGRATED""]",,TRUE,10.525100333,,lklmlnfoegfgohndepeaddddeooianod,"{""webRequest"": 0, ""html_lines"": 0, ""storage_local"": 0, ""background_page"": 0, ""content_scripts"": 0, ""dangerous_permissions"": 0, ""host_permissions"": 0, ""crypto_patterns"": 0, ""network_requests"": 0, ""extension_size"": 0, ""api_renames"": 1, ""manifest_changes"": 3, ""file_modifications"": 0, ""webRequest_to_dnr_migrations"": 0}",2026-06-03T16:20:57.936000,2026-06-03T16:20:57.936000,,could_not_test
report_1768654003034_eihjingefkckjcdlmjidkefbcbbofdhf,Firebase Auth in Chrome Extension Sample,,25,could_not_test,FALSE,TRUE,TRUE,,,,TRUE,FALSE,10,,,This sample shows how to authorize Firebase in a Chrome extension using a Google account.,2017-10-05,2897,0.1,"[""MANIFEST_MIGRATED""]",,TRUE,9.038157667,,lemioedjmmlnfcejpbljhmbibgelggne,"{""webRequest"": 0, ""html_lines"": 0, ""storage_local"": 0, ""background_page"": 0, ""content_scripts"": 0, ""dangerous_permissions"": 0, ""host_permissions"": 0, ""crypto_patterns"": 0, ""network_requests"": 0, ""extension_size"": 0, ""api_renames"": 1, ""manifest_changes"": 3, ""file_modifications"": 0, ""webRequest_to_dnr_migrations"": 0}",2026-06-03T16:21:20.871000,2026-06-03T16:21:20.871000,,could_not_test
report_1768665751686_jejobbihibcbcpagciabpamjmaedeejk,OceanGo,,25,yes,FALSE,TRUE,TRUE,,,,FALSE,FALSE,14,5.0,3,"Save the ocean, one search at a time...

OceanGo is a unique search engine like Google that helps remove plastic from the oceans. Through simply surfing the web, you can help remove ocean plastics and drive ocean cleanup projects across the world.

How does it work?

We use our revenue to help fund vital ocean cleanup projects. Every time you search, ad earnings are collected and sent to major ocean cleanup companies that help remove plastic from the ocean.

Privacy

The only thing we care about is the ocean. 

OceanGo is SSL encrypted to ensure that your security is protected. We don't sell your data to advertisers and we don't save your searches.",2019-11-19,22231,1.0,"[""MANIFEST_MIGRATED"", ""HAS_BROWSER_POPUP"", ""NEW_TAB_OVERRIDE""]",https://oceango.org,TRUE,14.640044833,,lohpdfikcbegjgnjbindmhkkmbjkbhhf,"{""webRequest"": 0, ""html_lines"": 1, ""storage_local"": 0, ""background_page"": 0, ""content_scripts"": 0, ""dangerous_permissions"": 0, ""host_permissions"": 0, ""crypto_patterns"": 0, ""network_requests"": 0, ""extension_size"": 0, ""api_renames"": 1, ""manifest_changes"": 3, ""file_modifications"": 0, ""webRequest_to_dnr_migrations"": 0}",2026-06-03T16:21:37.060000,2026-06-03T16:21:37.060000,,yes
report_1768652288937_lchgncgkegpocpdbdjnkkjccbggbnaeh,Firebase Auth in Chrome Extension Sample,,25,could_not_test,FALSE,TRUE,TRUE,,,,FALSE,FALSE,5,,,"This sample shows how to authorize Firebase in a Chrome extension using a Google account.

Test app",2018-01-08,2897,0.1,"[""MANIFEST_MIGRATED""]",,TRUE,8.832424209,,oepncppigoiagibchifdpibgpgidknni,"{""webRequest"": 0, ""html_lines"": 0, ""storage_local"": 0, ""background_page"": 0, ""content_scripts"": 0, ""dangerous_permissions"": 0, ""host_permissions"": 0, ""crypto_patterns"": 0, ""network_requests"": 0, ""extension_size"": 0, ""api_renames"": 1, ""manifest_changes"": 3, ""file_modifications"": 0, ""webRequest_to_dnr_migrations"": 0}",2026-06-03T16:21:51.328000,2026-06-03T16:21:51.328000,,could_not_test
report_1768659423382_ennnhdcfleapfgmpkbkpaagfejfnibkg,Black Blank Tab Page,,25,yes,FALSE,TRUE,TRUE,,,,FALSE,FALSE,"1,000,000",3.8,30,"Shows a blank, black, new tab page

Shows a black, blank, new tab page",2016-12-03,3164,1.0.0,"[""MANIFEST_MIGRATED"", ""NEW_TAB_OVERRIDE""]",,TRUE,11.807281417,,aianghkolnphmmngpknlgbcafoelacen,"{""webRequest"": 0, ""html_lines"": 1, ""storage_local"": 0, ""background_page"": 0, ""content_scripts"": 0, ""dangerous_permissions"": 0, ""host_permissions"": 0, ""crypto_patterns"": 0, ""network_requests"": 0, ""extension_size"": 0, ""api_renames"": 1, ""manifest_changes"": 3, ""file_modifications"": 0, ""webRequest_to_dnr_migrations"": 0}",2026-06-03T16:22:10.648000,2026-06-03T16:22:10.648000,,yes
report_1768665833498_fmpgjkjajmibhggnnhjehkobkhkacchn,InfoTermi,,25,could_not_test,FALSE,TRUE,TRUE,,,,FALSE,FALSE,1,,,,,,1.1.0,"[""MANIFEST_MIGRATED""]",,TRUE,15.732200083,,iohimoffklhjpdbodbeaeofjhogjnakg,"{""webRequest"": 0, ""html_lines"": 0, ""storage_local"": 0, ""background_page"": 0, ""content_scripts"": 0, ""dangerous_permissions"": 0, ""host_permissions"": 0, ""crypto_patterns"": 0, ""network_requests"": 0, ""extension_size"": 0, ""api_renames"": 1, ""manifest_changes"": 3, ""file_modifications"": 0, ""webRequest_to_dnr_migrations"": 0}",2026-06-03T16:22:27.771000,2026-06-03T16:22:27.771000,,could_not_test
report_1768661135605_eaaoedpoomkjfdlfhppcbflgdpfeaohb,Internet-Start,,25,yes,FALSE,TRUE,TRUE,,,,FALSE,FALSE,15,5.0,7,"Internet-Start will replace your current search and transform the results for your search query into convenient format.

The Internet-Start extension will replace your current search and transform the results for your search query into convenient format: the websites from the search results list open on the right, no need in any clicks or following the links.

Our product has the following benefits:
- You spend less traffic volume. No need in downloading a whole 'heavy' page as we analyse each page, and display the useful content of it only.
- Surfing process throughout the Internet gets faster. No need in clicking on each link in the search results list as you at once get the reply to your query.

By clicking ""Add to chrome"", I accept and agree to installing ""Internet-Start"" extension and setting Chrome default search and default search to that provided by the service and the Terms of Use and Privacy Policy. Search results will br powered by Bing.

We wait for your suggestions on improving our product to internetstart.net@gmail.com",2022-12-06,9154,0.0.8,"[""MANIFEST_MIGRATED""]",https://new.internet-start.net,TRUE,28.044098542,,ennnhdcfleapfgmpkbkpaagfejfnibkg,"{""webRequest"": 0, ""html_lines"": 0, ""storage_local"": 0, ""background_page"": 0, ""content_scripts"": 0, ""dangerous_permissions"": 0, ""host_permissions"": 0, ""crypto_patterns"": 0, ""network_requests"": 0, ""extension_size"": 0, ""api_renames"": 1, ""manifest_changes"": 3, ""file_modifications"": 0, ""webRequest_to_dnr_migrations"": 0}",2026-06-03T16:23:01.671000,2026-06-03T16:23:01.671000,,yes
report_1768654846857_hljkhcjlbgcipogppmlopimjhbkcdjeh,Firebase Auth in Chrome Extension Sample,,25,could_not_test,FALSE,TRUE,TRUE,,,,TRUE,FALSE,28,5.0,1,"This sample shows how to authorize Firebase in a Chrome extension using a Google account.

Dummy plugin to get needed keys.",2017-07-18,2897,0.1,"[""MANIFEST_MIGRATED""]",,TRUE,15.048019375,,gbapciimajmhmlhohecbicaconidcgbj,"{""webRequest"": 0, ""html_lines"": 0, ""storage_local"": 0, ""background_page"": 0, ""content_scripts"": 0, ""dangerous_permissions"": 0, ""host_permissions"": 0, ""crypto_patterns"": 0, ""network_requests"": 0, ""extension_size"": 0, ""api_renames"": 1, ""manifest_changes"": 3, ""file_modifications"": 0, ""webRequest_to_dnr_migrations"": 0}",2026-06-03T16:23:22.205000,2026-06-03T16:23:22.205000,,could_not_test
report_1768663579671_klhlcppghkdnchdhikaejgfbdhnobmnl,a(8) Functions,,25,could_not_test,FALSE,TRUE,TRUE,,,,TRUE,FALSE,23,,,"Run any a(8) function right from sheets. Running an a(8) function is simple. Deploy your function according to these steps:

then…

Run any a(8) function right from sheets. Running an a(8) function is simple. Deploy your function according to these steps:

then use it in Sheets as follows:

=a8(""function.name"", ""param 1 name"", ""param 1 value"", ""param 2 name"", ""param 2 value"")",2019-06-24,2877,1.0.1,"[""MANIFEST_MIGRATED""]",https://a8.dev,TRUE,13.845525916,,afaaijiijklfhkhapfocbahlnpgknlmg,"{""webRequest"": 0, ""html_lines"": 0, ""storage_local"": 0, ""background_page"": 0, ""content_scripts"": 0, ""dangerous_permissions"": 0, ""host_permissions"": 0, ""crypto_patterns"": 0, ""network_requests"": 0, ""extension_size"": 0, ""api_renames"": 1, ""manifest_changes"": 3, ""file_modifications"": 0, ""webRequest_to_dnr_migrations"": 0}",2026-06-03T16:24:26.986000,2026-06-03T16:24:26.986000,,could_not_test
report_1768659396331_iohimoffklhjpdbodbeaeofjhogjnakg,Fastreel by Movavi | Online Video Editor,,25,could_not_test,FALSE,TRUE,TRUE,,,,FALSE,FALSE,,,,"Try Fastreel by Movavi: edit video online using handy tools and ready-made templates.

Edit videos or use online templates – right in your browser. No downloads required!

Online Video Editing Tools:
- Compress a video
- Make a slideshow
- Cut a video
- Crop a video

Online Video Templates
- Intro video
- Outro video
- Video ads
- Birthday video

By installing the extension, you agree to the Fastreel Privacy (https://fastreel.com/privacy.html) and Terms (https://fastreel.com/tos.html).",2020-08-27 00:00,8714,1.3,"[""MANIFEST_MIGRATED""]",https://videoeditor.com,TRUE,14.455301792,,cnhkghcbdppfomnpnhilbpinkajgmkjg,"{""webRequest"": 0, ""html_lines"": 0, ""storage_local"": 0, ""background_page"": 0, ""content_scripts"": 0, ""dangerous_permissions"": 0, ""host_permissions"": 0, ""crypto_patterns"": 0, ""network_requests"": 0, ""extension_size"": 0, ""api_renames"": 1, ""manifest_changes"": 3, ""file_modifications"": 0, ""webRequest_to_dnr_migrations"": 0}",2026-06-03T16:24:43.077000,2026-06-03T16:24:43.077000,,could_not_test
report_1768656472579_gpjdfganijinlpncdlpcdlphldggdmfc,The Client Relations Factory,,25,could_not_test,FALSE,TRUE,TRUE,,,,FALSE,FALSE,308,3.8,4,"Give the best customer support in your website. Have your own virtual robot from The Client Relations Factory

The Client Relations Factory (TCRF): The best highly interactive self-help solution! GET A BETTER CUSTOMER SATISFACTION!, INCREASE YOUR SALES and IMPROVE YOUR BRAND IMAGE!

A Virtual Robot is an animated character with the ability to interact with people in an autonomous way. It is a great tool for Promotion & Sales support, Client Support and Client Engagement.

Why TCRF?

- It is 40 times cheaper than live chat
- It is 20 times cheaper than replying to emails
- It is 60 times more economical than answering phone calls
- Quick and easy to deploy
- Powered by an advanced Natural Language Processing engine assures accuracy of responses
- Made by FIONA: The platform for creating virtual robots, that is since last December 1st, one of the twenty available on the Federation for Research and Experimentation in the Future Internet (Fed4FIRE).
- And much more...

GET YOUR VIRTUAL ROBOT IN 3 STEPS, CUSTOMIZE IT WITH YOUR BRAND IMAGE, GIVE IT THE KNOWLEDGE OF YOUR PRODUCTS AND INTEGRATE IT ON YOUR WEBSITE",2015-01-16,2887,1.0,"[""MANIFEST_MIGRATED""]",https://www.theclientrelationsfactory.com,TRUE,12.259080041,,hcmepffgbbenebplmolgcppogkkkfnma,"{""webRequest"": 0, ""html_lines"": 0, ""storage_local"": 0, ""background_page"": 0, ""content_scripts"": 0, ""dangerous_permissions"": 0, ""host_permissions"": 0, ""crypto_patterns"": 0, ""network_requests"": 0, ""extension_size"": 0, ""api_renames"": 1, ""manifest_changes"": 3, ""file_modifications"": 0, ""webRequest_to_dnr_migrations"": 0}",2026-06-03T16:24:57.144000,2026-06-03T16:24:57.144000,,could_not_test
report_1768666532879_bdngjhlmgonmigddlpbjdfhmmmbaocfp,DocuVantage OnDemand Gmail Connector,,25,could_not_test,TRUE,TRUE,TRUE,,TRUE,TRUE,FALSE,TRUE,13,,,"The user can upload emails and email attachments directly into DocuVantage OnDemand.

DocuVantage OnDemand® is an affordable, full…

The user can upload emails and email attachments directly into DocuVantage OnDemand.

DocuVantage OnDemand® is an affordable, full featured web-based electronic document management, business process and compliance solution delivered as a software-as-a-service subscription. Easily capture, distribute, store, and manage your documents and data in a secure, centralized location providing instant access to information from anywhere. Subscribe today and be operating more efficiently within hours. Contact us for a free consultation to see if we can help your business!
For more info visit http://www.docuvantage.com or https://www.docuvantageondemand.com",2019-07-17,3338,1.0.0.5,"[""MANIFEST_MIGRATED""]",,TRUE,16.812047792,,hkhlocepmjgohkgmghaogfpafmocjkla,"{""webRequest"": 0, ""html_lines"": 0, ""storage_local"": 0, ""background_page"": 0, ""content_scripts"": 0, ""dangerous_permissions"": 0, ""host_permissions"": 0, ""crypto_patterns"": 0, ""network_requests"": 0, ""extension_size"": 0, ""api_renames"": 1, ""manifest_changes"": 3, ""file_modifications"": 0, ""webRequest_to_dnr_migrations"": 0}",2026-06-03T16:25:15.496000,2026-06-03T16:25:15.496000,,could_not_test
report_1768656101711_ehbnlikfgampfogacpfebaphikdgcdpd,Uzvy Default Search,,25,yes,FALSE,TRUE,TRUE,,,,FALSE,FALSE,575,1.8,6,"Set your default search to Uzvy.

Set your default search engine to Uzvy in Chrome.  Each day you search with Uzvy, you save on average 2 trees, countless wildlife, and keep tons of CO2 sequestered in the ground. As a member of Uzvy, you can win prizes as well.  Uzvy contributes at least half its revenues every month towards purchasing forests for preservation.",2021-06-10,23367,1.1,"[""MANIFEST_MIGRATED""]",,TRUE,10.220989916,,ffofikficihklhkfehcfabpdofmemihh,"{""webRequest"": 0, ""html_lines"": 0, ""storage_local"": 0, ""background_page"": 0, ""content_scripts"": 0, ""dangerous_permissions"": 0, ""host_permissions"": 0, ""crypto_patterns"": 0, ""network_requests"": 0, ""extension_size"": 0, ""api_renames"": 1, ""manifest_changes"": 3, ""file_modifications"": 0, ""webRequest_to_dnr_migrations"": 0}",2026-06-03T16:25:27.515000,2026-06-03T16:25:27.515000,,yes
report_1768653904894_pcglcincgpnlidilejlohhoecfbggopn,Nash OS - Chapter 1: What is Nash OS?,,25,could_not_test,FALSE,TRUE,TRUE,,,TRUE,FALSE,TRUE,180,5.0,6,"In chapter 1 of Nash OS for Beginners 2016 Foundation Course, we're going to explore what Nash OS is, and what it's capable of.

Nash OS for Beginners 2016 Tutorial Series | Chapter 1: What is Nash OS?

In chapter one of the Nash OS for Beginners 2016 Foundation Course, we're going to explore what Nash OS is, and what it's capable of.",2016-03-18,29368,1,"[""MANIFEST_MIGRATED""]",https://blog.nashbrooklyn.com,TRUE,13.516953416,,mkhnlogngigmbdjpckmemecplmpijbbm,"{""webRequest"": 0, ""html_lines"": 0, ""storage_local"": 0, ""background_page"": 0, ""content_scripts"": 0, ""dangerous_permissions"": 0, ""host_permissions"": 0, ""crypto_patterns"": 0, ""network_requests"": 0, ""extension_size"": 0, ""api_renames"": 1, ""manifest_changes"": 3, ""file_modifications"": 0, ""webRequest_to_dnr_migrations"": 0}",2026-06-03T16:25:42.652000,2026-06-03T16:25:42.652000,,could_not_test
report_1768665297107_holgjdmaikccljeaikefebkidjdiobgh,BiddingBox,,25,could_not_test,FALSE,TRUE,TRUE,,,,FALSE,FALSE,19,5.0,3,"This is a bidding box for assisting you writing Contract Bridge convention cards and system notes.

Insert bridge bids and symbols to your document",2019-02-25,2877,0.0.0.1,"[""MANIFEST_MIGRATED""]",,TRUE,12.842650625,,mdjmijghafldpmljjljngmihkohoomei,"{""webRequest"": 0, ""html_lines"": 0, ""storage_local"": 0, ""background_page"": 0, ""content_scripts"": 0, ""dangerous_permissions"": 0, ""host_permissions"": 0, ""crypto_patterns"": 0, ""network_requests"": 0, ""extension_size"": 0, ""api_renames"": 1, ""manifest_changes"": 3, ""file_modifications"": 0, ""webRequest_to_dnr_migrations"": 0}",2026-06-03T16:25:57.016000,2026-06-03T16:25:57.016000,,could_not_test
report_1768648756597_efifejldhjgaahmmilfjlcnegkghglpl,Slang - Text to Speech,,25,no,FALSE,TRUE,TRUE,,,,FALSE,FALSE,"1,000",3.7,9,,,,0.4,"[""MANIFEST_MIGRATED""]",,TRUE,10.399144958,,liinipoackgjljefijdlcpgloajlldil,"{""webRequest"": 0, ""html_lines"": 0, ""storage_local"": 0, ""background_page"": 0, ""content_scripts"": 0, ""dangerous_permissions"": 0, ""host_permissions"": 0, ""crypto_patterns"": 0, ""network_requests"": 0, ""extension_size"": 0, ""api_renames"": 1, ""manifest_changes"": 3, ""file_modifications"": 0, ""webRequest_to_dnr_migrations"": 0}",2026-06-03T16:26:10.722000,2026-06-03T16:26:10.722000,,yes
report_1768651012639_ljibmalhangcmjoodlklooihehgnohei,Firebase Auth in Chrome Extension Sample,,25,could_not_test,FALSE,TRUE,TRUE,,,,FALSE,FALSE,450,5.0,10,"This sample shows how to authorize Firebase in a Chrome extension using a Google account.

dummy extension for trying to integrate firebase with chrome extension",2019-01-13,2908,0.1,"[""MANIFEST_MIGRATED""]",,TRUE,6.882569833,,dldageaefkkpikojmigdnpmdeoapdjed,"{""webRequest"": 0, ""html_lines"": 0, ""storage_local"": 0, ""background_page"": 0, ""content_scripts"": 0, ""dangerous_permissions"": 0, ""host_permissions"": 0, ""crypto_patterns"": 0, ""network_requests"": 0, ""extension_size"": 0, ""api_renames"": 1, ""manifest_changes"": 3, ""file_modifications"": 0, ""webRequest_to_dnr_migrations"": 0}",2026-06-03T16:26:19.333000,2026-06-03T16:26:19.333000,,could_not_test
report_1768662984482_lonelekclkbibclfmcdecjnjmianjjkk,Прием катализаторов,,25,could_not_test,FALSE,TRUE,TRUE,,,,FALSE,FALSE,9,,,,,,3.1,"[""MANIFEST_MIGRATED""]",,TRUE,8.922809125,,dekdaonldakgdpgkgfeiohamdfjfpccc,"{""webRequest"": 0, ""html_lines"": 0, ""storage_local"": 0, ""background_page"": 0, ""content_scripts"": 0, ""dangerous_permissions"": 0, ""host_permissions"": 0, ""crypto_patterns"": 0, ""network_requests"": 0, ""extension_size"": 0, ""api_renames"": 1, ""manifest_changes"": 3, ""file_modifications"": 0, ""webRequest_to_dnr_migrations"": 0}",2026-06-03T16:26:29.612000,2026-06-03T16:26:29.612000,,could_not_test
report_1768666748731_jkgjpcmaalndlckobdokfjohgnancibp,Streak Tracker,,25,yes,FALSE,TRUE,TRUE,,,,FALSE,FALSE,15,,,"Track your most important habit on a new tab

-----
Updates for 1.6.2: 
Thanks for sharing your comments and suggestions! This version brings dark mode and a way to name your habit streak. 

We will keep improving this extension for you!
-----

Track your most important habit progress every time you open a new tab, keep motivated and don't lose your streak! 

If you want more features, talk about habits or report any bug please contact me at https://twitter.com/ignacioaal",2022-03-04,12103,1.6.2,"[""MANIFEST_MIGRATED"", ""CSP_VALUE_MODIFIED"", ""NEW_TAB_OVERRIDE"", ""MINIFIED_CODE""]",https://ignacio.al,TRUE,21.661145625,,bgcajjlghcbaoebgfgnhjbgaipmlpdli,"{""webRequest"": 0, ""html_lines"": 1, ""storage_local"": 0, ""background_page"": 0, ""content_scripts"": 0, ""dangerous_permissions"": 0, ""host_permissions"": 0, ""crypto_patterns"": 0, ""network_requests"": 0, ""extension_size"": 0, ""api_renames"": 1, ""manifest_changes"": 3, ""file_modifications"": 0, ""webRequest_to_dnr_migrations"": 0}",2026-06-03T16:26:52.734000,2026-06-03T16:26:52.734000,,yes
report_1768666289231_cplghhnkfkhfkfemhbplnohbchaijjif,gas - gtm Tool,,25,yes,FALSE,TRUE,TRUE,,,,FALSE,FALSE,103,5.0,2,"Desc

TestTEST",2018-11-15,12083,2.01,"[""MANIFEST_MIGRATED""]",https://borodata.com,TRUE,10.587657667,,enfmooofdgnemgekikojihpceobljgep,"{""webRequest"": 0, ""html_lines"": 0, ""storage_local"": 0, ""background_page"": 0, ""content_scripts"": 0, ""dangerous_permissions"": 0, ""host_permissions"": 0, ""crypto_patterns"": 0, ""network_requests"": 0, ""extension_size"": 0, ""api_renames"": 1, ""manifest_changes"": 3, ""file_modifications"": 0, ""webRequest_to_dnr_migrations"": 0}",2026-06-03T16:27:06.395000,2026-06-03T16:27:06.395000,,yes
report_1768667725791_bbjkkpncjblhdbahjbjlalapfpldalem,COVID19 Statistics on New Tab,,25,yes,TRUE,TRUE,TRUE,,,,FALSE,FALSE,20,5.0,1,"COVID-19 (CoronaVirus) broadcast in real time on an interactive dashboard with data available for download

In this extension you can track in real time the situation in the world with Coronavirus. COVID-19 statistics will be displayed in your new tab. On the map you can find your country and find out the number of infected dead and cured people from Corona Virus ( COVID 19). Quick access coronavirus information",2020-04-25,91105,1.1,"[""MANIFEST_MIGRATED"", ""HAS_BROWSER_POPUP"", ""NEW_TAB_OVERRIDE"", ""MINIFIED_CODE""]",,TRUE,22.100575584,,hkghkfjmhdkandmlbjdigjhaldhdjpof,"{""webRequest"": 0, ""html_lines"": 1, ""storage_local"": 0, ""background_page"": 0, ""content_scripts"": 0, ""dangerous_permissions"": 0, ""host_permissions"": 0, ""crypto_patterns"": 0, ""network_requests"": 0, ""extension_size"": 0, ""api_renames"": 1, ""manifest_changes"": 3, ""file_modifications"": 0, ""webRequest_to_dnr_migrations"": 0}",2026-06-03T16:27:30.246000,2026-06-03T16:27:30.246000,,yes
report_1768667198488_gmamgbpljdelnadebjkcojfmfcdmmgfp,Arasak.com,,25,yes,FALSE,TRUE,TRUE,,,,FALSE,FALSE,,,,"It faster and easier

It is a specially developed search engine. Also includes current news. It allows you to search the web quickly and accurately. So you have time.",2019-09-21 00:00,17684,1.0.0,"[""MANIFEST_MIGRATED"", ""NEW_TAB_OVERRIDE""]",https://www.arasak.com,TRUE,9.363596625,,boaeobjcahicijkejbedemnaoibnmgmp,"{""webRequest"": 0, ""html_lines"": 1, ""storage_local"": 0, ""background_page"": 0, ""content_scripts"": 0, ""dangerous_permissions"": 0, ""host_permissions"": 0, ""crypto_patterns"": 0, ""network_requests"": 0, ""extension_size"": 0, ""api_renames"": 1, ""manifest_changes"": 3, ""file_modifications"": 0, ""webRequest_to_dnr_migrations"": 0}",2026-06-03T16:27:41.223000,2026-06-03T16:27:41.223000,,yes
report_1768658838326_lolapmlhhkkfapecigdoocngfbfhdmnk,Data Cleansing,,25,could_not_test,FALSE,TRUE,TRUE,,,,FALSE,FALSE,43,,,"Run advanced analytics to identify data types, nulls, outliers, probability distribution, multi correlations and much more.

You need high quality data to generate high quality results.

Identify nulls, format (types) or outliers. This tool also goes one step beyond by evaluating distributions and correlations allowing to save time and resources to data enthusiasts.",2019-08-14,2918,0.0.1,"[""MANIFEST_MIGRATED""]",,TRUE,11.563081666,,nchjdnhlflbojlffhdaihagpcajiakec,"{""webRequest"": 0, ""html_lines"": 0, ""storage_local"": 0, ""background_page"": 0, ""content_scripts"": 0, ""dangerous_permissions"": 0, ""host_permissions"": 0, ""crypto_patterns"": 0, ""network_requests"": 0, ""extension_size"": 0, ""api_renames"": 1, ""manifest_changes"": 3, ""file_modifications"": 0, ""webRequest_to_dnr_migrations"": 0}",2026-06-03T16:27:54.232000,2026-06-03T16:27:54.232000,,could_not_test
report_1768660909477_iffoooedmcnghpgdkaebfepbagcbicop,So Chase Me,,25,could_not_test,FALSE,TRUE,TRUE,,,,FALSE,FALSE,,,,"SoChaseMe.com, the social business marketplace that networks conversion.

Shop, Sell, and Chase the discount products you love. Use Paypal and Post downloads, ads, items and more for free, Don't get flagged by haters or competitors, sell your products online here without the hassles.
Post free blog with SoChaseMe.com! Read new article and blogs related to any Business Network. Write about what you know! Read and write daily news blog online. Add your two sense in and create a free blog. Advertise on our site fast and easy! Add your google Adsense code and get paid without a website. Upload and embed your videos for your network. Love to watch videos then post your network video catalog for business leads.",2016-01-11 00:00,27064,0.0.0.1,"[""MANIFEST_MIGRATED""]",https://sochaseme.com,TRUE,43.482392167,,gpkihnjhjfnnlklfokjfplnpdjjnmimh,"{""webRequest"": 0, ""html_lines"": 0, ""storage_local"": 0, ""background_page"": 0, ""content_scripts"": 0, ""dangerous_permissions"": 0, ""host_permissions"": 0, ""crypto_patterns"": 0, ""network_requests"": 0, ""extension_size"": 0, ""api_renames"": 1, ""manifest_changes"": 3, ""file_modifications"": 0, ""webRequest_to_dnr_migrations"": 0}",2026-06-03T16:28:54.288000,2026-06-03T16:28:54.288000,,could_not_test
report_1768656547818_hebmopjpmnpcliimdcacdiliomcclfoo,Скупка автомобильных катализаторов,,25,could_not_test,FALSE,TRUE,TRUE,,,,FALSE,FALSE,105,4.3,6,,,,3.1,"[""MANIFEST_MIGRATED""]",,TRUE,11.052681166,,ciodheinffecofepblkhkljfmagnnckk,"{""webRequest"": 0, ""html_lines"": 0, ""storage_local"": 0, ""background_page"": 0, ""content_scripts"": 0, ""dangerous_permissions"": 0, ""host_permissions"": 0, ""crypto_patterns"": 0, ""network_requests"": 0, ""extension_size"": 0, ""api_renames"": 1, ""manifest_changes"": 3, ""file_modifications"": 0, ""webRequest_to_dnr_migrations"": 0}",2026-06-03T16:29:07.329000,2026-06-03T16:29:07.329000,,could_not_test
report_1768654178714_ihdanbaefbkjdfpkoaeghlhlojepjjgk,Pillar Custom Functions,,25,could_not_test,FALSE,TRUE,TRUE,,,,FALSE,FALSE,563,,,"Custom Functions for the Pillar Electronic Agreement

Install this.",2019-03-06,4587,0.0.0.2,"[""MANIFEST_MIGRATED""]",https://brandonbakerconsulting.000webhostapp.com,TRUE,17.616759583,,kpfehncehohdkioaaeeedakhacmmkefp,"{""webRequest"": 0, ""html_lines"": 0, ""storage_local"": 0, ""background_page"": 0, ""content_scripts"": 0, ""dangerous_permissions"": 0, ""host_permissions"": 0, ""crypto_patterns"": 0, ""network_requests"": 0, ""extension_size"": 0, ""api_renames"": 1, ""manifest_changes"": 3, ""file_modifications"": 0, ""webRequest_to_dnr_migrations"": 0}",2026-06-03T16:29:28.079000,2026-06-03T16:29:28.079000,,could_not_test
report_1768658554677_pcmoeemedgaidojflmkfhpgfcbclhnoa,SearchOns.com,,25,yes,FALSE,TRUE,TRUE,,,,FALSE,FALSE,,,,"You Press the Search results , We Do the Rest.

SearchOns allows you to quickly and easily switch between the best search engines on the internet. Our extension helps you find what you're looking for on the most popular search websites. We also set your default search engine to SearchOns. Searchons on top search engines and websites with the SearchOns Chrome extension.",2022-05-23,17070,1.2,"[""MANIFEST_MIGRATED""]",https://searchons.com,TRUE,9.364865583,,baakjfhbggcmmandgpkcekbogaadppim,"{""webRequest"": 0, ""html_lines"": 0, ""storage_local"": 0, ""background_page"": 0, ""content_scripts"": 0, ""dangerous_permissions"": 0, ""host_permissions"": 0, ""crypto_patterns"": 0, ""network_requests"": 0, ""extension_size"": 0, ""api_renames"": 1, ""manifest_changes"": 3, ""file_modifications"": 0, ""webRequest_to_dnr_migrations"": 0}",2026-06-03T16:29:39.239000,2026-06-03T16:29:39.239000,,yes
report_1768660036788_adffhnigbmemfmcgndacjdmpeagmhmhb,Watermark.ws: Batch Watermark Photos & Videos,,25,could_not_test,FALSE,TRUE,TRUE,,,,FALSE,FALSE,,,,Create or import a watermark and apply it on hundreds of photos with only a few clicks.,2017-04-13,10188,1.0.0.2,"[""MANIFEST_MIGRATED""]",https://www.watermark.ws,TRUE,14.77131475,,pbohjjhllefhfghkpikhjballblpkagj,"{""webRequest"": 0, ""html_lines"": 0, ""storage_local"": 0, ""background_page"": 0, ""content_scripts"": 0, ""dangerous_permissions"": 0, ""host_permissions"": 0, ""crypto_patterns"": 0, ""network_requests"": 0, ""extension_size"": 0, ""api_renames"": 1, ""manifest_changes"": 3, ""file_modifications"": 0, ""webRequest_to_dnr_migrations"": 0}",2026-06-03T16:29:55.685000,2026-06-03T16:29:55.685000,,could_not_test
report_1768661070876_enfmooofdgnemgekikojihpceobljgep,Atelier Anke Jacob,,25,could_not_test,FALSE,TRUE,TRUE,,,,FALSE,FALSE,,,,"Fotografin Anke Jacob - Portfolio, Projekte, Portraits

Portrait- und Reportagefotografie der Fotografin Anke Jacob aus Berlin",2018-08-18,60866,1.0.4,"[""MANIFEST_MIGRATED""]",,TRUE,10.864769875,,jhnekgnjiiflhmlmccdgapnmoldidekm,"{""webRequest"": 0, ""html_lines"": 0, ""storage_local"": 0, ""background_page"": 0, ""content_scripts"": 0, ""dangerous_permissions"": 0, ""host_permissions"": 0, ""crypto_patterns"": 0, ""network_requests"": 0, ""extension_size"": 0, ""api_renames"": 1, ""manifest_changes"": 3, ""file_modifications"": 0, ""webRequest_to_dnr_migrations"": 0}",2026-06-03T16:30:09.650000,2026-06-03T16:30:09.650000,,could_not_test
report_1768664060308_idgbciooigooiiopamagffafjhapllbm,Be Wise Professor,,25,could_not_test,FALSE,TRUE,TRUE,,,,FALSE,FALSE,"1,000",2.7,10,"Relationship,Marriage and Health issues are what we disuss

Be Wise Professor is site for people who are looking for a place to answer all their relationship, marriage and health issues then visit the site it will guide you on that. Do you love your marriage, your relationship, your marriage and your health. then visit the site now. you can also ask question using the ask question page for the whole user to answer the question or you can make it private for the admins only.",2018-11-14,11694,0.0.0.1,"[""MANIFEST_MIGRATED""]",https://bewiseprof.com,TRUE,14.502141,,omaiapdnhjmnmgojegjmhbcmahbbioif,"{""webRequest"": 0, ""html_lines"": 0, ""storage_local"": 0, ""background_page"": 0, ""content_scripts"": 0, ""dangerous_permissions"": 0, ""host_permissions"": 0, ""crypto_patterns"": 0, ""network_requests"": 0, ""extension_size"": 0, ""api_renames"": 1, ""manifest_changes"": 3, ""file_modifications"": 0, ""webRequest_to_dnr_migrations"": 0}",2026-06-03T16:30:25.759000,2026-06-03T16:30:25.759000,,could_not_test
report_1768647440034_ljjfbdkncogailpjfjjodnjaifklnphb,Torch Search,,25,yes,FALSE,TRUE,TRUE,,,,FALSE,FALSE,"3,000",4.8,5,"Use Torch default search browser extension to search the web!

Torch Search configures your Chrome Default Search settings to search.torchbrowser.com , allowing you to quickly search the web from your Chrome address bar!

terms:
https://torchbrowser.com/terms

privacy:
https://torchbrowser.com/privacy

To remove our extension from Google Chrome:

1) Click on the three horizontal lines icon in the upper right-hand corner of your Chrome browser.
2) Go to ""Settings"".
3) In the menu that appears click on ""Extensions"".
4) From the list of installed Extensions, find the name of the toolbar extension you wish to uninstall.
5) Click on the trash can icon to the right of ""Enable"" (for the toolbar extension you wish to uninstall).
6) Close your browser completely and reopen it. Our extension should be removed from your Chrome browser.",2021-01-31,14643,1.0.678.1,"[""MANIFEST_MIGRATED""]",,TRUE,11.427534292,,ellccpkcncpogdfafgjejjnfkceedlcn,"{""webRequest"": 0, ""html_lines"": 0, ""storage_local"": 0, ""background_page"": 0, ""content_scripts"": 0, ""dangerous_permissions"": 0, ""host_permissions"": 0, ""crypto_patterns"": 0, ""network_requests"": 0, ""extension_size"": 0, ""api_renames"": 1, ""manifest_changes"": 3, ""file_modifications"": 0, ""webRequest_to_dnr_migrations"": 0}",2026-06-03T16:30:38.566000,2026-06-03T16:30:38.566000,,yes
report_1768666485313_mpcgmjhjfakkalcclccfiiibebhcdpnf,ZEITGEBER,,25,could_not_test,FALSE,TRUE,TRUE,,,,FALSE,FALSE,626,4.9,13,ZEITGEBER makes project management fun again!,2016-09-23,9031,1.0.0.0,"[""MANIFEST_MIGRATED""]",https://getzeitgeber.com,TRUE,16.399355833,,jnlbmhcbnmidbdmmhofijdggmclpikcg,"{""webRequest"": 0, ""html_lines"": 0, ""storage_local"": 0, ""background_page"": 0, ""content_scripts"": 0, ""dangerous_permissions"": 0, ""host_permissions"": 0, ""crypto_patterns"": 0, ""network_requests"": 0, ""extension_size"": 0, ""api_renames"": 1, ""manifest_changes"": 3, ""file_modifications"": 0, ""webRequest_to_dnr_migrations"": 0}",2026-06-03T16:30:57.865000,2026-06-03T16:30:57.865000,,could_not_test
report_1768660339159_dglcceamkcjlcoblhkmjcgnmkpbjofeh,Gardener Bot,,65,could_not_test,TRUE,TRUE,TRUE,TRUE,,,FALSE,FALSE,,,,"Gardener Bot web extension provides quickly play music on discord.

After you add Gardener Bot to your server, with YouTube Play on Discord extension, without typing any commands, you can play any music easily.",2019-06-09,19445,1.4,"[""MANIFEST_MIGRATED"", ""HAS_BROWSER_POPUP"", ""HAS_CONTENT_SCRIPTS"", ""HAS_HOST_PERMISSIONS""]",https://gardener.erdem.in,TRUE,14.563386292,,hpnknoigkkchlbhimjcncapoilgbkfmo,"{""webRequest"": 0, ""html_lines"": 100, ""storage_local"": 0, ""background_page"": 0, ""content_scripts"": 1, ""dangerous_permissions"": 0, ""host_permissions"": 3, ""crypto_patterns"": 0, ""network_requests"": 1, ""extension_size"": 0, ""api_renames"": 1, ""manifest_changes"": 3, ""file_modifications"": 0, ""webRequest_to_dnr_migrations"": 0}",2026-06-06T15:40:17.933000,2026-06-06T15:40:17.933000,,could_not_test
report_1768659203339_kcggjcnjagmajnfhpdhncghgboaofkhg,CryptoKit.CEBPS Extension,,61,could_not_test,FALSE,TRUE,TRUE,,,,FALSE,FALSE,4,,,"CEBPS Security Application Development Kit

适用于Chrome最新机制的中国招投标平台证书应用拓展程序",2016-10-19,13424,3.4.0.1,"[""MANIFEST_MIGRATED"", ""OFFSCREEN_DOCUMENT_ADDED"", ""HAS_BACKGROUND_PAGE"", ""HAS_SERVICE_WORKER""]",,TRUE,13.362266042,2,oigdddkmgnfibgaafpaecbgbkomgoanb,"{""webRequest"": 0, ""html_lines"": 10, ""storage_local"": 0, ""background_page"": 1, ""content_scripts"": 0, ""dangerous_permissions"": 1, ""host_permissions"": 0, ""crypto_patterns"": 0, ""network_requests"": 0, ""extension_size"": 0, ""api_renames"": 3, ""manifest_changes"": 3, ""file_modifications"": 0, ""webRequest_to_dnr_migrations"": 0}",2026-06-06T15:40:32.820000,2026-06-06T15:40:32.820000,,could_not_test
report_1768659739437_dkfmdjgeddbaikjkpjemidgkfaglamdb,sc10n bookmarklet,,250,could_not_test,TRUE,TRUE,TRUE,TRUE,,,FALSE,FALSE,,,,,,,0.1.1,"[""MANIFEST_MIGRATED"", ""CSP_VALUE_MODIFIED"", ""BRIDGE_INJECTED"", ""OFFSCREEN_DOCUMENT_ADDED"", ""HAS_BROWSER_POPUP"", ""HAS_BACKGROUND_PAGE"", ""HAS_SERVICE_WORKER"", ""USES_WEB_REQUEST"", ""USES_STORAGE_LOCAL"", ""MINIFIED_CODE""]",,TRUE,15.032219833,1,mmojfhbllhldeklecnmifbnelpklepin,"{""webRequest"": 2, ""html_lines"": 12, ""storage_local"": 5, ""background_page"": 1, ""content_scripts"": 0, ""dangerous_permissions"": 1, ""host_permissions"": 0, ""crypto_patterns"": 24, ""network_requests"": 4, ""extension_size"": 26, ""api_renames"": 3, ""manifest_changes"": 3, ""file_modifications"": 0, ""webRequest_to_dnr_migrations"": 0}",2026-06-06T15:41:22.317000,2026-06-06T15:41:22.317000,,could_not_test
report_1768658401186_dldageaefkkpikojmigdnpmdeoapdjed,TopGrading - JobVite Plugin,,202,could_not_test,TRUE,TRUE,TRUE,TRUE,,,FALSE,FALSE,3,,,"This extension shows a career history form for the candidate

This extension integrates Jobvite ATS with the Topgrading Workflow. Jobvite users will be able to send Topgrading CHF invitations to the candidates directly from the extension without ever switching to Topgrading. It also auto-creates Jobs in Topgrading with all details and formatting in place. When the candidates completed their CHF, plugin opens the docs in a tab and automatically uploads attachments to Jobvite. All from just one click!",2017-05-20,42229,1.0,"[""MANIFEST_MIGRATED"", ""API_RENAMES_APPLIED"", ""BRIDGE_INJECTED"", ""HAS_BROWSER_POPUP"", ""HAS_HOST_PERMISSIONS"", ""USES_TABS_API"", ""MINIFIED_CODE""]",,TRUE,13.496442333,,neokdbgnoimplhcenmmbjabdhhjbmbdb,"{""webRequest"": 0, ""html_lines"": 60, ""storage_local"": 0, ""background_page"": 0, ""content_scripts"": 0, ""dangerous_permissions"": 2, ""host_permissions"": 3, ""crypto_patterns"": 28, ""network_requests"": 2, ""extension_size"": 1, ""api_renames"": 1, ""manifest_changes"": 3, ""file_modifications"": 1, ""webRequest_to_dnr_migrations"": 0}",2026-06-06T15:41:37.458000,2026-06-06T15:41:37.458000,,could_not_test
report_1768659270108_oepncppigoiagibchifdpibgpgidknni,Nicely.cc,website is not accessible,57,no,FALSE,TRUE,FALSE,,,,FALSE,FALSE,27,,,"An Extension for qrcode combine

生成在微信公众号给IOS用户快速赞赏的六联二维码，有疑惑或者反馈的欢迎加我微信 ncgz0218",2017-05-10,8355,1.0,"[""MANIFEST_MIGRATED"", ""API_RENAMES_APPLIED"", ""BRIDGE_INJECTED"", ""HAS_BROWSER_POPUP"", ""HAS_BACKGROUND_PAGE"", ""HAS_SERVICE_WORKER""]",,TRUE,40.649582875,1,hdhafnlnpgihafppplpdfbdhjionmpin,"{""webRequest"": 0, ""html_lines"": 0, ""storage_local"": 0, ""background_page"": 1, ""content_scripts"": 0, ""dangerous_permissions"": 0, ""host_permissions"": 0, ""crypto_patterns"": 0, ""network_requests"": 0, ""extension_size"": 0, ""api_renames"": 3, ""manifest_changes"": 3, ""file_modifications"": 1, ""webRequest_to_dnr_migrations"": 0}",2026-06-06T15:42:19.700000,2026-06-06T15:42:19.700000,,yes
report_1768658268587_lemioedjmmlnfcejpbljhmbibgelggne,Think Help Desk,,294,no,FALSE,TRUE,TRUE,TRUE,,,FALSE,FALSE,2,,,"This Chrome Extension is built for Think Help Desk Clients, if you do not have Think Help Desk, please contact sales@thinkhelpdesk.

Think Help Desk is an all in one Ticketing system for School Systems.

In our Chrome Extension we provide end users the ability to record screen, grab a snapshot, or go directly to submit a ticket. 100% Free and Lightweight!

Affordable
We built our cloud based solution to be affordable. We don't charge per tech or per user. Our pricing is 50%-75% cheaper than our competitors. We have been doing this for over 10 years and our parent company has been in the business for over 25 years. In that time we figured out how to do things more efficiently. You can get up and running for as little as $79/month.

Customizable
Customization is key to making our software stand out. We spent extra time making sure you are never stuck with a one size fits all solution. Our software allows you to define which fields, colors, features and reports you want to use. You even get to decide how they act when you use them. Best of all, our team helps you make things perfect. You never have to guess your way through setting up your help desk.

Work Flow
Automatically routes requests to the responsible parties. Requests automatically go to the correct person(s) to handle the issue(s). So when a user has a leak in their office, Maintenance knows about it. If the user needs printer paper purchasing gets the request. And when a user can't login the request goes to the tech department. Only manage your issues not everyone else's.

Secure
Security is on everyones mind including ours. We include captcha, SSL, database encryption, unique passwords, universal passwords, password storage for devices and your data is separate from all other THD customers.

Cloud Based
Our system is 100% Cloud based. This means you have nothing to install, nothing to manage and nothing to backup. Everything runs in your browser. We don't require agents or applets. Think how much easier things are when you don't have to maintain them.

Free Support
We use our ThinkHelpDesk software to handle requests from our clients. You can open a request and our team will solve the issue ASAP. Free setup help is also part of the support we offer.

Daily Backup
Your data is backed up every hour, every day, because protecting your information is important. We also allow you to download your data whenever you want.

LDAP Integration
LDAP integration is available. We can help you tie your Help Desk into your Directory. Our engineering team will work with you to make sure your integration goes smoothly and is completely secure.

Asset Tracking
Asset tracking is a built in feature. This enables you to tie assets to both users and tickets. When a user request comes in you always have all the information you need when you need it.

Check List
You can setup check lists for your users. After they open a request. A pop-up check list will make sure they have some basic information to try to solve their own issue.

Star Rating
A simple system that allows feedback from your users. The Star Rating system allows users to answer questions you want to know. It will show up as an option in their email notice when the ticket is closed. The users can rate and comment on the service they received and this information can be shared with a manager, a team or be anonymous.

Quick Quote
Get a quick quote from a vendor to complete your task. The system will send out a request to approved vendors and tie the responses to the request. This way you can see all the info in the ticket and not have to search through lots of mailboxes.",2017-08-24,637952,0.0.0.1,"[""MANIFEST_MIGRATED"", ""BRIDGE_INJECTED"", ""HAS_BROWSER_POPUP"", ""HAS_BACKGROUND_PAGE"", ""HAS_SERVICE_WORKER"", ""MINIFIED_CODE""]",,TRUE,18.476144167,2,mmkmmgdmglbhgogpaepmhhbecdilgoee,"{""webRequest"": 0, ""html_lines"": 55, ""storage_local"": 0, ""background_page"": 1, ""content_scripts"": 0, ""dangerous_permissions"": 1, ""host_permissions"": 0, ""crypto_patterns"": 40, ""network_requests"": 5, ""extension_size"": 12, ""api_renames"": 3, ""manifest_changes"": 3, ""file_modifications"": 0, ""webRequest_to_dnr_migrations"": 0}",2026-06-06T15:42:40.556000,2026-06-06T15:42:40.556000,,could_not_test
report_1768658338736_gbapciimajmhmlhohecbicaconidcgbj,Disposable Mailbox,,110,no,FALSE,TRUE,FALSE,TRUE,,,FALSE,FALSE,1,,,"Disposable Mailbox is a free temporary email service that creates an email address that self-deletes after 30 minutes.

Disposable Mailbox is a free temporary email service that allows you to receive email at a temporary address that self-deletes after 30 minutes. Disposable Mailbox is also known to called names like: tempmail, throwaway email, burner email, fake-mail, fake email generator, burner email or trash-mail.",2021-12-06,442368,1.0,"[""MANIFEST_MIGRATED"", ""BRIDGE_INJECTED"", ""HAS_BROWSER_POPUP"", ""HAS_CONTENT_SCRIPTS"", ""WEBPACK_BUNDLED"", ""CONTAINS_EVAL"", ""MINIFIED_CODE""]",https://disposablemailbox.com,TRUE,16.640323625,,meelgppppibgjlempimbhnlcbmfjdgfi,"{""webRequest"": 0, ""html_lines"": 4, ""storage_local"": 0, ""background_page"": 0, ""content_scripts"": 1, ""dangerous_permissions"": 0, ""host_permissions"": 0, ""crypto_patterns"": 11, ""network_requests"": 8, ""extension_size"": 9, ""api_renames"": 1, ""manifest_changes"": 3, ""file_modifications"": 0, ""webRequest_to_dnr_migrations"": 0}",2026-06-06T15:42:59.245000,2026-06-06T15:42:59.245000,,no
report_1768660678598_nmbklkkbojhafmhpnakjjhbmkoplocci,name,,103,yes,FALSE,TRUE,TRUE,,,,FALSE,FALSE,,,,"Create grids and rulers overlays to help develop your web applications

Grids & Ruler is an extension that add a new panel to Chrome developer tools. That panel let you create and manage overlays on pages that provide you visual hints to develop you web app layouts.",2020-05-22 00:00,31989,2.0,"[""MANIFEST_MIGRATED"", ""HAS_BACKGROUND_PAGE"", ""HAS_CONTENT_SCRIPTS"", ""HAS_SERVICE_WORKER"", ""USES_WEB_REQUEST"", ""USES_STORAGE_LOCAL"", ""CONTAINS_EVAL"", ""MINIFIED_CODE""]",https://jeremie.patonnier.net,TRUE,59.061218583,3,hanjfllnmjomdjconodgalakmmdkcnmk,"{""webRequest"": 1, ""html_lines"": 36, ""storage_local"": 5, ""background_page"": 1, ""content_scripts"": 1, ""dangerous_permissions"": 0, ""host_permissions"": 0, ""crypto_patterns"": 1, ""network_requests"": 0, ""extension_size"": 0, ""api_renames"": 3, ""manifest_changes"": 3, ""file_modifications"": 0, ""webRequest_to_dnr_migrations"": 0}",2026-06-06T15:43:59.759000,2026-06-06T15:43:59.759000,,yes
report_1768649476740_memokfnkpgdjobpofphcablopgiichff,NCTU Dark E3,,35,could_not_test,FALSE,TRUE,TRUE,TRUE,,,FALSE,FALSE,7,5.0,3,"More comfortable New E3

利用CSS改變增加網站的顏色、外觀，讓使用者有更舒適的介面。
例如將原本藍色的背景改成黑色的，原本黑色的文字改成白色的。",2021-02-01,17551,1.0.1,"[""MANIFEST_MIGRATED"", ""HAS_BROWSER_POPUP"", ""HAS_CONTENT_SCRIPTS""]",,TRUE,48.785942791,,felklfphngaimhchomlfbfcefdbhnhjp,"{""webRequest"": 0, ""html_lines"": 22, ""storage_local"": 0, ""background_page"": 0, ""content_scripts"": 1, ""dangerous_permissions"": 0, ""host_permissions"": 0, ""crypto_patterns"": 0, ""network_requests"": 0, ""extension_size"": 0, ""api_renames"": 1, ""manifest_changes"": 3, ""file_modifications"": 0, ""webRequest_to_dnr_migrations"": 0}",2026-06-06T15:44:50.443000,2026-06-06T15:44:50.443000,,could_not_test
report_1768651530298_gmfnhgekmcgknlbnccifbgaolkmfdack,YMusic Play,,242,could_not_test,TRUE,TRUE,TRUE,,,,FALSE,FALSE,,,,"Это расширение позволяет управлять плеером Яндекс.Музыка без переключения на вкладку плеера.

Кнопка Play\Pause для Яндекс.Музыка
При смене трека показывает уведомление с названием Трека и Исполнителем!
Также вы можете добавить кнопку следующий\предыдущий трек YMusic next\YMusic Prev соответственно",2014-12-07,69007,0.9.6,"[""MANIFEST_MIGRATED"", ""CSP_VALUE_MODIFIED"", ""API_RENAMES_APPLIED"", ""BRIDGE_INJECTED"", ""HAS_BROWSER_POPUP"", ""HAS_BACKGROUND_PAGE"", ""HAS_CONTENT_SCRIPTS"", ""HAS_SERVICE_WORKER"", ""HAS_HOST_PERMISSIONS"", ""USES_TABS_API"", ""MINIFIED_CODE""]",,TRUE,19.5969595,3,pnbfiinedmemhcdgfkniadoeomlgkkbn,"{""webRequest"": 0, ""html_lines"": 6, ""storage_local"": 0, ""background_page"": 1, ""content_scripts"": 1, ""dangerous_permissions"": 1, ""host_permissions"": 1, ""crypto_patterns"": 32, ""network_requests"": 6, ""extension_size"": 1, ""api_renames"": 3, ""manifest_changes"": 3, ""file_modifications"": 1, ""webRequest_to_dnr_migrations"": 0}",2026-06-06T15:45:11.782000,2026-06-06T15:45:11.782000,,could_not_test
report_1768659506396_cnhkghcbdppfomnpnhilbpinkajgmkjg,DeRocket Star,Failed to load extension from: /private/var/folders/cb/cw_. Could not load background script ''.,110,no,FALSE,FALSE,TRUE,TRUE,,,FALSE,FALSE,349,1.0,1,,,,1.1.3,"[""MANIFEST_MIGRATED"", ""BRIDGE_INJECTED"", ""HAS_BROWSER_POPUP"", ""HAS_BACKGROUND_PAGE"", ""HAS_SERVICE_WORKER"", ""HAS_HOST_PERMISSIONS"", ""USES_STORAGE_LOCAL"", ""MINIFIED_CODE""]",,TRUE,3.9217035,,efknekcleeppkeihidbeoggjfdenogob,"{""webRequest"": 0, ""html_lines"": 174, ""storage_local"": 1, ""background_page"": 1, ""content_scripts"": 0, ""dangerous_permissions"": 1, ""host_permissions"": 1, ""crypto_patterns"": 0, ""network_requests"": 0, ""extension_size"": 0, ""api_renames"": 3, ""manifest_changes"": 3, ""file_modifications"": 0, ""webRequest_to_dnr_migrations"": 0}",2026-06-06T15:45:21.383000,2026-06-06T15:45:21.383000,,yes
report_1768665778370_enpbfnepnmgpnablajojjkoghlccgdbe,Whac-a-Mole,,278,yes,FALSE,TRUE,TRUE,TRUE,,,FALSE,FALSE,12,,,"The Arcade Game Whac-a-Mole

Juega al divertido juego de feria, golpea al topo, ahora en tu navegador. Solo has de introducir la moneda y libera tu estrés golpeando al topo.

Play fun game Whac-a-mole, now on your browser. Release your stress hitting the mole. Insert the penny and start playing.",2013-02-20,219136,1.0,"[""MANIFEST_MIGRATED"", ""HAS_BROWSER_POPUP""]",,TRUE,55.733715458,,oppfgaicamfcdpfgkgllnmghbkekbdmd,"{""webRequest"": 0, ""html_lines"": 20, ""storage_local"": 0, ""background_page"": 0, ""content_scripts"": 0, ""dangerous_permissions"": 0, ""host_permissions"": 0, ""crypto_patterns"": 45, ""network_requests"": 9, ""extension_size"": 5, ""api_renames"": 1, ""manifest_changes"": 3, ""file_modifications"": 0, ""webRequest_to_dnr_migrations"": 0}",2026-06-06T15:46:20.029000,2026-06-06T15:46:20.029000,,yes
report_1768653700220_mcmeaebmnjcpdligmemdlmofjagojedp,Tabby Face,,205,yes,FALSE,TRUE,TRUE,,,,FALSE,FALSE,"1,000",4.8,16,"A new face in each new tab.

A new face in each new tab.",2016-01-18,44103,0.1,"[""MANIFEST_MIGRATED"", ""NEW_TAB_OVERRIDE"", ""MINIFIED_CODE""]",,TRUE,11.786136125,,bndfdncjampimpibnblidhoepkhbpeaa,"{""webRequest"": 0, ""html_lines"": 17, ""storage_local"": 0, ""background_page"": 0, ""content_scripts"": 0, ""dangerous_permissions"": 0, ""host_permissions"": 0, ""crypto_patterns"": 33, ""network_requests"": 5, ""extension_size"": 1, ""api_renames"": 1, ""manifest_changes"": 3, ""file_modifications"": 0, ""webRequest_to_dnr_migrations"": 0}",2026-06-06T15:46:33.778000,2026-06-06T15:46:33.778000,,yes
report_1768658328810_bfbljmnkhmljnlpfndlmoeohckhghgcg,mdjs-viewer,,120,no,FALSE,TRUE,FALSE,,,,FALSE,FALSE,11,,,"See Markdown JavaScript demos directly on github.com

# Markdown JavaScript Viewer (mdjs-viewer)

[mdjs (Markdown JavaScript)](https://www.npmjs.com/package/@mdjs/core) allows to execute code and show interactive demos within your markdown documentation.

This extension takes this functionality and enables it directly on github.com.

You can see live demos in

- Github Markdown files (like README.md)
- Github Issues (incl. edit preview, new comment preview, new issue preview)
- ... more is planned but not yet implemented

## Security

Executing user code especially in github issues can be dangerous.
This extension isolates code executing as much as possible.
It can be considered as secure as any page that executes user code like codepen or jsfiddle.

The Security Measures are:

- not executing any code without user action (e.g. requires a click of a button first)
- shows demos/executes code within an iframe
  - that uses [sandbox](https://www.w3schools.com/tags/att_iframe_sandbox.asp) with the following settings `sandbox=""allow-scripts""`
  - populates the iframe with a data uri
  - does not allow any requests (except unpkg) to got outside of the iframe

This prevents [all known attack vectors](https://github.com/open-wc/mdjs-viewer/issues/2). If you come up with new once please [report them](https://github.com/open-wc/mdjs-viewer/issues/new).

### Warning

In order to function this extension modifies the CSP (Content Security Policy) for github.com with the following rules:

- adds to script-src
  - `'unsafe-inline'` to execute code blocks within the mdjs iframe
  - `unpkg.com` to load user dependencies from within the mdjs iframe

## Demos

Enable the extension and visit the following pages

1. [Readme of demo-wc-card](https://github.com/daKmoR/demo-wc-card)
2. [Issues of demo-wc-card](https://github.com/daKmoR/demo-wc-card/issues/1)

## How does it work?

It adds a button `show demo ▹` to markdown pages and issues. Once you press it will get the raw md text which then gets pass though [mdjs](https://www.npmjs.com/package/@mdjs/core) and an extra plugin which replaces all imports (relative and bare imports) with [unpkg.com](https://unpkg.com/) urls with the `?module` flag. This way all dependencies can be directly loaded in the browser without the need of any service.

Finally we create an iframe with the content of the mdjs html and js output.

## Limits

In order to get the raw md content of an issues (only the first message not following comments) a request to api.github.com is required.
This request is only needed if you actually click on the `show demo ▹` button.
There is a hard limit of 60 anonymous api calls to github per hour.
For more an API key is needed. (You can not yet provide it to the extension 🙈 - feel free to open a feature request)",2020-04-03,262144,0.0.4,"[""MANIFEST_MIGRATED"", ""CSP_VALUE_MODIFIED"", ""API_RENAMES_APPLIED"", ""BRIDGE_INJECTED"", ""HAS_BROWSER_POPUP"", ""HAS_BACKGROUND_PAGE"", ""HAS_CONTENT_SCRIPTS"", ""HAS_SERVICE_WORKER"", ""HAS_HOST_PERMISSIONS"", ""USES_WEB_REQUEST"", ""MINIFIED_CODE""]",,TRUE,56.79724525,5,cdaiopnpmkfoeonhcihiagiecjjonfah,"{""webRequest"": 1, ""html_lines"": 3, ""storage_local"": 0, ""background_page"": 1, ""content_scripts"": 1, ""dangerous_permissions"": 2, ""host_permissions"": 1, ""crypto_patterns"": 7, ""network_requests"": 1, ""extension_size"": 9, ""api_renames"": 3, ""manifest_changes"": 3, ""file_modifications"": 0, ""webRequest_to_dnr_migrations"": 0}",2026-06-06T15:47:32.852000,2026-06-06T15:47:32.852000,,could_not_test
report_1768656246405_komfeopplhgacleefdmolieliiepabec,Mitt Romney's Nephew,,31,yes,FALSE,TRUE,TRUE,,,TRUE,FALSE,TRUE,173,5.0,3,Correct all instances of 'Doug Robinson' to 'Mitt Romney's Nephew' with this extension.,2017-08-01,222208,1.0,"[""MANIFEST_MIGRATED"", ""HAS_CONTENT_SCRIPTS""]",,TRUE,88.036614209,,gpcmeiebpflemahameeillncgfiifphg,"{""webRequest"": 0, ""html_lines"": 0, ""storage_local"": 0, ""background_page"": 0, ""content_scripts"": 1, ""dangerous_permissions"": 0, ""host_permissions"": 0, ""crypto_patterns"": 0, ""network_requests"": 0, ""extension_size"": 2, ""api_renames"": 1, ""manifest_changes"": 3, ""file_modifications"": 0, ""webRequest_to_dnr_migrations"": 0}",2026-06-06T15:49:02.652000,2026-06-06T15:49:02.652000,,yes
report_1768659843260_mkpnghnaoaglmcnjediemmjncjmjmbnl,Punkass Kids!! Get Off My Browser,,488,could_not_test,FALSE,TRUE,TRUE,,,,FALSE,FALSE,37,,,,,,0.0.1,"[""MANIFEST_MIGRATED"", ""API_RENAMES_APPLIED"", ""BRIDGE_INJECTED"", ""HAS_BACKGROUND_PAGE"", ""HAS_CONTENT_SCRIPTS"", ""HAS_SERVICE_WORKER"", ""MINIFIED_CODE""]",,TRUE,45.97712575,1,adllocmhjliahdanbfnaijobleemnglo,"{""webRequest"": 0, ""html_lines"": 7, ""storage_local"": 0, ""background_page"": 1, ""content_scripts"": 1, ""dangerous_permissions"": 0, ""host_permissions"": 0, ""crypto_patterns"": 80, ""network_requests"": 11, ""extension_size"": 3, ""api_renames"": 3, ""manifest_changes"": 3, ""file_modifications"": 1, ""webRequest_to_dnr_migrations"": 0}",2026-06-06T15:49:50.616000,2026-06-06T15:49:50.616000,,could_not_test
report_1768659827668_mkpnghnaoaglmcnjediemmjncjmjmbnl,Gifaster,,35,yes,FALSE,TRUE,TRUE,TRUE,,,FALSE,FALSE,37,,,"control gif speed

It shows gif with gif speed controller. 

Users can see the content inside gif faster.",2021-01-10,13752,0.3.0,"[""MANIFEST_MIGRATED"", ""HAS_BROWSER_POPUP"", ""HAS_HOST_PERMISSIONS"", ""WEBPACK_BUNDLED""]",,TRUE,63.89414275,,ckhljhdocmhkniefinppahmcgonpemlf,"{""webRequest"": 0, ""html_lines"": 19, ""storage_local"": 0, ""background_page"": 0, ""content_scripts"": 0, ""dangerous_permissions"": 0, ""host_permissions"": 1, ""crypto_patterns"": 0, ""network_requests"": 1, ""extension_size"": 0, ""api_renames"": 1, ""manifest_changes"": 3, ""file_modifications"": 0, ""webRequest_to_dnr_migrations"": 0}",2026-06-06T15:50:55.986000,2026-06-06T15:50:55.986000,,yes
report_1768660445303_konmhndloeipcibcmpjalnfpcalfkbhp,AvJuicy Plugin,,66,could_not_test,FALSE,TRUE,TRUE,,,,FALSE,FALSE,4,,,"It converts all embeded videos to native player format.

此應用程式可去除avjuicy.com影片的廣告，並切換為原生影片播放器，大大提高用戶體驗。
It converts all embeded videos in avjuicy.com into native video player format.(for: avjuicy.com)",2018-07-30,15831,1.0.4,"[""MANIFEST_MIGRATED"", ""API_RENAMES_APPLIED"", ""BRIDGE_INJECTED"", ""HAS_BROWSER_POPUP"", ""HAS_BACKGROUND_PAGE"", ""HAS_CONTENT_SCRIPTS"", ""HAS_SERVICE_WORKER""]",,TRUE,37.359934084,3,ccocombhhhapoooihkdgdlhkcknhndgc,"{""webRequest"": 0, ""html_lines"": 18, ""storage_local"": 0, ""background_page"": 1, ""content_scripts"": 1, ""dangerous_permissions"": 0, ""host_permissions"": 0, ""crypto_patterns"": 0, ""network_requests"": 1, ""extension_size"": 0, ""api_renames"": 3, ""manifest_changes"": 3, ""file_modifications"": 0, ""webRequest_to_dnr_migrations"": 0}",2026-06-06T15:51:35.140000,2026-06-06T15:51:35.140000,,could_not_test
report_1768660475701_konmhndloeipcibcmpjalnfpcalfkbhp,Numerology Score Calculator,,32,yes,FALSE,TRUE,TRUE,TRUE,,,FALSE,FALSE,4,,,"This extension will give the Numerology score for a given Name

A Simple & easy-to-use extension which allow Users to quickly calculate the Numerology Score for a given Name. Choose Names for  New Born baby/ New Ventures, etc., by calculating the Exact Numerology score without any manual effort. This helps in saving huge effort/time in calculating the Numerology score. This extension has gone through a thorough testing and is very accurate thereby avoiding any error in the calculation during manual process.",2021-06-05,13271,1.1,"[""MANIFEST_MIGRATED"", ""HAS_BROWSER_POPUP""]",,TRUE,19.065988875,,beaepapjkhdcienhpgcoekbjckajapdk,"{""webRequest"": 0, ""html_lines"": 26, ""storage_local"": 0, ""background_page"": 0, ""content_scripts"": 0, ""dangerous_permissions"": 0, ""host_permissions"": 0, ""crypto_patterns"": 0, ""network_requests"": 0, ""extension_size"": 0, ""api_renames"": 1, ""manifest_changes"": 3, ""file_modifications"": 0, ""webRequest_to_dnr_migrations"": 0}",2026-06-06T15:51:56.134000,2026-06-06T15:51:56.134000,,yes
report_1768666409701_mjcgkhlnnegnikoahjmpomldacbngfcp,PwGen,,74,no,FALSE,TRUE,FALSE,,,TRUE,FALSE,TRUE,28,,,,2021-12-29,7239,0.0.0.28,"[""MANIFEST_MIGRATED"", ""API_RENAMES_APPLIED"", ""BRIDGE_INJECTED"", ""OFFSCREEN_DOCUMENT_ADDED"", ""HAS_BACKGROUND_PAGE"", ""HAS_CONTENT_SCRIPTS"", ""HAS_SERVICE_WORKER"", ""HAS_HOST_PERMISSIONS""]",https://www.filmboards.com,TRUE,68.227107333,5,jpejajbhcnbpbknefhfphhlebdfbcfae,"{""webRequest"": 0, ""html_lines"": 10, ""storage_local"": 0, ""background_page"": 1, ""content_scripts"": 1, ""dangerous_permissions"": 0, ""host_permissions"": 2, ""crypto_patterns"": 0, ""network_requests"": 2, ""extension_size"": 0, ""api_renames"": 3, ""manifest_changes"": 3, ""file_modifications"": 1, ""webRequest_to_dnr_migrations"": 0}",2026-06-06T15:53:06.188000,2026-06-06T15:53:06.188000,,no
report_1768646403754_onbjfjajekembgebmjmoonbkpgeckape,name,,296,yes,FALSE,TRUE,TRUE,TRUE,,,FALSE,FALSE,"9,000",3.0,11,"Sift through Boom Beach Wiki quick and easy.

Boom Beach Suche ist die App mit der du schnell und einfach Zugriff auf alle Boombeach Items im Boom Beach Wiki hast. Du willst wissen auf welche Stufe du dein BoomBeach Hauptquatier ausbauen musst um deine Boombeach Arsenal auf das nächste Level bringen zu können? Mit der Boom Beach Suche bist du nur einen Klick von der Antwort entfernt. Die Boombeachsuche macht dein Spiel nicht nur effektiver, sondern verrät dir auch die beste Boombeach Strategie um deinen nächsten Gegner auszulöschen und dir seine Boom Beach Ressourcen zu schnappen.",2015-06-17,613376,2.1,"[""MANIFEST_MIGRATED"", ""BRIDGE_INJECTED"", ""HAS_BROWSER_POPUP"", ""HAS_BACKGROUND_PAGE"", ""HAS_CONTENT_SCRIPTS"", ""HAS_SERVICE_WORKER"", ""USES_TABS_API"", ""MINIFIED_CODE""]",,TRUE,13.923789208,3,cfodmpfppkdledadbdaidmgghhgmkdni,"{""webRequest"": 0, ""html_lines"": 36, ""storage_local"": 0, ""background_page"": 1, ""content_scripts"": 1, ""dangerous_permissions"": 1, ""host_permissions"": 0, ""crypto_patterns"": 41, ""network_requests"": 5, ""extension_size"": 10, ""api_renames"": 3, ""manifest_changes"": 3, ""file_modifications"": 0, ""webRequest_to_dnr_migrations"": 0}",2026-06-06T15:53:22.300000,2026-06-06T15:53:22.300000,,yes
report_1768663027587_lgmnoiadmpgailkkmodhnahalaonfecf,YouTube Dislike and IMDb forum restorer,,74,no,FALSE,TRUE,FALSE,,,,FALSE,FALSE,526,,,"Restores forums to IMDb and you can continue posting to them on filmboards.com and restores dislike counts for YouTube videos

This addon restores dislike counts to YouTube videos and restores the forums removed from IMDb and you can continue posting to them on filmboards.com.
Not affiliated with imdb.com.",2021-12-29,7239,1.17,"[""MANIFEST_MIGRATED"", ""API_RENAMES_APPLIED"", ""BRIDGE_INJECTED"", ""OFFSCREEN_DOCUMENT_ADDED"", ""HAS_BACKGROUND_PAGE"", ""HAS_CONTENT_SCRIPTS"", ""HAS_SERVICE_WORKER"", ""HAS_HOST_PERMISSIONS""]",https://www.filmboards.com,TRUE,4.223643834,5,cdcmkgmpkgcpbciedjgkddedeoeafmlm,"{""webRequest"": 0, ""html_lines"": 10, ""storage_local"": 0, ""background_page"": 1, ""content_scripts"": 1, ""dangerous_permissions"": 0, ""host_permissions"": 2, ""crypto_patterns"": 0, ""network_requests"": 2, ""extension_size"": 0, ""api_renames"": 3, ""manifest_changes"": 3, ""file_modifications"": 1, ""webRequest_to_dnr_migrations"": 0}",2026-06-06T15:53:50.236000,2026-06-06T15:53:50.236000,,could_not_test
report_1768653653196_edfflpconbnjmnejkmeddehoeccenmic,CompfloUploader,,98,could_not_test,FALSE,TRUE,TRUE,,,,TRUE,FALSE,202,4.5,8,,,,1.0.0,"[""MANIFEST_MIGRATED""]",,TRUE,32.696537417,,felohcdemdbdodhnghflhdbniijjeadg,"{""webRequest"": 0, ""html_lines"": 0, ""storage_local"": 0, ""background_page"": 0, ""content_scripts"": 0, ""dangerous_permissions"": 0, ""host_permissions"": 0, ""crypto_patterns"": 0, ""network_requests"": 0, ""extension_size"": 73, ""api_renames"": 1, ""manifest_changes"": 3, ""file_modifications"": 0, ""webRequest_to_dnr_migrations"": 0}",2026-06-06T15:54:31.205000,2026-06-06T15:54:31.205000,,could_not_test
report_1768667420572_chikhglcpacbpaljlolhgjdojoekkmep,Full-Window Player for YouTube,,29,no,FALSE,TRUE,FALSE,,,,FALSE,FALSE,124,5.0,2,"Adds a button to YouTube videos that toggles a full-window player.

A simple extension for a better YouTube viewing experience.

YouTube is a trademark of Google. This extension is not affiliated with Google or YouTube.",2018-08-08,9000,1.0,"[""MANIFEST_MIGRATED"", ""HAS_CONTENT_SCRIPTS""]",,TRUE,74.823088208,,eifhnmgbkcbehcaabdmgmbgnlaheadpn,"{""webRequest"": 0, ""html_lines"": 0, ""storage_local"": 0, ""background_page"": 0, ""content_scripts"": 1, ""dangerous_permissions"": 0, ""host_permissions"": 0, ""crypto_patterns"": 0, ""network_requests"": 0, ""extension_size"": 0, ""api_renames"": 1, ""manifest_changes"": 3, ""file_modifications"": 0, ""webRequest_to_dnr_migrations"": 0}",2026-06-06T15:55:47.593000,2026-06-06T15:55:47.593000,,yes
report_1768660857226_hkhlocepmjgohkgmghaogfpafmocjkla,Roblox Dark Mode [BETA],,29,yes,FALSE,TRUE,TRUE,,,,FALSE,FALSE,7,,,"This extension enables dark theme on the Roblox website. You can find me here: https://www.roblox.com/users/80848299/profile

This version is in BETA, bugs are easier to find together, my discord server is https://discord.gg/Ppc3ua5

The library, trade, and groups is not in dark mode yet, I will update that in later versions.

Update 0.1.2.3: Fixed many bugs (thanks to chaugen1#9079 )
Update 0.1.2.2: Made topbar black and added support for developer page!
Update 0.1.2.1: Fixed chat text
Update 0.1.2.0: Special date for 1 thousand users! Dark mode now support develop page! More dark mode like stats and config for developers will come soon. Please report bugs to me
Update 0.1.1.7: Group bug patch
Update 0.1.1.6: Add support for groups! Plus bug fixes for avatar, and signup page CSS not loading for some users. There is currently a lot of bugs for groups page, please report them to me at my discord
Update 0.1.1.4: Fixed trading, added dark mode on promo codes, made close icon to white
Update 0.1.1.3: Fixed dark lines in games, group page was accidentally enabled for dark mode, and other minors
Update 0.1.1.2: Fixed bug where some people are not able to use the extension, thanks to 󠂪L#8719
Update 0.1.1.1: Fixed icon file path, short-term fix for groups, and dark mode for group search fixed",2021-01-27,24637,0.1.2.3,"[""MANIFEST_MIGRATED"", ""API_RENAMES_APPLIED"", ""HAS_BROWSER_POPUP"", ""HAS_CONTENT_SCRIPTS""]",,TRUE,25.006451791,,jlpchpckgnbidjoglbkkkdgflcpcmkec,"{""webRequest"": 0, ""html_lines"": 0, ""storage_local"": 0, ""background_page"": 0, ""content_scripts"": 1, ""dangerous_permissions"": 0, ""host_permissions"": 0, ""crypto_patterns"": 0, ""network_requests"": 0, ""extension_size"": 0, ""api_renames"": 1, ""manifest_changes"": 3, ""file_modifications"": 0, ""webRequest_to_dnr_migrations"": 0}",2026-06-06T15:56:14.736000,2026-06-06T15:56:14.736000,,yes
report_1768660925722_melfmbkfjcljmhpolheccbkdmaoffdjd,ImproveGistPager,,29,could_not_test,FALSE,TRUE,TRUE,,,,FALSE,FALSE,2,,,"Improve Gist pager.

Google Chrome Extension that improves Gist pager.",2014-04-21,8407,0.0.1,"[""MANIFEST_MIGRATED"", ""HAS_CONTENT_SCRIPTS""]",,TRUE,17.568351084,,jokohgmhnpcjebmohaadcicbidocjhdd,"{""webRequest"": 0, ""html_lines"": 0, ""storage_local"": 0, ""background_page"": 0, ""content_scripts"": 1, ""dangerous_permissions"": 0, ""host_permissions"": 0, ""crypto_patterns"": 0, ""network_requests"": 0, ""extension_size"": 0, ""api_renames"": 1, ""manifest_changes"": 3, ""file_modifications"": 0, ""webRequest_to_dnr_migrations"": 0}",2026-06-06T15:56:33.720000,2026-06-06T15:56:33.720000,,could_not_test
report_1768654126370_jfpmipfmnoleakbnehmhhoefgofjilba,Da DaBaby Game,,109,yes,FALSE,TRUE,TRUE,TRUE,TRUE,,FALSE,FALSE,296,3.0,6,"Help DaBaby Car avoid the Teslas!

Help DaBaby Car avoid the tEsLas by using the arrow keys to move up, down, left, or right.

-------------------
Change Log
-------------------

Version 420.6.9.5 -
Updated ActiveTab permission cuz Google cringe no cap

Version 420.6.9.4 -
Added background music

Version 420.6.9.3 -
Changed appearance of score keeper
Added amogus ;)

Version 420.6.9.2 - 
Added a score keeper!",2022-06-01,1520435,420.6.9.5,"[""MANIFEST_MIGRATED"", ""HAS_BROWSER_POPUP"", ""MINIFIED_CODE""]",,TRUE,61.771255375,,ganoilfefbaddeibjpjogbdcjpnjnbji,"{""webRequest"": 0, ""html_lines"": 110, ""storage_local"": 0, ""background_page"": 0, ""content_scripts"": 0, ""dangerous_permissions"": 0, ""host_permissions"": 0, ""crypto_patterns"": 5, ""network_requests"": 5, ""extension_size"": 21, ""api_renames"": 1, ""manifest_changes"": 3, ""file_modifications"": 0, ""webRequest_to_dnr_migrations"": 0}",2026-06-06T15:57:37.661000,2026-06-06T15:57:37.661000,,yes
report_1768667327446_kogkcacofdelkdmcihakeeoglnlgdanp,Quick Tab,Failed to load extension from: /private/var/folders/cb/cw_. The chrome_style option cannot be used with manifest version .,89,no,FALSE,FALSE,TRUE,TRUE,,,FALSE,FALSE,"20,000",4.7,35,"A quick way to find the tab you're looking for when you have lots of them open.

Quick Tab provides a quick way to find the tab you're looking for among the many tabs you have open.

Features

- Open with keyboard shortcut
- Search tabs
- Navigate tabs with the arrow keys
- Close tabs with right mouse
- Switch between tabs

Want a feature added or found a bug? https://github.com/tomlerendu/Quick-Tab/issues",2020-06-30,531456,5.3.1,"[""MANIFEST_MIGRATED"", ""BRIDGE_INJECTED"", ""HAS_BROWSER_POPUP"", ""USES_TABS_API"", ""MINIFIED_CODE""]",https://tomlerendu.uk,TRUE,4.892047375,,lnmkkohgjfjokjoaaebdbconhokeajgp,"{""webRequest"": 0, ""html_lines"": 4, ""storage_local"": 0, ""background_page"": 0, ""content_scripts"": 0, ""dangerous_permissions"": 1, ""host_permissions"": 0, ""crypto_patterns"": 3, ""network_requests"": 0, ""extension_size"": 45, ""api_renames"": 1, ""manifest_changes"": 3, ""file_modifications"": 0, ""webRequest_to_dnr_migrations"": 0}",2026-06-06T15:57:51.567000,2026-06-06T15:57:51.567000,,no
report_1768654946468_fmhigajdbogngfaijmnpihcjjojkigjc,Screenshot Capture,Failed to load extension from: /private/var/folders/cb/cw_. The extension requires the 'declarativeNetRequest' or the 'declarativeNetRequestWithHostAccess' permission for the 'declarative_net_request' manifest key,521,no,FALSE,FALSE,TRUE,,TRUE,,TRUE,FALSE,,,,,,,3.7,"[""DECLARATIVE_NET_REQUEST_MIGRATED"", ""MANIFEST_MIGRATED"", ""API_RENAMES_APPLIED"", ""BRIDGE_INJECTED"", ""HAS_BROWSER_POPUP"", ""HAS_BACKGROUND_PAGE"", ""HAS_SERVICE_WORKER"", ""USES_WEB_REQUEST"", ""USES_TABS_API""]",,TRUE,4.127634167,4,mebhnnfdhipfhjaebnboibcdkdipjddj,"{""webRequest"": 91, ""html_lines"": 17, ""storage_local"": 0, ""background_page"": 1, ""content_scripts"": 0, ""dangerous_permissions"": 1, ""host_permissions"": 0, ""crypto_patterns"": 0, ""network_requests"": 0, ""extension_size"": 0, ""api_renames"": 3, ""manifest_changes"": 3, ""file_modifications"": 2, ""webRequest_to_dnr_migrations"": 0}",2026-06-06T15:58:02.310000,2026-06-06T15:58:02.310000,,yes
report_1768660205587_phhnnjmjgolnbolohmhbpkkfnhnadpbg,The Joe Rogan Experience Productivity Podcast,,140,yes,FALSE,TRUE,TRUE,TRUE,,,FALSE,FALSE,16,,,,,,0.4,"[""MANIFEST_MIGRATED"", ""API_RENAMES_APPLIED"", ""BRIDGE_INJECTED"", ""HAS_BROWSER_POPUP"", ""HAS_BACKGROUND_PAGE"", ""HAS_SERVICE_WORKER"", ""HAS_HOST_PERMISSIONS"", ""USES_TABS_API"", ""MINIFIED_CODE""]",,TRUE,25.091792625,1,bfmfbnlagkdfnhdeibiaimidhdaonhcm,"{""webRequest"": 0, ""html_lines"": 222, ""storage_local"": 0, ""background_page"": 1, ""content_scripts"": 0, ""dangerous_permissions"": 1, ""host_permissions"": 1, ""crypto_patterns"": 1, ""network_requests"": 5, ""extension_size"": 8, ""api_renames"": 3, ""manifest_changes"": 3, ""file_modifications"": 0, ""webRequest_to_dnr_migrations"": 0}",2026-06-06T15:58:29.860000,2026-06-06T15:58:29.860000,,yes
report_1768661150869_nchjdnhlflbojlffhdaihagpcajiakec,Alpaka.express для веб-мастеров,,283,could_not_test,TRUE,TRUE,TRUE,TRUE,,,FALSE,FALSE,1,,,"Плагин партнерской сети Alpaka.express для веб-мастеров

Быстрый и лёгкий способ создания партнёрских ссылок для платформы Alpaka.
Плагин позволяет получить партнерскую ссылку на любую открытую в Вашем браузере страницу AliExpress!

Для этого необходимо:

Шаг 1. Установите дополнение для Вашего браузера;

Шаг 2. Перейдите на сайт Алиэкспресс
Дополнение работает только на сайте Алиэкспресс. Чтобы начать работу, перейдите на aliexpress.com. Если вы находитесь на другом сайте, то увидите предупреждение.

Шаг 3. Введите свой ключ
Перед тем, как начать генерировать ссылки, нужно ввести ваш персональный ключ. Вы можете его получить в кабинете Alpaka в разделе “Инструменты” на вкладке “Дополнения для браузера”.

Шаг 4. Перейдите на страницу товара и создайте короткую ссылку.
Перейдите на страницу товара и нажмите на иконку плагина. Во всплывающем окне укажите креатив или группу, к которому относится создаваемая ссылка, и нажмите “Получить ссылку”. Сформированная партнерская ссылка готова к использованию!

Шаг 5. Опубликуйте ссылку
Нажмите на ссылку, и она автоматически скопируется в буфер обмена.
Опубликуйте ссылку на выбранной площадке. Ссылка появится в личном кабинете, и вы сможете видеть статистику по ней. Чтобы создать новую ссылку, перейдите на новую страницу Алиэкспресс или обновите текущую.

Шаг 6. Дерзайте!
Если что-то пойдет не так, задайте вопрос в личном кабинете Alpaka в разделе
“Поддержка” — мы всегда рады вам помочь.


Если создание партнерской ссылки на страницу возможно — на иконке плагина будет отображаться зеленый значок “Yes”.",2020-04-08,62310,1.8,"[""MANIFEST_MIGRATED"", ""API_RENAMES_APPLIED"", ""BRIDGE_INJECTED"", ""HAS_BROWSER_POPUP"", ""HAS_BACKGROUND_PAGE"", ""HAS_SERVICE_WORKER"", ""HAS_HOST_PERMISSIONS"", ""USES_TABS_API"", ""MINIFIED_CODE""]",https://alpaka.express,TRUE,12.621367459,1,fnfpdeaijfjmaehhkpdnoieimohodbcm,"{""webRequest"": 0, ""html_lines"": 22, ""storage_local"": 0, ""background_page"": 1, ""content_scripts"": 0, ""dangerous_permissions"": 2, ""host_permissions"": 2, ""crypto_patterns"": 39, ""network_requests"": 6, ""extension_size"": 1, ""api_renames"": 3, ""manifest_changes"": 3, ""file_modifications"": 1, ""webRequest_to_dnr_migrations"": 0}",2026-06-06T15:58:44.302000,2026-06-06T15:58:44.302000,,could_not_test
report_1768656783141_mknflhinhbbiabecejbgcgpilcfjkfho,KURT Seguros,,360,could_not_test,FALSE,TRUE,TRUE,,TRUE,,FALSE,FALSE,1,,,"KURT Seguros + Chrome extension

Funcionalidades para la plataforma KURT Seguros para la utilización junto a la aplicación provista dentro de la misma. Asegúrese tenerla instalada para el funcionamiento de esta extensión.
Esta herramienta se utiliza para la inicialización de las campañas creadas dentro de la plataforma. Se podrá obtener una vista previa de las instrucciones que ocurrirán en el proceso de ejecución de la campaña. Se informará tanto el estado del proceso como de cada una de las instrucciones. El modo desatendido estará disponible para fraccionar el trabajo a realizar y continuamente verificar las instrucciones que se encuentran disponibles.",2021-07-03,3701473,4.1.1,"[""MANIFEST_MIGRATED"", ""API_RENAMES_APPLIED"", ""BRIDGE_INJECTED"", ""OFFSCREEN_DOCUMENT_ADDED"", ""HAS_BROWSER_POPUP"", ""HAS_BACKGROUND_PAGE"", ""HAS_SERVICE_WORKER"", ""HAS_HOST_PERMISSIONS"", ""USES_STORAGE_LOCAL"", ""USES_TABS_API"", ""MINIFIED_CODE""]",,TRUE,32.606083541,5,eoojigjmgmaifeejbccfhnhedmjmnhdb,"{""webRequest"": 0, ""html_lines"": 13, ""storage_local"": 7, ""background_page"": 1, ""content_scripts"": 0, ""dangerous_permissions"": 4, ""host_permissions"": 3, ""crypto_patterns"": 32, ""network_requests"": 2, ""extension_size"": 80, ""api_renames"": 3, ""manifest_changes"": 3, ""file_modifications"": 1, ""webRequest_to_dnr_migrations"": 0}",2026-06-06T15:59:20.128000,2026-06-06T15:59:20.128000,,could_not_test
report_1768665071402_bmloakcjfbijkejgfpbjijfhegmcapfj,LeadDesk Talk,,189,could_not_test,TRUE,TRUE,TRUE,,,,FALSE,FALSE,14,,,"A plugin for recognizing phone numbers for LeadDesk.

LeadDesk Talk
-----------------
LeadDesk Talk is a lighter version of LeadDesk, the software that agents use for calling and data handling. It can be integrated with any CRM system or used with the latest Chrome web browser. LeadDesk Talk excels at fast click-to-call dialing. The application recognizes all phone numbers displayed in the browser window and places a small green phone icon next to them. Upon mouse-over, the number is highlighted and can be dialed automatically with just one click. After clicking the number, a call dialogue pops up and indicates that the call is on its way.

LeadDesk Talk can also be used for manual calling via a numeric keypad. The activities of LeadDesk agents and their calls, campaigns, statistics etc. can be managed and monitored from the powerful LeadDesk Admin interface. LeadDesk Button integrates seamlessly with all other LeadDesk products.

Company
-----------
LeadDesk is the fast-growing Finnish company that makes Europe’s #1 telesales software for sales and sales-oriented customer service organizations. The service is used by over 10,000 professionals in 34 countries on a daily basis. LeadDesk clients include small and large companies that use LeadDesk to make over 6 million calls per week.

Know your customers.
LeadDesk enables easy and effective management of contact data, seamless integration of new contacts, and advanced call handling, proven to increase your call success.

Boost your sales.
LeadDesk helps you run more efficient campaigns with more effective calls, and advanced reporting and monitoring, so you develop your sales process and grow your business.",2024-11-20,74803,24.47,"[""MANIFEST_MIGRATED"", ""API_RENAMES_APPLIED"", ""BRIDGE_INJECTED"", ""OFFSCREEN_DOCUMENT_ADDED"", ""HAS_BROWSER_POPUP"", ""HAS_BACKGROUND_PAGE"", ""HAS_CONTENT_SCRIPTS"", ""HAS_SERVICE_WORKER"", ""HAS_HOST_PERMISSIONS"", ""USES_WEB_REQUEST"", ""USES_TABS_API"", ""MINIFIED_CODE""]",,TRUE,12.483019417,7,ajkhhbbojkdghjfdmiekadmeplhehppa,"{""webRequest"": 1, ""html_lines"": 393, ""storage_local"": 0, ""background_page"": 1, ""content_scripts"": 1, ""dangerous_permissions"": 1, ""host_permissions"": 3, ""crypto_patterns"": 0, ""network_requests"": 6, ""extension_size"": 1, ""api_renames"": 3, ""manifest_changes"": 3, ""file_modifications"": 1, ""webRequest_to_dnr_migrations"": 0}",2026-06-06T15:59:34.343000,2026-06-06T15:59:34.343000,,could_not_test
report_1768661093491_hkghkfjmhdkandmlbjdigjhaldhdjpof,Tabs Killer,,189,no,FALSE,TRUE,TRUE,,,TRUE,FALSE,TRUE,6,,,,2024-11-20,74803,24.47,"[""MANIFEST_MIGRATED"", ""API_RENAMES_APPLIED"", ""BRIDGE_INJECTED"", ""OFFSCREEN_DOCUMENT_ADDED"", ""HAS_BROWSER_POPUP"", ""HAS_BACKGROUND_PAGE"", ""HAS_CONTENT_SCRIPTS"", ""HAS_SERVICE_WORKER"", ""HAS_HOST_PERMISSIONS"", ""USES_WEB_REQUEST"", ""USES_TABS_API"", ""MINIFIED_CODE""]",,TRUE,4.506726875,7,hgmdeeoighmhomddlghfjcidkdcpbllf,"{""webRequest"": 1, ""html_lines"": 393, ""storage_local"": 0, ""background_page"": 1, ""content_scripts"": 1, ""dangerous_permissions"": 1, ""host_permissions"": 3, ""crypto_patterns"": 0, ""network_requests"": 6, ""extension_size"": 1, ""api_renames"": 3, ""manifest_changes"": 3, ""file_modifications"": 1, ""webRequest_to_dnr_migrations"": 0}",2026-06-06T15:59:44.283000,2026-06-06T15:59:44.283000,,no
report_1768654214895_meomojfiombmjonneipeklinaikkokgh,Login to Community (quickly) for Salesforce,,465,could_not_test,TRUE,TRUE,TRUE,,,,FALSE,FALSE,"5,000",1.8,33,,,,1.0.0,"[""MANIFEST_MIGRATED"", ""HAS_CONTENT_SCRIPTS"", ""HAS_HOST_PERMISSIONS"", ""MINIFIED_CODE""]",,TRUE,8.733922709,,hhinchjegkfefcpdhkghcinpkkenjgdf,"{""webRequest"": 0, ""html_lines"": 0, ""storage_local"": 0, ""background_page"": 0, ""content_scripts"": 1, ""dangerous_permissions"": 1, ""host_permissions"": 2, ""crypto_patterns"": 80, ""network_requests"": 12, ""extension_size"": 3, ""api_renames"": 1, ""manifest_changes"": 3, ""file_modifications"": 0, ""webRequest_to_dnr_migrations"": 0}",2026-06-06T15:59:54.629000,2026-06-06T15:59:54.629000,,could_not_test
report_1768659977933_idlfipfkeckfbnknbmeadjgjdicgjjli,Keepclubbing Chrome extension,,42,could_not_test,TRUE,TRUE,TRUE,TRUE,,,FALSE,FALSE,662,4.2,4,"Redirect any message

Start earning 💰 with Keepclubbing!

We arm you with the Keepclubbing button to get compensated for your time and your expertise. Just streamline any unsolicited DM, emails (IG, Twitter, TikTok, Gmail...you name it…) in a single tap and at the end of the conversation, your follower will be prompted to support you monetarily.

Just because your content is free, doesn't mean your time is not valuable !",2021-07-16,112640,1.2.1,"[""MANIFEST_MIGRATED"", ""BRIDGE_INJECTED"", ""HAS_BROWSER_POPUP"", ""HAS_CONTENT_SCRIPTS""]",https://keepclubbing.com,TRUE,26.511620208,1,pjcdhklpcmadoldkmojbmlimojgbjdji,"{""webRequest"": 0, ""html_lines"": 31, ""storage_local"": 0, ""background_page"": 0, ""content_scripts"": 1, ""dangerous_permissions"": 0, ""host_permissions"": 0, ""crypto_patterns"": 0, ""network_requests"": 2, ""extension_size"": 1, ""api_renames"": 1, ""manifest_changes"": 3, ""file_modifications"": 0, ""webRequest_to_dnr_migrations"": 0}",2026-06-06T16:00:23.154000,2026-06-06T16:00:23.154000,,could_not_test
report_1768656836364_ofddaejenmgdfhlbfmfoolpgfnajnmip,Tabmaster,,55,yes,FALSE,TRUE,TRUE,TRUE,,,FALSE,FALSE,98,3.2,5,"Tame your tabs.

Out now: Tabmaster 1.8! Favicons and better window inspection!

If your workflow is full of tabs that you don't need for a while, this extension is a must-have.

Instantly hide the offending tab or window and save it for later. When you need it again, everything you have hidden is conveniently listed again.

Useful for:
- Saving something to be read later
- Giving research projects a rest till the next day
- Switching from one workspace to the next

========

1.87: Bug fixes to window preview and favicons.",2014-11-28,16148,1.88,"[""MANIFEST_MIGRATED"", ""API_RENAMES_APPLIED"", ""BRIDGE_INJECTED"", ""HAS_BROWSER_POPUP"", ""USES_TABS_API""]",https://www.a9.io,TRUE,36.28008575,,lfdkbfgkbeaacmbimagfneboofhomjpm,"{""webRequest"": 0, ""html_lines"": 99, ""storage_local"": 0, ""background_page"": 0, ""content_scripts"": 0, ""dangerous_permissions"": 1, ""host_permissions"": 0, ""crypto_patterns"": 0, ""network_requests"": 0, ""extension_size"": 0, ""api_renames"": 1, ""manifest_changes"": 3, ""file_modifications"": 1, ""webRequest_to_dnr_migrations"": 0}",2026-06-06T16:01:00.778000,2026-06-06T16:01:00.778000,,yes
report_1768652223475_hmlbbpbfhpdlgfnpdlgkjbkkbfhpaoai,THE PAINTLY,,53,yes,FALSE,TRUE,TRUE,TRUE,TRUE,,FALSE,FALSE,"2,000",4.7,30,"Let's Help You Buying the Best Paint

Let's help you in selecting the best Paint & Accessories

We are offering the paint related guides with state-of-the-art features and high-quality standards. You will find each information that you need to do Paints  whether you are a hobbyist, an expert or a beginner.",2021-06-22,250880,1.0.25,"[""MANIFEST_MIGRATED"", ""API_RENAMES_APPLIED"", ""HAS_BROWSER_POPUP"", ""MINIFIED_CODE""]",,TRUE,15.540442833,,legdfpaiinfkhmddpgcafpffhgjjpgkl,"{""webRequest"": 0, ""html_lines"": 49, ""storage_local"": 0, ""background_page"": 0, ""content_scripts"": 0, ""dangerous_permissions"": 0, ""host_permissions"": 0, ""crypto_patterns"": 0, ""network_requests"": 5, ""extension_size"": 4, ""api_renames"": 1, ""manifest_changes"": 3, ""file_modifications"": 1, ""webRequest_to_dnr_migrations"": 0}",2026-06-06T16:01:18.220000,2026-06-06T16:01:18.220000,,yes
report_1768663753169_hmhcbakbaibpakmimibioebbpbjaldal,CFCA CryptoKit.CFCAVerifySign Extension,,61,could_not_test,FALSE,TRUE,TRUE,,,,FALSE,FALSE,1,5.0,1,"CFCA Security Application Development Kit

为中国金融认证中心定制的适用于Chrome浏览器的证书应用扩展程序。
该扩展应用于网上验签平台业务系统，满足UKey登陆的身份认证功能。",2021-09-02,15390,3.4.0.2,"[""MANIFEST_MIGRATED"", ""BRIDGE_INJECTED"", ""OFFSCREEN_DOCUMENT_ADDED"", ""HAS_BACKGROUND_PAGE"", ""HAS_SERVICE_WORKER""]",,TRUE,10.917304,2,iphoklkbghonenhklnphmgaakpbdjdic,"{""webRequest"": 0, ""html_lines"": 10, ""storage_local"": 0, ""background_page"": 1, ""content_scripts"": 0, ""dangerous_permissions"": 1, ""host_permissions"": 0, ""crypto_patterns"": 0, ""network_requests"": 0, ""extension_size"": 0, ""api_renames"": 3, ""manifest_changes"": 3, ""file_modifications"": 0, ""webRequest_to_dnr_migrations"": 0}",2026-06-06T16:01:51.708000,2026-06-06T16:01:51.708000,,could_not_test
report_1768663421431_hdnppaimbejhjpmalplofihcobaaldnb,Florida Man Trump,,29,yes,FALSE,TRUE,TRUE,,,,FALSE,FALSE,,,,"Replaces any reference to Trump with 'Florida Man' because no one has ever embodied the essence of Florida Man more.

Now that Donald Trump has become a resident of the state of Florida, this extension will correct the internet whenever he is mentioned.

Icon courtesy of Smashicons www.flaticon.com/authors/smashicons",2019-11-04 00:00,3676,1.0,"[""MANIFEST_MIGRATED"", ""HAS_CONTENT_SCRIPTS""]",,TRUE,25.040262041,,gghacdgflidmgmcdmmncndihaihdalbp,"{""webRequest"": 0, ""html_lines"": 0, ""storage_local"": 0, ""background_page"": 0, ""content_scripts"": 1, ""dangerous_permissions"": 0, ""host_permissions"": 0, ""crypto_patterns"": 0, ""network_requests"": 0, ""extension_size"": 0, ""api_renames"": 1, ""manifest_changes"": 3, ""file_modifications"": 0, ""webRequest_to_dnr_migrations"": 0}",2026-06-06T16:02:18.644000,2026-06-06T16:02:18.644000,,yes
report_1768665938137_bflnegllfmihkmfmohidcklkbekfkama,«Фабрика объявлений»,,295,yes,FALSE,TRUE,TRUE,TRUE,,,FALSE,FALSE,,,,"Всё что хотелось продать или купить, и многое другое... но никак не получалось

«Фабрика объявлений» - доска бесплатных объявлений. Благодаря данному расширению вы можете всегда быть в курсе новых объявлений на доске Фабрика объявлений. Обновление происходит автоматически, через каждые 20-30 минут. Категории объявлений:

-Транспорт
-Недвижимость
-Услуги
-Электроника и бытовая техника
-Всё для дома и дачи
-Личные вещи
-Хобби, отдых и спорт
-Животные
-Для бизнеса и производства
-Работа

 Вас интересует только одна или несколько категорий? Это не проблема, в разделе ""Настройки"" вы можете обозначить те категории, которые вам интересны.
Благодаря удобному поиску, вы можете быстро найти интересующий товар или услугу на нашем портале.",2022-04-28 00:00,821248,1.0.16,"[""MANIFEST_MIGRATED"", ""API_RENAMES_APPLIED"", ""BRIDGE_INJECTED"", ""HAS_BROWSER_POPUP"", ""HAS_BACKGROUND_PAGE"", ""HAS_CONTENT_SCRIPTS"", ""HAS_SERVICE_WORKER"", ""HAS_HOST_PERMISSIONS"", ""MINIFIED_CODE""]",https://adsfactory.ru,TRUE,13.988997375,3,idjoiihokgcjamodpblidfgcapoganng,"{""webRequest"": 0, ""html_lines"": 131, ""storage_local"": 0, ""background_page"": 1, ""content_scripts"": 1, ""dangerous_permissions"": 0, ""host_permissions"": 1, ""crypto_patterns"": 34, ""network_requests"": 7, ""extension_size"": 14, ""api_renames"": 3, ""manifest_changes"": 3, ""file_modifications"": 1, ""webRequest_to_dnr_migrations"": 0}",2026-06-06T16:02:34.280000,2026-06-06T16:02:34.280000,,yes
report_1768655490121_idojlgkdoohgidhpcjamhpdaofafiocj,My Merrys,,420,no,TRUE,TRUE,TRUE,FALSE,,FALSE,FALSE,TRUE,5,4.6,9,"Tes achats sur internet te rapportent des cadeaux d’anniversaire d’exception et en plus, c’est totalement gratuit !…

Vos achats sur internet vous permettent de collecter des MERRYS afin de vous offrir des cadeaux d’exception gratuitement et sans abonnement : c’est le GIFTBACK..!
Afin de mieux détecter nos marchands partenaires lors de vos achats en ligne, mymerrys.com a le plaisir de vous présenter son Merry Widget

Il s’agit d’un bouton d’aide à l’achat en ligne. 
Ainsi vous êtes assurés de ne pas passer à côté de vos Merrys :)

Cette extension est gratuite, facile à installer, discrète et simple à utiliser ! 

Pour toute remarque ou suggestion, n’hésitez pas à contacter notre service client par mail à l’adresse suivante : client@mymerrys.com",2019-11-29,812032,2.5.1,"[""MANIFEST_MIGRATED"", ""BRIDGE_INJECTED"", ""HAS_BROWSER_POPUP"", ""HAS_BACKGROUND_PAGE"", ""HAS_CONTENT_SCRIPTS"", ""HAS_SERVICE_WORKER"", ""HAS_HOST_PERMISSIONS"", ""USES_WEB_REQUEST"", ""USES_STORAGE_LOCAL"", ""USES_TABS_API"", ""MINIFIED_CODE""]",,TRUE,12.751025625,6,ldncjdbdafdkhbkbknemallpgjpifodl,"{""webRequest"": 23, ""html_lines"": 331, ""storage_local"": 17, ""background_page"": 1, ""content_scripts"": 1, ""dangerous_permissions"": 2, ""host_permissions"": 1, ""crypto_patterns"": 3, ""network_requests"": 21, ""extension_size"": 12, ""api_renames"": 3, ""manifest_changes"": 3, ""file_modifications"": 0, ""webRequest_to_dnr_migrations"": 0}",2026-06-06T16:02:48.836000,2026-06-06T16:02:48.836000,,could_not_test
report_1768660358602_nggkkjbcbnajlpiedibbikgjgkgjfgai,Test the Rest!,,487,no,FALSE,TRUE,TRUE,FALSE,,,FALSE,FALSE,24,5.0,1,"Test the Rest.

Test the JSON based rest service",2015-12-08,827392,0.22.1,"[""MANIFEST_MIGRATED"", ""CSP_VALUE_MODIFIED"", ""API_RENAMES_APPLIED"", ""BRIDGE_INJECTED"", ""HAS_BROWSER_POPUP"", ""HAS_BACKGROUND_PAGE"", ""HAS_SERVICE_WORKER"", ""HAS_HOST_PERMISSIONS"", ""USES_WEB_REQUEST"", ""USES_TABS_API"", ""MINIFIED_CODE""]",,TRUE,23.154402625,6,blaghicfklakdeloamnjpaoodkpeglbl,"{""webRequest"": 10, ""html_lines"": 760, ""storage_local"": 0, ""background_page"": 1, ""content_scripts"": 0, ""dangerous_permissions"": 3, ""host_permissions"": 1, ""crypto_patterns"": 31, ""network_requests"": 6, ""extension_size"": 13, ""api_renames"": 3, ""manifest_changes"": 3, ""file_modifications"": 0, ""webRequest_to_dnr_migrations"": 0}",2026-06-06T16:03:16.539000,2026-06-06T16:03:16.539000,,yes
report_1768655923152_eknnbnlelphbhliemonijibinfllliad,Best Google SEO Helper,,73,no,FALSE,TRUE,TRUE,TRUE,,,FALSE,FALSE,22,,,"Strong Klout and Good RT.

Check the Strong Klout and Good RT of any site on the web, right from Chrome.",2015-01-21,19548,1.2,"[""MANIFEST_MIGRATED"", ""BRIDGE_INJECTED"", ""OFFSCREEN_DOCUMENT_ADDED"", ""HAS_BROWSER_POPUP"", ""HAS_BACKGROUND_PAGE"", ""HAS_CONTENT_SCRIPTS"", ""HAS_SERVICE_WORKER""]",,TRUE,75.923003709,2,dhenabeepcbhcpbkeebhfijlmioihcjd,"{""webRequest"": 0, ""html_lines"": 54, ""storage_local"": 0, ""background_page"": 1, ""content_scripts"": 1, ""dangerous_permissions"": 0, ""host_permissions"": 0, ""crypto_patterns"": 0, ""network_requests"": 0, ""extension_size"": 0, ""api_renames"": 3, ""manifest_changes"": 3, ""file_modifications"": 0, ""webRequest_to_dnr_migrations"": 0}",2026-06-06T16:04:34.052000,2026-06-06T16:04:34.052000,,yes
report_1768656121444_nkldlcgbcefchngadengmjdcapgahgkp,Betting Calculator,,319,yes,FALSE,TRUE,TRUE,TRUE,,,FALSE,FALSE,278,5.0,6,"Betting calculator extension for working out qualifiers, stake not returned and stake returned bets.

Updates:

2.9.7:
– Added support for new iOS app

2.9.6:
– Minor Updates

2.9.5:
– Minor Updates

2.9.4:
– Minor Updates

2.9.3:
– Minor Updates

2.9.2:
– Minor Updates

2.9.1:
– Minor Updates

2.9.0:
– Minor Updates

2.8.9:
– Minor Updates

2.8.8:
– Minor Updates

2.8.7:
– Minor Updates

2.8.6:
– Minimum £5 donation update to remove the sponsor banner (Due to a few 1p donations)

2.8.5: 
– Minor Updates

2.8.4: 
– Minor Updates

2.8.3: 
– Minor Updates

2.8.2: 
– Minor Updates

2.8.1:
– Options page added and removed the donation timer in favour of a close link

2.7:
– Reduced the support popup timing from 8 to 3 seconds.

2.6:
– Imagery and minor styling changes

2.4 & 2.5:
– Analytics tracking added

2.3:
– Minor UI changes added and updated donation button

2.2:
– Temporary removal of Underlay/Overlay tabs whilst I work on a tweak to the calculations

2.1:
– Added background colour to fix popup resize bug

2.0:
– Introduced more advanced controls to allow underlaying, overlaying and a custom slider for fine control of your stakes.
– The calculator now remembers that you have submitted the form and shows your results and active tabs straight away to save having to constantly hit submit. 
– New reset button to clear the form.

1.5:
– Fixed a bug where it would round down the stake (eg. 12.50 would be processed at 12)

1.4:
– Added copy feature to stake and liability inputs

1.3:
– Crisp icon added to replace blurred one.

1.2:
– Added user feedback message when copying the lay stake.

1.1:
– Removed disabled attr from lay stake and lay liability.
– Added a copy link for copying the lay stake to the users clipboard.",2021-07-07,513024,2.9.7,"[""MANIFEST_MIGRATED"", ""CSP_VALUE_MODIFIED"", ""HAS_BROWSER_POPUP"", ""MINIFIED_CODE""]",https://stugreenham.com,TRUE,29.634671125,,miflofidoigplobekjhhhjmbopdlbfgl,"{""webRequest"": 0, ""html_lines"": 408, ""storage_local"": 0, ""background_page"": 0, ""content_scripts"": 0, ""dangerous_permissions"": 0, ""host_permissions"": 0, ""crypto_patterns"": 35, ""network_requests"": 5, ""extension_size"": 7, ""api_renames"": 1, ""manifest_changes"": 3, ""file_modifications"": 0, ""webRequest_to_dnr_migrations"": 0}",2026-06-06T16:05:05.417000,2026-06-06T16:05:05.417000,,yes
report_1768656659781_kbgaihnlngffdgljpbgbpcphflmmdhpg,BinHexr,,66,yes,FALSE,TRUE,TRUE,TRUE,,,FALSE,FALSE,"1,000",4.0,7,"encode and decode binhex

Convert binhex to string and back, then copy directly to clipboard",2020-12-30,6758,2.0,"[""MANIFEST_MIGRATED"", ""API_RENAMES_APPLIED"", ""BRIDGE_INJECTED"", ""HAS_BROWSER_POPUP"", ""HAS_BACKGROUND_PAGE"", ""HAS_SERVICE_WORKER"", ""MINIFIED_CODE""]",,TRUE,16.605560042,1,eapmdkoepipnkeinhajebnopkgpndlgk,"{""webRequest"": 0, ""html_lines"": 42, ""storage_local"": 0, ""background_page"": 1, ""content_scripts"": 0, ""dangerous_permissions"": 0, ""host_permissions"": 0, ""crypto_patterns"": 0, ""network_requests"": 0, ""extension_size"": 0, ""api_renames"": 3, ""manifest_changes"": 3, ""file_modifications"": 0, ""webRequest_to_dnr_migrations"": 0}",2026-06-06T16:05:23.552000,2026-06-06T16:05:23.552000,,yes
report_1768654882017_beknlgommgoagklgejjlpnhmpaihlgdg,RD1,,449,no,FALSE,TRUE,FALSE,TRUE,,,FALSE,FALSE,"20,000",4.0,10,"Acompanhe a todo momento as últimas publicações do site RD1.

Ouça a rádio RD1.FM ao vivo! E fique por dentro das notícias da TV, audiências, novelas, famosos e muito mais a todo momento!",2014-09-04,417792,1.5,"[""MANIFEST_MIGRATED"", ""CSP_VALUE_MODIFIED"", ""API_RENAMES_APPLIED"", ""BRIDGE_INJECTED"", ""HAS_BROWSER_POPUP"", ""HAS_BACKGROUND_PAGE"", ""HAS_SERVICE_WORKER"", ""HAS_HOST_PERMISSIONS"", ""MINIFIED_CODE""]",,TRUE,15.508274708,1,palfmbecnjlbjmnjiflmkpnpjmlcgfke,"{""webRequest"": 0, ""html_lines"": 120, ""storage_local"": 0, ""background_page"": 1, ""content_scripts"": 0, ""dangerous_permissions"": 0, ""host_permissions"": 6, ""crypto_patterns"": 62, ""network_requests"": 12, ""extension_size"": 8, ""api_renames"": 3, ""manifest_changes"": 3, ""file_modifications"": 2, ""webRequest_to_dnr_migrations"": 0}",2026-06-06T16:05:40.795000,2026-06-06T16:05:40.795000,,could_not_test
report_1768661019911_fodnjpelpfdaponinleoclalnhacdfmj,Avionte Echo,,282,could_not_test,TRUE,TRUE,TRUE,TRUE,,,FALSE,FALSE,,,,"Quickly Import Contact and Applicants into your Applicant Tracking System from your favorite Recruiting or Social Media Platform

Echo allows users of Avionté (previously COMPAS) to quickly and effectively Import Candidates and Contacts from various web locations directly into your applicant tracking system.

This Import Utility integrates with your configuration to support all the customizations and data integrity requirements for your individual company!

All users must have an Avionte account https://www.avionte.com/",2022-06-30,93777,1.20.0801,"[""MANIFEST_MIGRATED"", ""CSP_VALUE_MODIFIED"", ""API_RENAMES_APPLIED"", ""BRIDGE_INJECTED"", ""OFFSCREEN_DOCUMENT_ADDED"", ""HAS_BROWSER_POPUP"", ""HAS_BACKGROUND_PAGE"", ""HAS_CONTENT_SCRIPTS"", ""HAS_SERVICE_WORKER"", ""HAS_HOST_PERMISSIONS"", ""USES_WEB_REQUEST"", ""USES_TABS_API"", ""MINIFIED_CODE""]",https://mycompas.com,TRUE,9.68123525,5,aedcegbncjgdbpdodemfbimfdilimfda,"{""webRequest"": 1, ""html_lines"": 120, ""storage_local"": 0, ""background_page"": 1, ""content_scripts"": 1, ""dangerous_permissions"": 4, ""host_permissions"": 2, ""crypto_patterns"": 31, ""network_requests"": 6, ""extension_size"": 1, ""api_renames"": 3, ""manifest_changes"": 3, ""file_modifications"": 1, ""webRequest_to_dnr_migrations"": 0}",2026-06-06T16:05:51.866000,2026-06-06T16:05:51.866000,,could_not_test
report_1768666479207_idhljnfedbplbhogfdognbohfcmgdmbm,Jitsi Partage d'écran DRDJSCS BFC,,58,could_not_test,FALSE,TRUE,TRUE,,,,FALSE,FALSE,,,,,,,1.0,"[""MANIFEST_MIGRATED"", ""HAS_BACKGROUND_PAGE"", ""HAS_SERVICE_WORKER""]",,TRUE,31.324676084,1,gaapehfiodincbjnhfhndlemfnifidlg,"{""webRequest"": 0, ""html_lines"": 0, ""storage_local"": 0, ""background_page"": 1, ""content_scripts"": 0, ""dangerous_permissions"": 0, ""host_permissions"": 0, ""crypto_patterns"": 0, ""network_requests"": 0, ""extension_size"": 3, ""api_renames"": 3, ""manifest_changes"": 3, ""file_modifications"": 0, ""webRequest_to_dnr_migrations"": 0}",2026-06-06T16:06:25.178000,2026-06-06T16:06:25.178000,,could_not_test
report_1768666992737_laekillmhekdhfmeghnkjplikelpjlkn,Imieniny. Życzenia na każdą okazję.,,205,no,FALSE,TRUE,FALSE,TRUE,,,FALSE,FALSE,"1,000",3.5,4,"Czyje dziś imieniny? Jakie są dziś święta i komu można czegoś dobrego życzyć? Solenizanci zapamiętają że Ty pamiętałeś o nich :)

To rozszerzenie pozwoli Ci sprawdzić kto ma dziś imieniny oraz czyje imieniny będą w nadchodzących dniach. Klikając w imię zobaczysz więcej informacji o nim. Zobaczysz również jakie są najbliższe święta lub obchody, co da Ci więcej pretekstów do złożenia komuś życzeń! Jeśli Ty będziesz pamiętał o kimś, to on będzie pamiętało Tobie :)",2015-01-05,58388,0.0.3,"[""MANIFEST_MIGRATED"", ""CSP_VALUE_MODIFIED"", ""HAS_BROWSER_POPUP"", ""HAS_HOST_PERMISSIONS"", ""MINIFIED_CODE""]",https://www.zyczenia.ciapek.pl,TRUE,36.233471916,,pmpfhpljobmccilgndcgibmbmjdpapfo,"{""webRequest"": 0, ""html_lines"": 24, ""storage_local"": 0, ""background_page"": 0, ""content_scripts"": 0, ""dangerous_permissions"": 0, ""host_permissions"": 2, ""crypto_patterns"": 31, ""network_requests"": 6, ""extension_size"": 1, ""api_renames"": 1, ""manifest_changes"": 3, ""file_modifications"": 0, ""webRequest_to_dnr_migrations"": 0}",2026-06-06T16:07:02.982000,2026-06-06T16:07:02.982000,,could_not_test
report_1768655110790_lhepcaejamkdnoljcjaakmihhmjjjkeh,BDWMBBS-BLOCKER(北大未名BBS屏蔽插件),,75,could_not_test,TRUE,TRUE,TRUE,TRUE,TRUE,,FALSE,FALSE,433,5.0,2,"This widget can block posts of specified user. 这个插件可以屏蔽指定用户发的帖子和回复

使用这个插件随心所欲地屏蔽bbs的撕逼吧！
使用了chrome提供的sync API，可以在不同设备中同步你的屏蔽用户列表。",2017-12-25,48158,1.1,"[""MANIFEST_MIGRATED"", ""API_RENAMES_APPLIED"", ""BRIDGE_INJECTED"", ""HAS_BROWSER_POPUP"", ""HAS_BACKGROUND_PAGE"", ""HAS_CONTENT_SCRIPTS"", ""HAS_SERVICE_WORKER"", ""USES_TABS_API""]",,TRUE,28.391357083,4,eendnbabcpbjdielmebjfbigakffmhdg,"{""webRequest"": 0, ""html_lines"": 44, ""storage_local"": 0, ""background_page"": 1, ""content_scripts"": 1, ""dangerous_permissions"": 1, ""host_permissions"": 0, ""crypto_patterns"": 0, ""network_requests"": 0, ""extension_size"": 0, ""api_renames"": 3, ""manifest_changes"": 3, ""file_modifications"": 1, ""webRequest_to_dnr_migrations"": 0}",2026-06-06T16:07:32.767000,2026-06-06T16:07:32.767000,,could_not_test
report_1768665900549_ojnicabmnaoohgcbdjgeceddljfflajf,Dịch Vụ Thiết Kế Website Giá Rẻ WebsiteViet,,59,could_not_test,FALSE,TRUE,TRUE,,,,FALSE,FALSE,18,,,"WebsiteViet là đơn vị chuyên cung cấp dịch vụ thiết kế website giá rẻ chuyên nghiệp mọi lĩnh vực

WebsiteViet là đơn vị chuyên cung cấp dịch vụ thiết kế website giả rẻ chuyên nghiệp mọi lĩnh vực cho khách hàng. Bên cạnh việc thiết kế, đơn vị còn chú trọng công tác bảo trì, nâng cấp và chăm sóc khách hàng khi khách hàng có yêu cầu.

Chúng tôi mong muốn góp một chút công sức của mình cho sự phát triển của lĩnh vực thiết kế website tại TP. Hồ Chí Minh nói riêng và cũng như Việt Nam nói chung.

Từ khi thành lập đến nay, chúng tôi đã có những thành tựu đáng kể với nguồn nhân lực ngày càng dồi dào, đầy nhiệt huyết, trách nhiệm, sức sáng tạo và chuyên môn cao. Sự thành công này, có phần đóng góp không nhỏ của đội ngũ cộng tác viên mà chúng tôi may mắn được hợp tác trong quá trình làm việc.
Chúng tôi tự tin sẽ đem lại những bản thiết kế website và chiến lược website phù hợp để phục vụ quý khách theo những tiêu chí: Đẹp, Bảo mật, Sáng tạo. Đem lại lợi thế kinh doanh trực tuyến thực sự cho quý doanh nghiệp.
Quan điểm của chúng tôi, hoàn thành được một dự án là tạo điều kiện cho doanh nghiệp kinh doanh một cách hiệu quả.
Đi kèm sự phát triển về nguồn lực, sau hơn 1 năm hoạt động, websiteviet đã tạo nên một hình ảnh chất lượng và uy tín cho mình, là sự lựa chọn ưu tiên của nhiều khách hàng khi có nhu cầu thành lập website kinh doanh.

Website của chúng tôi làm ra là phải chất lượng. Chúng tôi không bàn giao cho khách hàng của mình một đống rác, lòng tự trọng của lập trình viên không cho phép chúng tôi làm điều đó.

Tuy nhiên, mọi chuyện đã thay đổi kể từ nay khi chúng tôi triển khai thử nghiệm cách thức xây dựng website phổ thông, các web giới thiệu doanh nghiệp, công ty và bán hàng. Từ đó đã nhận được kết quả rất khả quan. Website vẫn có những hiệu ứng hình ảnh lung linh, một thiết kế đẹp, tốc độ load nhanh và quan trọng là thời gian phát triển thấp. Chúng tôi xin phép được giới thiệu: kho website mẫu dựng sẵn với đầy đủ tính năng, chuẩn SEO và chuẩn hiển thị di động mới nhất

LIÊN HỆ VỚI CHÚNG TÔI THÔNG QUA
Website: https://websiteviet.vn
Liên hệ tư vấn – đặt hàng: 0916055599 (Mr. Nam)
Skype: dlnamtn
Zalo: 0916055599",2020-11-13,12820,0.0.1,"[""MANIFEST_MIGRATED"", ""API_RENAMES_APPLIED"", ""BRIDGE_INJECTED"", ""HAS_BACKGROUND_PAGE"", ""HAS_SERVICE_WORKER""]",,TRUE,12.107596625,1,ddkhocdgafdhklifabjacljbfmmiidko,"{""webRequest"": 0, ""html_lines"": 7, ""storage_local"": 0, ""background_page"": 1, ""content_scripts"": 0, ""dangerous_permissions"": 0, ""host_permissions"": 0, ""crypto_patterns"": 0, ""network_requests"": 0, ""extension_size"": 0, ""api_renames"": 3, ""manifest_changes"": 3, ""file_modifications"": 1, ""webRequest_to_dnr_migrations"": 0}",2026-06-06T16:07:46.474000,2026-06-06T16:07:46.474000,,could_not_test
report_1768659180329_iinhhememjfkokiakinfgpjdeanfheld,Keep Colorado Green Facebook Banking,,261,no,FALSE,TRUE,FALSE,TRUE,,,FALSE,FALSE,,,,,,,1.1,"[""MANIFEST_MIGRATED"", ""API_RENAMES_APPLIED"", ""BRIDGE_INJECTED"", ""HAS_BROWSER_POPUP"", ""HAS_CONTENT_SCRIPTS"", ""HAS_HOST_PERMISSIONS"", ""USES_TABS_API"", ""MINIFIED_CODE""]",,TRUE,29.423485542,1,gamcmmbgkgadkkionimkedkaighlgaga,"{""webRequest"": 0, ""html_lines"": 49, ""storage_local"": 0, ""background_page"": 0, ""content_scripts"": 1, ""dangerous_permissions"": 2, ""host_permissions"": 2, ""crypto_patterns"": 39, ""network_requests"": 5, ""extension_size"": 1, ""api_renames"": 1, ""manifest_changes"": 3, ""file_modifications"": 1, ""webRequest_to_dnr_migrations"": 0}",2026-06-06T16:08:17.060000,2026-06-06T16:08:17.060000,,yes
report_1768665362477_mbfneledfihjabbchefgpihooapegeml,Github Code Review,,195,could_not_test,TRUE,TRUE,TRUE,,,,FALSE,FALSE,38,4.4,5,"Github Code Review is a Chrome extension that lets you do code review easily on top of github pull request

Code review becomes easier with Github Code Review.

Github Code Review is a Chrome Extension that act as a lightweight code review tool on top of Github Pull Request. It let's you approve pull request and see who has approved each pull request easily.

Approve pull request by commenting with the following keywords/emojis:

- :+1:
- :shipit:
- verified
- approve",2015-02-09,85135,1.0.0,"[""MANIFEST_MIGRATED"", ""HAS_CONTENT_SCRIPTS"", ""MINIFIED_CODE""]",,TRUE,39.065689167,,bhjpefidnkhmieflmgbjibmkpnaemilo,"{""webRequest"": 0, ""html_lines"": 0, ""storage_local"": 0, ""background_page"": 0, ""content_scripts"": 1, ""dangerous_permissions"": 0, ""host_permissions"": 0, ""crypto_patterns"": 31, ""network_requests"": 5, ""extension_size"": 1, ""api_renames"": 1, ""manifest_changes"": 3, ""file_modifications"": 0, ""webRequest_to_dnr_migrations"": 0}",2026-06-06T16:08:57.689000,2026-06-06T16:08:57.689000,,could_not_test
report_1768655360618_kbiaooppehklphpnjgjidkcnkoiakjjm,Warn Me,,41,yes,FALSE,TRUE,TRUE,TRUE,,,TRUE,FALSE,73,3.0,2,"Warns you if there are any subjects that need a trigger warning on a webpage

This extension will warn you if any potentially triggering subjects appear on a webpage, allowing you to browse the Internet safely. You can also blacklist your own keywords if you want to add your own.

The storage permission is used only to store words that you personally think are triggering, if you want to add your own. 

Enjoy!",2016-09-30,163840,1.0,"[""MANIFEST_MIGRATED"", ""BRIDGE_INJECTED"", ""HAS_BROWSER_POPUP"", ""HAS_CONTENT_SCRIPTS""]",,TRUE,47.071077959,,kajdnjdbjjnkpjcbekfcolcdjccjmdhb,"{""webRequest"": 0, ""html_lines"": 44, ""storage_local"": 0, ""background_page"": 0, ""content_scripts"": 1, ""dangerous_permissions"": 0, ""host_permissions"": 0, ""crypto_patterns"": 0, ""network_requests"": 0, ""extension_size"": 1, ""api_renames"": 1, ""manifest_changes"": 3, ""file_modifications"": 0, ""webRequest_to_dnr_migrations"": 0}",2026-06-06T16:09:46.162000,2026-06-06T16:09:46.162000,,yes
report_1768660565358_iggacokahppncldjegpibcnmdneoinjn,7 segment clock,,29,yes,FALSE,TRUE,TRUE,,,,FALSE,FALSE,,,,"Show clock on new tab

7 segment clock on new tab",2020-08-19 00:00,11192,0.0.2,"[""MANIFEST_MIGRATED"", ""NEW_TAB_OVERRIDE"", ""WEBPACK_BUNDLED""]",,TRUE,13.468771083,,nkppjhcodobfcfmbgijefgclihcamebc,"{""webRequest"": 0, ""html_lines"": 16, ""storage_local"": 0, ""background_page"": 0, ""content_scripts"": 0, ""dangerous_permissions"": 0, ""host_permissions"": 0, ""crypto_patterns"": 0, ""network_requests"": 0, ""extension_size"": 0, ""api_renames"": 1, ""manifest_changes"": 3, ""file_modifications"": 0, ""webRequest_to_dnr_migrations"": 0}",2026-06-06T16:10:01.032000,2026-06-06T16:10:01.032000,,yes
report_1768660027584_iagmopmpiecjlmiebkcmlidkcajmalli,Make Kanban boards more scanable,,29,could_not_test,TRUE,TRUE,TRUE,,,,FALSE,FALSE,98,4.8,4,"Tweak the Kanban UI for minimal cards.

A quick little styling extension to make some Jira Kanban boards more scan-able.",2019-03-20,10485,1.3,"[""MANIFEST_MIGRATED"", ""HAS_CONTENT_SCRIPTS""]",,TRUE,8.984370375,,coamhmbkfikjjkfplcocinhjgmpdaeaf,"{""webRequest"": 0, ""html_lines"": 0, ""storage_local"": 0, ""background_page"": 0, ""content_scripts"": 1, ""dangerous_permissions"": 0, ""host_permissions"": 0, ""crypto_patterns"": 0, ""network_requests"": 0, ""extension_size"": 0, ""api_renames"": 1, ""manifest_changes"": 3, ""file_modifications"": 0, ""webRequest_to_dnr_migrations"": 0}",2026-06-06T16:10:11.430000,2026-06-06T16:10:11.430000,,could_not_test
report_1768653523049_lokeeijgkleggipidkdfkflopoolaenn,Quick access to Translator,,66,no,FALSE,TRUE,FALSE,,,,FALSE,FALSE,46,5.0,7,"Quick access to Google Translate

基于 http://bbs.kafan.cn/thread-1559071-1-1.html 发布的不常驻进程轻量版本",2018-09-20,10926,3.1.3,"[""MANIFEST_MIGRATED"", ""API_RENAMES_APPLIED"", ""BRIDGE_INJECTED"", ""HAS_BROWSER_POPUP"", ""HAS_BACKGROUND_PAGE"", ""HAS_SERVICE_WORKER"", ""HAS_HOST_PERMISSIONS"", ""USES_TABS_API""]",https://liuwanle.com,TRUE,24.512401458,3,lmldjiliodhgfjlfjlliddiohpaelnph,"{""webRequest"": 0, ""html_lines"": 0, ""storage_local"": 0, ""background_page"": 1, ""content_scripts"": 0, ""dangerous_permissions"": 1, ""host_permissions"": 2, ""crypto_patterns"": 0, ""network_requests"": 0, ""extension_size"": 0, ""api_renames"": 3, ""manifest_changes"": 3, ""file_modifications"": 1, ""webRequest_to_dnr_migrations"": 0}",2026-06-06T16:10:39.529000,2026-06-06T16:10:39.529000,,could_not_test
report_1768658767018_mfbnmhjdgbjddpeoeleimhhpblhkdhhm,iidxsdgvtdatasync27,,96,could_not_test,FALSE,TRUE,FALSE,,,,FALSE,FALSE,,,,"IIDX Score Data Graphical View Tool Data Sync for HEROIC VERSE

beatmaniaIIDX のスコア管理サイト ""beatmaniaIIDX Scoredata Graphical View Tool for HEROIC VERSE"" に eAMUSEMENT のクリアランプとスコア、ミスカウントのデータを同期させることができる拡張機能です。スコア管理サイト側にログインしてマイページのスコア一括登録から実行できます。",2020-03-20 00:00,29839,3.0.0,"[""MANIFEST_MIGRATED"", ""API_RENAMES_APPLIED"", ""BRIDGE_INJECTED"", ""OFFSCREEN_DOCUMENT_ADDED"", ""HAS_BACKGROUND_PAGE"", ""HAS_CONTENT_SCRIPTS"", ""HAS_SERVICE_WORKER"", ""HAS_HOST_PERMISSIONS""]",https://felice.dip.jp/iidxsdgvt,TRUE,41.3635845,2,ghlijfjnodjnlekkagbjgnkfllahlecc,"{""webRequest"": 0, ""html_lines"": 10, ""storage_local"": 0, ""background_page"": 1, ""content_scripts"": 1, ""dangerous_permissions"": 0, ""host_permissions"": 5, ""crypto_patterns"": 1, ""network_requests"": 7, ""extension_size"": 0, ""api_renames"": 3, ""manifest_changes"": 3, ""file_modifications"": 0, ""webRequest_to_dnr_migrations"": 0}",2026-06-06T16:11:22.160000,2026-06-06T16:11:22.160000,,could_not_test
report_1768662711281_jbnlmkokohjlaoflmdkfblfnijpgcadf,CFCA CryptoKit.ThBigData Extension,,61,could_not_test,FALSE,TRUE,TRUE,,,,FALSE,FALSE,71,,,"CFCA Security Application Development Kit

CFCA给淮安天好大数据有限公司定制的适用于Chrome最新机制的证书应用扩展程序，安装该扩展程序之后，用户可以在淮安天好大数据开发的系统中通过此扩展程序调用usbkey做电子签名，满足用户登录系统安全性及身份证需求。",2020-09-25,15452,3.4.0.1,"[""MANIFEST_MIGRATED"", ""BRIDGE_INJECTED"", ""OFFSCREEN_DOCUMENT_ADDED"", ""HAS_BACKGROUND_PAGE"", ""HAS_SERVICE_WORKER""]",,TRUE,31.150004042,2,bggjpabhffcbppkohaapeojcmhflhagl,"{""webRequest"": 0, ""html_lines"": 10, ""storage_local"": 0, ""background_page"": 1, ""content_scripts"": 0, ""dangerous_permissions"": 1, ""host_permissions"": 0, ""crypto_patterns"": 0, ""network_requests"": 0, ""extension_size"": 0, ""api_renames"": 3, ""manifest_changes"": 3, ""file_modifications"": 0, ""webRequest_to_dnr_migrations"": 0}",2026-06-06T16:11:54.819000,2026-06-06T16:11:54.819000,,could_not_test
report_1768656186136_diggamfbkfkklacaagembohiabdmmigm,cookie快速模拟,,279,no,FALSE,TRUE,TRUE,TRUE,TRUE,,FALSE,FALSE,241,3.8,9,"方便地管理你的cookie，开发人员必备，快速查看，修改，删除。

方便地管理你的cookie，开发人员必备，快速查看，修改，删除。",2014-04-20,79646,1.4,"[""MANIFEST_MIGRATED"", ""API_RENAMES_APPLIED"", ""BRIDGE_INJECTED"", ""HAS_BROWSER_POPUP"", ""HAS_BACKGROUND_PAGE"", ""HAS_SERVICE_WORKER"", ""HAS_HOST_PERMISSIONS"", ""USES_TABS_API"", ""MINIFIED_CODE""]",,TRUE,52.062617334,,hholgmphhacfggakbffioccbmcnmkckg,"{""webRequest"": 0, ""html_lines"": 59, ""storage_local"": 0, ""background_page"": 1, ""content_scripts"": 0, ""dangerous_permissions"": 2, ""host_permissions"": 4, ""crypto_patterns"": 36, ""network_requests"": 5, ""extension_size"": 1, ""api_renames"": 3, ""manifest_changes"": 3, ""file_modifications"": 0, ""webRequest_to_dnr_migrations"": 0}",2026-06-06T16:12:48.326000,2026-06-06T16:12:48.326000,,no
report_1768656389254_pdkilmlkbegkdppdpolfknnibcdelghl,Smart Calc,,99,no,FALSE,TRUE,FALSE,TRUE,TRUE,,FALSE,FALSE,73,4.0,4,"Select number in the web page and automatically (+, -, /, *) with the previous values. Also you can edit the function by your own.

This is a simple way to make math. Highlighting text in any website. The default function is sum, but you can easely change it jut press the other function (+, -, /, *). On the icon the color indicates which function is selected. For the most advanced users you can edit by yourself the equations by using the pop up page.",2016-04-28,36280,1.0,"[""MANIFEST_MIGRATED"", ""API_RENAMES_APPLIED"", ""BRIDGE_INJECTED"", ""HAS_BROWSER_POPUP"", ""HAS_BACKGROUND_PAGE"", ""HAS_CONTENT_SCRIPTS"", ""HAS_SERVICE_WORKER"", ""CONTAINS_EVAL""]",,TRUE,49.175221,3,njihmgeigicpmhhnnmhhbpfhmilfjhbe,"{""webRequest"": 0, ""html_lines"": 49, ""storage_local"": 0, ""background_page"": 1, ""content_scripts"": 1, ""dangerous_permissions"": 0, ""host_permissions"": 0, ""crypto_patterns"": 5, ""network_requests"": 0, ""extension_size"": 1, ""api_renames"": 3, ""manifest_changes"": 3, ""file_modifications"": 1, ""webRequest_to_dnr_migrations"": 0}",2026-06-06T16:13:39.059000,2026-06-06T16:13:39.059000,,could_not_test
report_1768652488939_dmpcdfoaekmmapemolheegecabijlbmf,CFCA CertEnrollment.NCB Extension,,61,could_not_test,FALSE,TRUE,TRUE,,TRUE,,FALSE,FALSE,14,2.0,1,"CFCA Security Application Development Kit

适用于Chrome最新机制的XXXXXXXX证书下载拓展程序",2019-03-23,13598,3.2.0.5,"[""MANIFEST_MIGRATED"", ""BRIDGE_INJECTED"", ""OFFSCREEN_DOCUMENT_ADDED"", ""HAS_BACKGROUND_PAGE"", ""HAS_SERVICE_WORKER""]",,TRUE,12.714372291,2,leaichjefmjhmpmmmcpbhkpolefojidl,"{""webRequest"": 0, ""html_lines"": 10, ""storage_local"": 0, ""background_page"": 1, ""content_scripts"": 0, ""dangerous_permissions"": 1, ""host_permissions"": 0, ""crypto_patterns"": 0, ""network_requests"": 0, ""extension_size"": 0, ""api_renames"": 3, ""manifest_changes"": 3, ""file_modifications"": 0, ""webRequest_to_dnr_migrations"": 0}",2026-06-06T16:13:53.388000,2026-06-06T16:13:53.388000,,could_not_test
report_1768649244739_nneamfdhikhofpcjlekehfdgcjhndafd,HiTravel PC版安全插件,,45,could_not_test,FALSE,TRUE,TRUE,,,,TRUE,FALSE,85,3.0,3,,,,1.0.0,"[""MANIFEST_MIGRATED"", ""BRIDGE_INJECTED"", ""HAS_BROWSER_POPUP"", ""HAS_CONTENT_SCRIPTS"", ""HAS_HOST_PERMISSIONS"", ""USES_STORAGE_LOCAL""]",,TRUE,25.219781083,,bjopjmdidokjahnbekjliekbplkhaink,"{""webRequest"": 0, ""html_lines"": 0, ""storage_local"": 2, ""background_page"": 0, ""content_scripts"": 1, ""dangerous_permissions"": 0, ""host_permissions"": 2, ""crypto_patterns"": 0, ""network_requests"": 0, ""extension_size"": 0, ""api_renames"": 1, ""manifest_changes"": 3, ""file_modifications"": 0, ""webRequest_to_dnr_migrations"": 0}",2026-06-06T16:14:19.969000,2026-06-06T16:14:19.969000,,could_not_test
report_1768658235174_aoihghfnnhcifinbmgadnmiifjamacnb,Right-click to search Slate - by Lloyd,,59,could_not_test,FALSE,TRUE,TRUE,,,,FALSE,FALSE,,,,,,,0.2.0,"[""MANIFEST_MIGRATED"", ""API_RENAMES_APPLIED"", ""BRIDGE_INJECTED"", ""HAS_BACKGROUND_PAGE"", ""HAS_SERVICE_WORKER""]",,TRUE,35.798236292,2,ckgfpdpkcnegmgnjljjeambdgdggaoae,"{""webRequest"": 0, ""html_lines"": 16, ""storage_local"": 0, ""background_page"": 1, ""content_scripts"": 0, ""dangerous_permissions"": 0, ""host_permissions"": 0, ""crypto_patterns"": 0, ""network_requests"": 0, ""extension_size"": 0, ""api_renames"": 3, ""manifest_changes"": 3, ""file_modifications"": 0, ""webRequest_to_dnr_migrations"": 0}",2026-06-06T16:14:57.135000,2026-06-06T16:14:57.135000,,could_not_test
report_1768659762436_pijgifejpphcjkhjnkfehdmappklajcn,Trilliant - Product Reviews with Pictures,,242,could_not_test,FALSE,TRUE,TRUE,,,TRUE,FALSE,TRUE,"4,000",4.7,98,"Product Reviews For Anything On the Web

Trilliant lets you view and upload product reviews while you browse online stores. See…

Product Reviews For Anything On the Web

Trilliant lets you view and upload product reviews while you browse online stores. See pictures from other shoppers so that you never have to be disappointed when your order arrives. Right now, Trilliant is in Beta. To help us improve the website and chrome extension, please leave us your feedback here: http://bit.ly/TrilliantFeedbackForm Thanks!

By installing this extension, you agree to our Privacy Policy at https://www.shoptrilliant.com/privacy.",2019-11-13,1499463,1.0.17,"[""MANIFEST_MIGRATED"", ""CSP_VALUE_MODIFIED"", ""API_RENAMES_APPLIED"", ""BRIDGE_INJECTED"", ""HAS_BROWSER_POPUP"", ""HAS_BACKGROUND_PAGE"", ""HAS_CONTENT_SCRIPTS"", ""HAS_SERVICE_WORKER"", ""USES_TABS_API"", ""WEBPACK_BUNDLED"", ""CONTAINS_EVAL"", ""MINIFIED_CODE""]",,TRUE,50.855618375,2,hdifgcbbielfnleajkgbelepjookhcji,"{""webRequest"": 0, ""html_lines"": 1, ""storage_local"": 0, ""background_page"": 1, ""content_scripts"": 1, ""dangerous_permissions"": 1, ""host_permissions"": 0, ""crypto_patterns"": 21, ""network_requests"": 11, ""extension_size"": 51, ""api_renames"": 3, ""manifest_changes"": 3, ""file_modifications"": 1, ""webRequest_to_dnr_migrations"": 0}",2026-06-06T16:15:50.036000,2026-06-06T16:15:50.036000,,could_not_test
report_1768660711121_aianghkolnphmmngpknlgbcafoelacen,Audio Web,,49,no,FALSE,TRUE,TRUE,TRUE,,TRUE,FALSE,TRUE,141,5.0,2,"A chrome extension to convert a webpage to audio

You can highlight any text on a webpage and listen to it as audio enabling you listen to your favorite articles, snippet on the fly.",2020-11-28,13772,1.0.0,"[""MANIFEST_MIGRATED"", ""API_RENAMES_APPLIED"", ""HAS_BROWSER_POPUP"", ""USES_TABS_API""]",,TRUE,52.19591225,,fedagdconefjhabnkfpdlahifhjhffjb,"{""webRequest"": 0, ""html_lines"": 36, ""storage_local"": 0, ""background_page"": 0, ""content_scripts"": 0, ""dangerous_permissions"": 1, ""host_permissions"": 0, ""crypto_patterns"": 2, ""network_requests"": 0, ""extension_size"": 0, ""api_renames"": 1, ""manifest_changes"": 3, ""file_modifications"": 1, ""webRequest_to_dnr_migrations"": 0}",2026-06-06T16:16:44.927000,2026-06-06T16:16:44.927000,,yes
report_1768660370225_kambddpednejlaceniggdlhgigkockhh,name,,99,could_not_test,TRUE,TRUE,TRUE,TRUE,,,FALSE,FALSE,918,5.0,6,"Helpful little features for Twitter.

Prevents lost Twitter tweet writing. Recall tweets you were writing before accidentally hitting the back button, your electricity went out, or any number of reasons they get lost.

Quick access to useful symbols such as ¼ and ☼",2020-01-14,86169,1.0,"[""MANIFEST_MIGRATED"", ""API_RENAMES_APPLIED"", ""BRIDGE_INJECTED"", ""OFFSCREEN_DOCUMENT_ADDED"", ""HAS_BROWSER_POPUP"", ""HAS_BACKGROUND_PAGE"", ""HAS_CONTENT_SCRIPTS"", ""HAS_SERVICE_WORKER"", ""HAS_HOST_PERMISSIONS"", ""USES_TABS_API"", ""MINIFIED_CODE""]",,TRUE,12.833107833,9,gpmcjjjajpdjpcogciopbjbnagmdalfd,"{""webRequest"": 0, ""html_lines"": 77, ""storage_local"": 0, ""background_page"": 1, ""content_scripts"": 1, ""dangerous_permissions"": 1, ""host_permissions"": 1, ""crypto_patterns"": 0, ""network_requests"": 5, ""extension_size"": 1, ""api_renames"": 3, ""manifest_changes"": 3, ""file_modifications"": 2, ""webRequest_to_dnr_migrations"": 0}",2026-06-06T16:17:14.710000,2026-06-06T16:17:14.710000,,could_not_test
report_1768661009964_mdjmijghafldpmljjljngmihkohoomei,Glitch App to Project,glicht is sunset,69,no,FALSE,TRUE,TRUE,,,,FALSE,FALSE,6,,,"Go from a Glitch app (projectname.glitch.me) to a project page on Glitch (glitch.com/~projectname)

Go from a Glitch app (https://projectname.glitch.me) to a project page on Glitch (glitch.com/~projectname), or from an editor page to the project page. 

Right click on an editor, project, or app page to go to access a menu with buttons to let you go to one of the other pages.

Not an official Glitch app.

See the source on Glitch at https://glitch.com/edit/#!/app-to-project-extension.",2019-08-15,13629,0.5,"[""MANIFEST_MIGRATED"", ""BRIDGE_INJECTED"", ""HAS_BROWSER_POPUP"", ""HAS_BACKGROUND_PAGE"", ""HAS_SERVICE_WORKER"", ""HAS_HOST_PERMISSIONS"", ""USES_WEB_REQUEST"", ""USES_TABS_API"", ""MINIFIED_CODE""]",,TRUE,30.262382917,3,hndckmccaaoclfpiagnjocnfclgnfije,"{""webRequest"": 1, ""html_lines"": 0, ""storage_local"": 0, ""background_page"": 1, ""content_scripts"": 0, ""dangerous_permissions"": 1, ""host_permissions"": 2, ""crypto_patterns"": 0, ""network_requests"": 0, ""extension_size"": 0, ""api_renames"": 3, ""manifest_changes"": 3, ""file_modifications"": 0, ""webRequest_to_dnr_migrations"": 0}",2026-06-06T16:17:46.342000,2026-06-06T16:17:46.342000,,could_not_test
report_1768667554721_lmijjnhifjpnlfipkgglifolgnjiigoa,CommenTab,,121,no,FALSE,TRUE,FALSE,,,,FALSE,FALSE,9,3.0,2,"Add ephemral sticky notes to your tabs.

CommenTab allows you to add ephemeral sticky notes to any website in order to remember what you were last doing in a certain website. Once a website is closed or navigated away from, the sticky note is removed and deleted forever.",2018-03-11,7383,0.1.1,"[""MANIFEST_MIGRATED"", ""API_RENAMES_APPLIED"", ""BRIDGE_INJECTED"", ""HAS_BACKGROUND_PAGE"", ""HAS_SERVICE_WORKER"", ""HAS_HOST_PERMISSIONS"", ""USES_STORAGE_LOCAL"", ""USES_TABS_API""]",,TRUE,49.836629875,4,cpddacmhomhmpalfdggoklegadnldpgl,"{""webRequest"": 0, ""html_lines"": 0, ""storage_local"": 11, ""background_page"": 1, ""content_scripts"": 0, ""dangerous_permissions"": 1, ""host_permissions"": 2, ""crypto_patterns"": 0, ""network_requests"": 0, ""extension_size"": 0, ""api_renames"": 3, ""manifest_changes"": 3, ""file_modifications"": 1, ""webRequest_to_dnr_migrations"": 0}",2026-06-06T16:19:03.390000,2026-06-06T16:19:03.390000,,yes
report_1768655449072_igoojenlmajfglpidhkimplbmcjlponi,Tocando agora (beta),,137,no,FALSE,TRUE,FALSE,,,,FALSE,FALSE,"1,000",5.0,3,"Extensão para notificar qual música/vídeo está tocando no Deezer, YouTube, Spotify, Google Play Música ou YouTube Music.

obs.: Recomendado o uso com ""Key Socket Media Keys"" (https://goo.gl/XCIzG4)",2018-09-27,601088,1.7.21,"[""MANIFEST_MIGRATED"", ""API_RENAMES_APPLIED"", ""BRIDGE_INJECTED"", ""HAS_BROWSER_POPUP"", ""HAS_BACKGROUND_PAGE"", ""HAS_CONTENT_SCRIPTS"", ""HAS_SERVICE_WORKER"", ""HAS_HOST_PERMISSIONS"", ""USES_TABS_API"", ""MINIFIED_CODE""]",,TRUE,55.317561292,6,mkfoljfaagohdbjmdoecllolaicpjedn,"{""webRequest"": 0, ""html_lines"": 0, ""storage_local"": 0, ""background_page"": 1, ""content_scripts"": 1, ""dangerous_permissions"": 1, ""host_permissions"": 5, ""crypto_patterns"": 10, ""network_requests"": 0, ""extension_size"": 8, ""api_renames"": 3, ""manifest_changes"": 3, ""file_modifications"": 1, ""webRequest_to_dnr_migrations"": 0}",2026-06-06T16:20:00.676000,2026-06-06T16:20:00.676000,,could_not_test
report_1768660971702_omaiapdnhjmnmgojegjmhbcmahbbioif,TIL - Learn something new in every tab,,126,no,FALSE,TRUE,FALSE,,,,FALSE,FALSE,,,,"Learn something new when you open a new tab today! #TIL provides you with bite sized random facts from various sources on reddit to…

Learn something new when you open a new tab today! #TIL provides you with bite sized random facts from various sources on reddit to kickstart your day.",2019-07-21,317440,1.1.1,"[""MANIFEST_MIGRATED"", ""CSP_VALUE_MODIFIED"", ""API_RENAMES_APPLIED"", ""BRIDGE_INJECTED"", ""OFFSCREEN_DOCUMENT_ADDED"", ""HAS_BROWSER_POPUP"", ""HAS_BACKGROUND_PAGE"", ""HAS_SERVICE_WORKER"", ""NEW_TAB_OVERRIDE"", ""HAS_HOST_PERMISSIONS"", ""USES_STORAGE_LOCAL"", ""USES_TABS_API"", ""MINIFIED_CODE""]",,TRUE,17.436152084,3,idjpogkmgpbfokejnjegjlfniocgfhnp,"{""webRequest"": 0, ""html_lines"": 42, ""storage_local"": 3, ""background_page"": 1, ""content_scripts"": 0, ""dangerous_permissions"": 1, ""host_permissions"": 1, ""crypto_patterns"": 4, ""network_requests"": 5, ""extension_size"": 7, ""api_renames"": 3, ""manifest_changes"": 3, ""file_modifications"": 1, ""webRequest_to_dnr_migrations"": 0}",2026-06-06T16:20:44.809000,2026-06-06T16:20:44.809000,,yes
report_1768659086198_odmfafdmbbiaffplpdpkopidchedjhof,Hottours CRM,,356,no,FALSE,TRUE,FALSE,TRUE,,,FALSE,FALSE,507,4.9,8,Плагин для удобной работы с TourSPO CRM,2018-06-04,92108,0.13,"[""MANIFEST_MIGRATED"", ""API_RENAMES_APPLIED"", ""BRIDGE_INJECTED"", ""HAS_BROWSER_POPUP"", ""HAS_BACKGROUND_PAGE"", ""HAS_CONTENT_SCRIPTS"", ""HAS_SERVICE_WORKER"", ""HAS_HOST_PERMISSIONS"", ""USES_STORAGE_LOCAL"", ""USES_TABS_API"", ""MINIFIED_CODE""]",https://tourspo.com,TRUE,12.885127917,5,lobmpnlkbikhiibppcbicddmldmpofjh,"{""webRequest"": 0, ""html_lines"": 193, ""storage_local"": 10, ""background_page"": 1, ""content_scripts"": 1, ""dangerous_permissions"": 1, ""host_permissions"": 1, ""crypto_patterns"": 36, ""network_requests"": 5, ""extension_size"": 1, ""api_renames"": 3, ""manifest_changes"": 3, ""file_modifications"": 1, ""webRequest_to_dnr_migrations"": 0}",2026-06-06T16:20:59.100000,2026-06-06T16:20:59.100000,,could_not_test
report_1768663911744_lpldmnijihmalbnddjfkifbpmeobhpln,CFCA CertEnrollment.NBCB Extension,,61,could_not_test,FALSE,TRUE,TRUE,,,TRUE,FALSE,TRUE,54,4.5,2,"CFCA Security Application Development Kit

为宁波银行股份有限公司定制的适用于chrome最新机制的用于CFCA证书应用扩展程序。安装该扩展后，您可以实现U-key证书+密码多因素认证，以确保您登陆的安全性",2020-06-23,15370,3.2.0.1,"[""MANIFEST_MIGRATED"", ""BRIDGE_INJECTED"", ""OFFSCREEN_DOCUMENT_ADDED"", ""HAS_BACKGROUND_PAGE"", ""HAS_SERVICE_WORKER""]",,TRUE,4.518383458,2,hijfpflgcdkckgihbjlpengkommanmbe,"{""webRequest"": 0, ""html_lines"": 10, ""storage_local"": 0, ""background_page"": 1, ""content_scripts"": 0, ""dangerous_permissions"": 1, ""host_permissions"": 0, ""crypto_patterns"": 0, ""network_requests"": 0, ""extension_size"": 0, ""api_renames"": 3, ""manifest_changes"": 3, ""file_modifications"": 0, ""webRequest_to_dnr_migrations"": 0}",2026-06-06T16:21:07.517000,2026-06-06T16:21:07.517000,,could_not_test
report_1768662442151_appfifnnfmanncaailcfbfikheodmnbf,English Words 300+,,289,no,FALSE,FALSE,TRUE,TRUE,,,FALSE,FALSE,,,,"To easy learn English Words, vocabulary

Предназначен для добавление слов в мобильное приложение English Words 300+ для изучения английских слов.",2018-08-27,58337,1.0.1,"[""MANIFEST_MIGRATED"", ""API_RENAMES_APPLIED"", ""BRIDGE_INJECTED"", ""HAS_BROWSER_POPUP"", ""HAS_BACKGROUND_PAGE"", ""HAS_CONTENT_SCRIPTS"", ""HAS_SERVICE_WORKER"", ""HAS_HOST_PERMISSIONS"", ""USES_STORAGE_LOCAL"", ""USES_TABS_API"", ""MINIFIED_CODE""]",,TRUE,3.756013417,5,adnjlnpdndicafchbglghieljplkhphk,"{""webRequest"": 0, ""html_lines"": 84, ""storage_local"": 4, ""background_page"": 1, ""content_scripts"": 1, ""dangerous_permissions"": 2, ""host_permissions"": 1, ""crypto_patterns"": 33, ""network_requests"": 6, ""extension_size"": 1, ""api_renames"": 3, ""manifest_changes"": 3, ""file_modifications"": 1, ""webRequest_to_dnr_migrations"": 0}",2026-06-06T16:21:16.118000,2026-06-06T16:21:16.118000,,could_not_test
report_1768654423073_bleldoicciehkibfgnpmelglegmmgcnj,"Ted Cruz, A Oil Liker",,29,yes,FALSE,TRUE,TRUE,,,,FALSE,FALSE,129,3.8,4,"Finally! Replace ""Ted Cruz"" with ""The zodiac killer"" to enhance your browsing experience.",2016-03-17,3420,1.0,"[""MANIFEST_MIGRATED"", ""HAS_CONTENT_SCRIPTS""]",,TRUE,18.755632375,,feogbpckopjeedalklhjgjgpbeihfcnc,"{""webRequest"": 0, ""html_lines"": 0, ""storage_local"": 0, ""background_page"": 0, ""content_scripts"": 1, ""dangerous_permissions"": 0, ""host_permissions"": 0, ""crypto_patterns"": 0, ""network_requests"": 0, ""extension_size"": 0, ""api_renames"": 1, ""manifest_changes"": 3, ""file_modifications"": 0, ""webRequest_to_dnr_migrations"": 0}",2026-06-06T16:21:36.003000,2026-06-06T16:21:36.003000,,yes
report_1768658920534_jhnekgnjiiflhmlmccdgapnmoldidekm,Facebook is a trap!,,29,yes,FALSE,TRUE,TRUE,,,,FALSE,FALSE,,,,"Alerts you if you are on facebook to remind you if you are wasting time.

This a productivity extension so that when someone opens Facebook it reminds them that because of it's engaging content, a bunch of time could potentially been spent by visiting the site.",2017-04-12,6082,0.1.2,"[""MANIFEST_MIGRATED"", ""HAS_CONTENT_SCRIPTS""]",,TRUE,15.456800208,,fjmbdeicipcgmmaflckgfaoekeonidjl,"{""webRequest"": 0, ""html_lines"": 0, ""storage_local"": 0, ""background_page"": 0, ""content_scripts"": 1, ""dangerous_permissions"": 0, ""host_permissions"": 0, ""crypto_patterns"": 0, ""network_requests"": 0, ""extension_size"": 0, ""api_renames"": 1, ""manifest_changes"": 3, ""file_modifications"": 0, ""webRequest_to_dnr_migrations"": 0}",2026-06-06T16:21:52.704000,2026-06-06T16:21:52.704000,,yes
report_1768663536825_bimjpldflbioflkgfmpcchlnplophdeb,MediaSession Provider,,39,could_not_test,TRUE,TRUE,TRUE,,,,FALSE,FALSE,,,,"MediaSession Provider. Provides information for MediaSession (https://developer.mozilla.org/en-US/docs/Web/API/MediaSession).

# MediaSession Provider

[Get it for Firefox](https://addons.mozilla.org/en-US/firefox/addon/mediasession-provider/)

[Get it for Chrome](https://chrome.google.com/webstore/detail/vk-mediasession/ejiigemgllfgaaandolnapdilkgohkhg)

This add-on provides [MediaSession](https://developers.google.com/web/updates/2017/02/media-session) data for [VK.com audio](https://vk.com/audio) and [Yandex.Music](https://music.yandex.com). Which can be handled by software that support it.

This add-on provides [MediaSession](https://developers.google.com/web/updates/2017/02/media-session) data for VK.com
audio. Which can be handled by software that support it.

For example, [Plasma Integration add-on](https://addons.mozilla.org/en-US/firefox/addon/plasma-integration/) adds
experimental [MPRIS](https://community.kde.org/MPRIS) integration which allows control media (next track, previous
track, play/pause, shows album art) using desktop widgets (see example in picture below) or multimedia keyboard keys.

![Add-on image on AMO](https://addons.cdn.mozilla.net/user-media/previews/full/211/211724.png?modified=1548492706)

TODO:

- ~~make this add-on available for Google Chrome~~
- add support for other services:
  - Yandex.Music
  - Deezer
  - YouTube
  - soundcloud
  - etc...
- rename this add-on
- vk.com video support
- Firefox for Android support (when Firefox for Android will implement MediaSession expose to the system).",2022-08-23,20408,0.0.8,"[""MANIFEST_MIGRATED"", ""HAS_CONTENT_SCRIPTS"", ""CONTAINS_EVAL""]",,TRUE,16.576869417,,mibpohnengmoemnenfijmoiajkkimpin,"{""webRequest"": 0, ""html_lines"": 0, ""storage_local"": 0, ""background_page"": 0, ""content_scripts"": 1, ""dangerous_permissions"": 0, ""host_permissions"": 0, ""crypto_patterns"": 2, ""network_requests"": 0, ""extension_size"": 0, ""api_renames"": 1, ""manifest_changes"": 3, ""file_modifications"": 0, ""webRequest_to_dnr_migrations"": 0}",2026-06-06T16:22:10.448000,2026-06-06T16:22:10.448000,,could_not_test
report_1768659751534_jpidmonbpnhcpgdpefgkmgaoobcdgdbn,name,,217,no,FALSE,TRUE,FALSE,,,,FALSE,FALSE,13,5.0,5,"Extra features for SGM Community Forum (www.seriousgmod.com)

Features:
* Steam badges on profiles & threads showing Steam status information.
* Auto-updated new posts widget on the dedicated shoutbox page
* Adjust the height of the shoutbox on the home page.
* Shoutbox input text more legible.
* Preview your shoutbox color before applying it.
* Fix for shoutbox scroll issue.

==
Extension is open source and open to contributions.

https://github.com/nubpro/SGM-Chrome-Extension
https://github.com/zikeji/SGM-Chrome-Extension-Steam-API-Backend

==
Active thread on community forum.

https://www.seriousgmod.com/threads/extension-sgm-features-fixes-for-sgm-forum.24821/

==
Release information and changelog.

https://github.com/nubpro/SGM-Extension/releases",2021-02-19,91750,2.1.2,"[""MANIFEST_MIGRATED"", ""OFFSCREEN_DOCUMENT_ADDED"", ""HAS_BACKGROUND_PAGE"", ""HAS_CONTENT_SCRIPTS"", ""HAS_SERVICE_WORKER"", ""HAS_HOST_PERMISSIONS"", ""USES_WEB_REQUEST"", ""USES_STORAGE_LOCAL"", ""WEBPACK_BUNDLED""]",,TRUE,34.457188333,2,pekjcpfadgjcbjjeajojbpkaifljlglf,"{""webRequest"": 4, ""html_lines"": 10, ""storage_local"": 2, ""background_page"": 1, ""content_scripts"": 1, ""dangerous_permissions"": 0, ""host_permissions"": 2, ""crypto_patterns"": 20, ""network_requests"": 8, ""extension_size"": 3, ""api_renames"": 3, ""manifest_changes"": 3, ""file_modifications"": 0, ""webRequest_to_dnr_migrations"": 0}",2026-06-06T16:22:46.181000,2026-06-06T16:22:46.181000,,could_not_test
report_1768658747793_giebelbckpbghgnpannpceocapllipkp,name,,260,could_not_test,TRUE,TRUE,TRUE,,,,FALSE,FALSE,,,,"Add Mercury to Feedly and show the full content of articles

Read your RSS feed at the speed of light!
FullyFeedly shows the full articles in Feedly.com, the famous RSS feed reader.

With FullyFeedly you can read the full content of the articles inside Feedly, even when the feed RSS contains only a short preview.

Main features 

* Seamless integration with Mercury API
* Super fast keyboard shortcut
* Works great with HTTPS connection

-----

Changelog:

See releases on Github: https://github.com/Muffo/fullyfeedly/releases

-----

Do you like the extension? Leave a review!!
I look forward to hearing your feedbacks :)",2021-02-14 00:00,145408,0.11.1,"[""MANIFEST_MIGRATED"", ""API_RENAMES_APPLIED"", ""BRIDGE_INJECTED"", ""HAS_BROWSER_POPUP"", ""HAS_BACKGROUND_PAGE"", ""HAS_CONTENT_SCRIPTS"", ""HAS_SERVICE_WORKER"", ""HAS_HOST_PERMISSIONS"", ""USES_TABS_API"", ""MINIFIED_CODE""]",,TRUE,14.039584417,3,kclkakodphjhmpeoboogpgipinfmocdk,"{""webRequest"": 0, ""html_lines"": 78, ""storage_local"": 0, ""background_page"": 1, ""content_scripts"": 1, ""dangerous_permissions"": 1, ""host_permissions"": 2, ""crypto_patterns"": 31, ""network_requests"": 6, ""extension_size"": 3, ""api_renames"": 3, ""manifest_changes"": 3, ""file_modifications"": 1, ""webRequest_to_dnr_migrations"": 0}",2026-06-06T16:23:01.737000,2026-06-06T16:23:01.737000,,could_not_test
report_1768661122620_boaeobjcahicijkejbedemnaoibnmgmp,Mapsy,,62,yes,FALSE,TRUE,FALSE,,,TRUE,FALSE,TRUE,,,,"Searching an adress on Google Maps at the tip of your finger!

A little extension that lets you search faster on Google Maps. Just select an adress and right click, and there you go!",2014-08-07,10199,0.0.1,"[""MANIFEST_MIGRATED"", ""API_RENAMES_APPLIED"", ""BRIDGE_INJECTED"", ""HAS_BACKGROUND_PAGE"", ""HAS_SERVICE_WORKER"", ""USES_TABS_API""]",,TRUE,64.21963650000000,3,glmmbajndnlkglndcdnkiehomjkpkihn,"{""webRequest"": 0, ""html_lines"": 14, ""storage_local"": 0, ""background_page"": 1, ""content_scripts"": 0, ""dangerous_permissions"": 1, ""host_permissions"": 0, ""crypto_patterns"": 0, ""network_requests"": 0, ""extension_size"": 0, ""api_renames"": 3, ""manifest_changes"": 3, ""file_modifications"": 0, ""webRequest_to_dnr_migrations"": 0}",2026-06-06T16:24:07.129000,2026-06-06T16:24:07.129000,,yes
report_1768664384340_gbjfkfmkjfffjbddmobgeembcchcdobm,CADLAB.io,,278,could_not_test,TRUE,TRUE,TRUE,,,,FALSE,FALSE,10,,,"Integrate your GitHub account with CADLAB.io and easily view or compare Altium, Eagle and KiCad PCB design revisions in a browser.

CADLAB.io is a cloud-based hardware development platform which provides engineers with an enhanced version control system and collaboration tools for hardware design. Based on Git, one of most popular version control systems for software, it allows you to keep native PCB design files in a repository and view, compare and comment on any part of a PCB in a browser. 

CADLAB.io can be easily integrated with GitHub and this extension adds a button to each schematic or board layout file in your GitHub repository, so that you can view or compare circuit revisions right from the GitHub project page.",2021-06-17,54282,1.6.8,"[""MANIFEST_MIGRATED"", ""API_RENAMES_APPLIED"", ""BRIDGE_INJECTED"", ""OFFSCREEN_DOCUMENT_ADDED"", ""HAS_BROWSER_POPUP"", ""HAS_BACKGROUND_PAGE"", ""HAS_CONTENT_SCRIPTS"", ""HAS_SERVICE_WORKER"", ""HAS_HOST_PERMISSIONS"", ""MINIFIED_CODE""]",https://cadlab.io,TRUE,15.130913167,3,jnjmfoocddpeelapkbkkiilpgecmlmci,"{""webRequest"": 0, ""html_lines"": 10, ""storage_local"": 0, ""background_page"": 1, ""content_scripts"": 1, ""dangerous_permissions"": 0, ""host_permissions"": 2, ""crypto_patterns"": 39, ""network_requests"": 6, ""extension_size"": 1, ""api_renames"": 3, ""manifest_changes"": 3, ""file_modifications"": 1, ""webRequest_to_dnr_migrations"": 0}",2026-06-06T16:24:23.752000,2026-06-06T16:24:23.752000,,could_not_test
report_1768653569942_pgeebkoooblfhhckkccbccmefkaapfik,賽考利克泰雅語翻譯,,68,no,FALSE,TRUE,FALSE,,,,FALSE,FALSE,226,5.0,1,"使用右鍵即時翻譯「台灣原住民語：泰雅語-賽考利克方言」

台灣原住民語：泰雅語-賽考利克方言
反白選取賽考利克泰雅語，右鍵選擇翻譯精靈
即會在彈出視窗為您做逐字翻譯",2014-07-28,58798,1.0.1,"[""MANIFEST_MIGRATED"", ""API_RENAMES_APPLIED"", ""BRIDGE_INJECTED"", ""OFFSCREEN_DOCUMENT_ADDED"", ""HAS_BACKGROUND_PAGE"", ""HAS_SERVICE_WORKER"", ""HAS_HOST_PERMISSIONS""]",https://klokah.tw,TRUE,20.189891375,2,caccbdlmcdnnimccpgammdabicibcbmp,"{""webRequest"": 0, ""html_lines"": 32, ""storage_local"": 0, ""background_page"": 1, ""content_scripts"": 0, ""dangerous_permissions"": 0, ""host_permissions"": 1, ""crypto_patterns"": 0, ""network_requests"": 1, ""extension_size"": 0, ""api_renames"": 3, ""manifest_changes"": 3, ""file_modifications"": 0, ""webRequest_to_dnr_migrations"": 0}",2026-06-06T16:25:06.008000,2026-06-06T16:25:06.008000,,could_not_test
report_1768664824621_fdooabhendmmadaaofpjapekcnjabkon,South Schedule,,228,no,FALSE,TRUE,FALSE,TRUE,,,FALSE,FALSE,"1,000",4.0,4,"See South Schedule with the click of a button.

See South Schedule instantly with the Chrome App!

Adapted for Chrome Extension by Philip Melidosian - Maine South High School class of 2019.",2018-11-27,116736,2.64,"[""MANIFEST_MIGRATED"", ""HAS_BROWSER_POPUP"", ""HAS_CONTENT_SCRIPTS"", ""MINIFIED_CODE""]",https://southschedule.net,TRUE,38.603725041,,knhjbhkpdfmlmjiaepkppgcijhanmiem,"{""webRequest"": 0, ""html_lines"": 79, ""storage_local"": 0, ""background_page"": 0, ""content_scripts"": 1, ""dangerous_permissions"": 0, ""host_permissions"": 0, ""crypto_patterns"": 33, ""network_requests"": 5, ""extension_size"": 4, ""api_renames"": 1, ""manifest_changes"": 3, ""file_modifications"": 0, ""webRequest_to_dnr_migrations"": 0}",2026-06-06T16:26:06.821000,2026-06-06T16:26:06.821000,,no
report_1768658933559_boekfjjlekafbaldmpoimjbcecnfjohd,Only move,,248,could_not_test,FALSE,TRUE,TRUE,TRUE,,,FALSE,FALSE,,,,"Chrome extension that plays only moves for you on popular chess gaming sites.

OnlyMove can save you time in critical online games.
I often find myself when premoving, and my opponent makes me check which leads to losing very important seconds.
With OnlyMove you simply install the chrome extension and it detects when you can make only move and it makes it for you.",2020-05-20 00:00,437248,1.0.0,"[""MANIFEST_MIGRATED"", ""CSP_VALUE_MODIFIED"", ""BRIDGE_INJECTED"", ""HAS_BROWSER_POPUP"", ""HAS_BACKGROUND_PAGE"", ""HAS_CONTENT_SCRIPTS"", ""HAS_SERVICE_WORKER"", ""USES_TABS_API"", ""WEBPACK_BUNDLED"", ""CONTAINS_EVAL"", ""MINIFIED_CODE""]",,TRUE,78.512774417,1,fmnbeaicfincdiiaogkeahdjchflmmoj,"{""webRequest"": 0, ""html_lines"": 30, ""storage_local"": 0, ""background_page"": 1, ""content_scripts"": 1, ""dangerous_permissions"": 1, ""host_permissions"": 0, ""crypto_patterns"": 30, ""network_requests"": 6, ""extension_size"": 16, ""api_renames"": 3, ""manifest_changes"": 3, ""file_modifications"": 0, ""webRequest_to_dnr_migrations"": 0}",2026-06-06T16:27:26.981000,2026-06-06T16:27:26.981000,,could_not_test
report_1768660640212_llhccjlbojjmapbcipnjlfedjbofjigd,Touremind,,394,no,FALSE,TRUE,FALSE,TRUE,,,FALSE,FALSE,,,,"Never miss eSports events again.

Touremind shows you all currently running and upcoming eSports events of games of your choosing. 

Currently, touremind supports the following games:

Dota 2
Starcraft: Broodwar
Starcraft 2

It gets its data directly from the teamliquid servers, hence its always up to date. 

CHANGELOG

1.1.1:
    - fixed a bug where list of standard events would not update
1.1.0:
    - font style changed to tahoma
    - font size changes according to resolution
    - notification when events come online or are already           running on start
    - list of standard events users will be notified about list will be down
      loaded from touremind.net
    - added options menu
    - added horizontal lines to the eventlist
    - added dota2 and broodwar support. info comes from teamliquid",2013-07-19 00:00,105472,1.1.1,"[""MANIFEST_MIGRATED"", ""BRIDGE_INJECTED"", ""OFFSCREEN_DOCUMENT_ADDED"", ""HAS_BROWSER_POPUP"", ""HAS_BACKGROUND_PAGE"", ""HAS_SERVICE_WORKER"", ""HAS_HOST_PERMISSIONS"", ""USES_STORAGE_LOCAL"", ""CONTAINS_EVAL""]",,TRUE,11.472387084,2,pgikkieojfchgigcakidkphfdbpihgpl,"{""webRequest"": 0, ""html_lines"": 118, ""storage_local"": 9, ""background_page"": 1, ""content_scripts"": 0, ""dangerous_permissions"": 0, ""host_permissions"": 3, ""crypto_patterns"": 46, ""network_requests"": 11, ""extension_size"": 3, ""api_renames"": 3, ""manifest_changes"": 3, ""file_modifications"": 0, ""webRequest_to_dnr_migrations"": 0}",2026-06-06T16:27:39.980000,2026-06-06T16:27:39.980000,,no
report_1768664247282_kifmendkobnombkdoohdnnlgkdipglji,SWATHub Recorder,,76,could_not_test,TRUE,TRUE,TRUE,,,,FALSE,FALSE,,,,"Browser extension for SWATHub Recorder

Browser extension to record your interactions with websites to help you generate and maintain SWATHub operation steps. Together with SWATHub Designer desktop application, you can:
* Record web actions such as click and type into SWATHub operation steps.
* Pause and resume web recording procedures to provide design flexibility.
* Support both Chrome and Firefox browsers.

Please refer to https://swathub.com/docs/#/en/privacy for our privacy policy.",2021-10-01,35594,1.0.0,"[""MANIFEST_MIGRATED"", ""HAS_BACKGROUND_PAGE"", ""HAS_CONTENT_SCRIPTS"", ""HAS_SERVICE_WORKER"", ""USES_WEB_REQUEST"", ""USES_TABS_API""]",,TRUE,35.251726333,,alhljceidfdmahgfhjlpbbpcmcbnicfc,"{""webRequest"": 2, ""html_lines"": 0, ""storage_local"": 0, ""background_page"": 1, ""content_scripts"": 1, ""dangerous_permissions"": 2, ""host_permissions"": 0, ""crypto_patterns"": 0, ""network_requests"": 0, ""extension_size"": 1, ""api_renames"": 3, ""manifest_changes"": 3, ""file_modifications"": 0, ""webRequest_to_dnr_migrations"": 0}",2026-06-06T16:28:41.020000,2026-06-06T16:28:41.020000,,could_not_test
report_1768666776596_phehmjhfibehpniommbebmfmefopjcak,Univerzalni Kreditni Kalkulator,,53,yes,FALSE,TRUE,TRUE,TRUE,,,FALSE,FALSE,30,,,"Ovaj kalkulator kredita će vam omogućiti da jednostavno izračunate stvarne troškove kredita

Ovaj nezavisni kalkulator kredita omogućava da unošenjem visine kredita, kamatne stope i roka otplate dobijete precizan iznos mjesečne rate, ukupne otplate i ukupnog interesa koji u suštini predstavlja stvarnu cijenu kredita.

""Novac je roba koja ima upotrebnu vrednost i vrednost kao i svaka druga roba.""",2018-12-10,24647,1.0,"[""MANIFEST_MIGRATED"", ""HAS_BROWSER_POPUP""]",https://www.kreditni-kalkulator.app,TRUE,30.395963208,,gdpecfemoflcchiminfhcleelcolmopk,"{""webRequest"": 0, ""html_lines"": 110, ""storage_local"": 0, ""background_page"": 0, ""content_scripts"": 0, ""dangerous_permissions"": 0, ""host_permissions"": 0, ""crypto_patterns"": 0, ""network_requests"": 0, ""extension_size"": 0, ""api_renames"": 1, ""manifest_changes"": 3, ""file_modifications"": 0, ""webRequest_to_dnr_migrations"": 0}",2026-06-06T16:29:13.001000,2026-06-06T16:29:13.001000,,yes
report_1768658414484_fafjdbenbdpjebkejkjpldncikbddpef,Reload CSS,,67,could_not_test,FALSE,TRUE,TRUE,,,,FALSE,FALSE,1,,,"A developer tool that adds a button to reload only css stylesheets.

A developer tool that adds a button to reload only css stylesheets. It does this by appending a timestamp to the css file path, e.g. `/path/to/file.css` into `/path/to/file.css?7123654789`",2016-03-10,108544,1,"[""MANIFEST_MIGRATED"", ""API_RENAMES_APPLIED"", ""BRIDGE_INJECTED"", ""HAS_BROWSER_POPUP"", ""HAS_BACKGROUND_PAGE"", ""HAS_SERVICE_WORKER"", ""HAS_HOST_PERMISSIONS"", ""USES_TABS_API""]",https://richard.parnaby-king.co.uk,TRUE,26.397726333,1,annmmkpobpkmnmdmcjmbonpmnpmohica,"{""webRequest"": 0, ""html_lines"": 0, ""storage_local"": 0, ""background_page"": 1, ""content_scripts"": 0, ""dangerous_permissions"": 1, ""host_permissions"": 2, ""crypto_patterns"": 0, ""network_requests"": 0, ""extension_size"": 1, ""api_renames"": 3, ""manifest_changes"": 3, ""file_modifications"": 1, ""webRequest_to_dnr_migrations"": 0}",2026-06-06T16:29:41.152000,2026-06-06T16:29:41.152000,,could_not_test
report_1768666955059_mkdlohokdefmcpfpgjncikgmmmlambeg,urlcmd,,121,yes,FALSE,TRUE,TRUE,TRUE,,,FALSE,FALSE,9,,,"Productivity from your URL bar

This is a productivity tool that allows you to specify commands in the urlbar.

This allows importing of personal aliases, like a portable .bashrc. Bring your keyboard ninja skills to someone else's machine today!",2020-09-03,271360,0.5.2,"[""MANIFEST_MIGRATED"", ""CSP_VALUE_MODIFIED"", ""API_RENAMES_APPLIED"", ""BRIDGE_INJECTED"", ""HAS_BROWSER_POPUP"", ""HAS_BACKGROUND_PAGE"", ""HAS_SERVICE_WORKER"", ""MINIFIED_CODE""]",,TRUE,42.322409459,4,dcbilkcifcfhkcfiphobdndfhfbfnmmm,"{""webRequest"": 0, ""html_lines"": 101, ""storage_local"": 0, ""background_page"": 1, ""content_scripts"": 0, ""dangerous_permissions"": 0, ""host_permissions"": 0, ""crypto_patterns"": 5, ""network_requests"": 5, ""extension_size"": 6, ""api_renames"": 3, ""manifest_changes"": 3, ""file_modifications"": 0, ""webRequest_to_dnr_migrations"": 0}",2026-06-06T16:30:25.072000,2026-06-06T16:30:25.072000,,yes
report_1768663509883_hdpadbphbplibigmlpipigoekcccldmj,TP Weather,,93,could_not_test,TRUE,TRUE,TRUE,TRUE,,,FALSE,FALSE,,5.0,2,"Provides up to date weather for ride planning

Provides up-to-date weather information for the athlete and their coach to plan rides and workouts.
How to - https://www.youtube.com/watch?v=50ihAX8dQyg",2020-06-28,95672,2.1.7.1,"[""MANIFEST_MIGRATED"", ""CSP_VALUE_MODIFIED"", ""API_RENAMES_APPLIED"", ""BRIDGE_INJECTED"", ""HAS_BROWSER_POPUP"", ""HAS_BACKGROUND_PAGE"", ""HAS_CONTENT_SCRIPTS"", ""HAS_SERVICE_WORKER"", ""USES_TABS_API""]",,TRUE,18.819961041,3,djigkpimlnkmhbimadilgjimhheohmam,"{""webRequest"": 0, ""html_lines"": 86, ""storage_local"": 0, ""background_page"": 1, ""content_scripts"": 1, ""dangerous_permissions"": 1, ""host_permissions"": 0, ""crypto_patterns"": 0, ""network_requests"": 2, ""extension_size"": 1, ""api_renames"": 3, ""manifest_changes"": 3, ""file_modifications"": 2, ""webRequest_to_dnr_migrations"": 0}",2026-06-06T16:30:45.263000,2026-06-06T16:30:45.263000,,could_not_test
report_1768664234562_jlfhgedbppfefdmajainidnaiefihpee,Clappify,,58,no,FALSE,TRUE,TRUE,,,,FALSE,FALSE,431,4.5,2,"Add context menu item to clap emoji current text selection and copy it to clipboard

Add👏right👏click👏option👏to👏turn👏any👏selected👏text👏like👏this👏and👏then👏copy👏it👏to👏the👏clipboard.
Update 4/1/2017: add option to change skin tone by right clicking icon beside address bar",2017-04-01,37120,1.1,"[""MANIFEST_MIGRATED"", ""API_RENAMES_APPLIED"", ""BRIDGE_INJECTED"", ""OFFSCREEN_DOCUMENT_ADDED"", ""HAS_BROWSER_POPUP"", ""HAS_BACKGROUND_PAGE"", ""HAS_SERVICE_WORKER""]",,TRUE,42.919134167,2,opofknelcmapaeiidceffimbngcamhep,"{""webRequest"": 0, ""html_lines"": 10, ""storage_local"": 0, ""background_page"": 1, ""content_scripts"": 0, ""dangerous_permissions"": 0, ""host_permissions"": 0, ""crypto_patterns"": 0, ""network_requests"": 0, ""extension_size"": 0, ""api_renames"": 3, ""manifest_changes"": 3, ""file_modifications"": 0, ""webRequest_to_dnr_migrations"": 0}",2026-06-06T16:31:29.455000,2026-06-06T16:31:29.455000,,no
report_1768659678131_ppamcpgjecjimecjahkfifanhkjodkae,Diary@AllChk,,91,could_not_test,TRUE,TRUE,TRUE,TRUE,,TRUE,FALSE,TRUE,50,,,"Предназначен для diary.ru. Отображает есть ли на вашем дневнике новые коментарии, дискуссии и u-mail сообщения

Новое в версии:
2.3.2. Обновлена совместимость
2.3.1. Добавлен регулятор громкости оповещений
2.3 Добавлены упоминания
2.2 Обновлены оповещения
2.1 Изменение формата (внутренняя совместимость)
2.0 Обновлено под новые требования chrome
1.2 по просьбе пользователей добавлено:
сброс статуса при переходе по ссылке (т.е. когда есть новые комментарии,сообщения или u-mail и вы переходите по ссылке через расширение, статус сбрасывается и переходит в состояние ""не определено"" до следующей проверки статуса).
1.1 стабильный релиз.",2017-12-16,49438,2.3.2,"[""MANIFEST_MIGRATED"", ""API_RENAMES_APPLIED"", ""BRIDGE_INJECTED"", ""OFFSCREEN_DOCUMENT_ADDED"", ""HAS_BROWSER_POPUP"", ""HAS_BACKGROUND_PAGE"", ""HAS_SERVICE_WORKER"", ""HAS_HOST_PERMISSIONS"", ""USES_TABS_API""]",,TRUE,8.393316209,1,ihmogkmilpcjjflgahkelgnjmcpmbjfm,"{""webRequest"": 0, ""html_lines"": 86, ""storage_local"": 0, ""background_page"": 1, ""content_scripts"": 0, ""dangerous_permissions"": 1, ""host_permissions"": 1, ""crypto_patterns"": 0, ""network_requests"": 2, ""extension_size"": 0, ""api_renames"": 3, ""manifest_changes"": 3, ""file_modifications"": 2, ""webRequest_to_dnr_migrations"": 0}",2026-06-06T16:31:48.655000,2026-06-06T16:31:48.655000,,could_not_test
report_1768660795178_afaaijiijklfhkhapfocbahlnpgknlmg,name,,155,could_not_test,TRUE,TRUE,TRUE,,,,FALSE,FALSE,1,,,"Schedule Meetings with Huddle.team

Easily schedule a Huddle.team  meeting from your Google Calendar™ by creating an event, then clicking Add and Save. You are able to join the meeting or host one from the Google Calendar™ event by clicking Join or Host.",2021-04-01,90542,0.0.6.0,"[""MANIFEST_MIGRATED"", ""BRIDGE_INJECTED"", ""HAS_BROWSER_POPUP"", ""HAS_BACKGROUND_PAGE"", ""HAS_CONTENT_SCRIPTS"", ""HAS_SERVICE_WORKER"", ""HAS_HOST_PERMISSIONS"", ""USES_STORAGE_LOCAL"", ""MINIFIED_CODE""]",,TRUE,14.663062083,2,ppnhhlbhcnnncmpdipllejanjhckjhoh,"{""webRequest"": 0, ""html_lines"": 2, ""storage_local"": 14, ""background_page"": 1, ""content_scripts"": 1, ""dangerous_permissions"": 0, ""host_permissions"": 1, ""crypto_patterns"": 0, ""network_requests"": 10, ""extension_size"": 2, ""api_renames"": 3, ""manifest_changes"": 3, ""file_modifications"": 0, ""webRequest_to_dnr_migrations"": 0}",2026-06-06T16:32:04.728000,2026-06-06T16:32:04.728000,,could_not_test
report_1768658532341_nlbjaajfamajjchcpfmabdmcbaeedaic,Home Cosmetica - Latest News Update,,294,no,FALSE,TRUE,FALSE,TRUE,,,FALSE,FALSE,,5.0,1,"The extension for Google Chrome lets you know about latest news of Home Cosmetica Complete Guide before anyone else

The extension for Google Chrome lets you know about latest news of all Home Cosmetica and update before anyone else

❤ Why use this extension? ❤

- Get the latest news on Home Cosmetica
- Be in the know without a click.
- All updates are now fully automatic
- Desktop notifications now uses Chrome’s new notification center tray.
- Beautiful and usable news widget.
- Flexible And Nice Design.

The extension is currently only available in English, it will be available in other languages in upcoming releases.

DISCLAIMER:
All Blog News From RSS Feed..",2021-07-29,104448,1.5,"[""MANIFEST_MIGRATED"", ""API_RENAMES_APPLIED"", ""BRIDGE_INJECTED"", ""HAS_BROWSER_POPUP"", ""HAS_BACKGROUND_PAGE"", ""HAS_SERVICE_WORKER"", ""HAS_HOST_PERMISSIONS""]",,TRUE,12.344266458,2,kbkaadcbdaiobocnpdocjnihcehemhde,"{""webRequest"": 0, ""html_lines"": 87, ""storage_local"": 0, ""background_page"": 1, ""content_scripts"": 0, ""dangerous_permissions"": 0, ""host_permissions"": 1, ""crypto_patterns"": 38, ""network_requests"": 8, ""extension_size"": 2, ""api_renames"": 3, ""manifest_changes"": 3, ""file_modifications"": 3, ""webRequest_to_dnr_migrations"": 0}",2026-06-06T16:32:18.191000,2026-06-06T16:32:18.191000,,no
report_1768665594026_gpcdpapmhnplgiimehglkeiddcgafkfn,Afstand berekenen,,57,yes,FALSE,TRUE,TRUE,,,,FALSE,FALSE,48,4.0,12,,,,1.0,"[""MANIFEST_MIGRATED"", ""API_RENAMES_APPLIED"", ""BRIDGE_INJECTED"", ""HAS_BROWSER_POPUP"", ""HAS_BACKGROUND_PAGE"", ""HAS_SERVICE_WORKER""]",,TRUE,10.43179625,1,fkhbiebcklajdihgkgfdecloboimcbco,"{""webRequest"": 0, ""html_lines"": 0, ""storage_local"": 0, ""background_page"": 1, ""content_scripts"": 0, ""dangerous_permissions"": 0, ""host_permissions"": 0, ""crypto_patterns"": 0, ""network_requests"": 0, ""extension_size"": 0, ""api_renames"": 3, ""manifest_changes"": 3, ""file_modifications"": 1, ""webRequest_to_dnr_migrations"": 0}",2026-06-06T16:32:31.772000,2026-06-06T16:32:31.772000,,yes
report_1768666833104_fbkommpggjckjellhkmjhhidijgnchfk,name,,259,no,FALSE,TRUE,FALSE,,,,FALSE,FALSE,,5.0,2,"处理Chrome""其他文件夹""的书签。有存储""临时""书签，分类保存书签，快捷键操作，自定义设置，快捷查看书签，支持搜索栏直接搜索书签，高效管理书签等功能。查看当前网站的浏览历史，管理已安装扩展插件。

该插件完全开源，开源地址https://github.com/Yinbe/TabHome。欢迎来讨论bug，讨论功能，Star项目",2022-02-14,599040,1.5.22.214,"[""MANIFEST_MIGRATED"", ""CSP_VALUE_MODIFIED"", ""API_RENAMES_APPLIED"", ""BRIDGE_INJECTED"", ""HAS_BROWSER_POPUP"", ""HAS_BACKGROUND_PAGE"", ""HAS_SERVICE_WORKER"", ""HAS_HOST_PERMISSIONS"", ""USES_WEB_REQUEST"", ""USES_STORAGE_LOCAL"", ""USES_TABS_API"", ""MINIFIED_CODE""]",,TRUE,16.590252208,10,fkbmkefjindoajppnnjoanipjpgehogg,"{""webRequest"": 2, ""html_lines"": 13, ""storage_local"": 12, ""background_page"": 1, ""content_scripts"": 0, ""dangerous_permissions"": 4, ""host_permissions"": 1, ""crypto_patterns"": 18, ""network_requests"": 2, ""extension_size"": 22, ""api_renames"": 3, ""manifest_changes"": 3, ""file_modifications"": 0, ""webRequest_to_dnr_migrations"": 0}",2026-06-06T16:32:49.731000,2026-06-06T16:32:49.731000,,could_not_test
report_1768664965801_ckldddpcfdbofogbkaokoncihimelpai,Social Media Stopwatch,,153,no,FALSE,TRUE,TRUE,TRUE,,,FALSE,FALSE,544,1.8,5,"Timer for how long you spend on Social Media

An extension meant to help you manage time spent on social media. Add timers manually when you want, or set URLs to have timers added automatically.

This extension allows you to set timers for every tab you have open. Choose the tab from the drop-down menu and input the time you want to create a timer. Once the timer is up, the the tab will open and send you an alert.

You can also set websites/specific URLs to have alarms created for them automatically. These can be set in the options page, accessed by right clicking on the extension icon.",2019-03-26,81111,1.0.0,"[""MANIFEST_MIGRATED"", ""BRIDGE_INJECTED"", ""HAS_BROWSER_POPUP"", ""HAS_BACKGROUND_PAGE"", ""HAS_SERVICE_WORKER"", ""USES_TABS_API"", ""MINIFIED_CODE""]",,TRUE,43.15503025,7,pknjhbmcfdoebllidlolfnhkooigpeel,"{""webRequest"": 0, ""html_lines"": 324, ""storage_local"": 0, ""background_page"": 1, ""content_scripts"": 0, ""dangerous_permissions"": 2, ""host_permissions"": 0, ""crypto_patterns"": 0, ""network_requests"": 5, ""extension_size"": 1, ""api_renames"": 3, ""manifest_changes"": 3, ""file_modifications"": 0, ""webRequest_to_dnr_migrations"": 0}",2026-06-06T16:33:45.360000,2026-06-06T16:33:45.360000,,no
,Kastio Video Conference ScreenShare,,59,could_not_test,TRUE,TRUE,TRUE,,,,,,,,,"This Chrome extension lets you perform screensharing when presenting in a LIVE Kastio Video Conference

The Kastio screen sharing extension allows presenters to share their screen during webinars.","February 27, 2017",20541,2.1,"[""MANIFEST_MIGRATED"", ""BRIDGE_INJECTED"", ""HAS_BACKGROUND_PAGE"", ""HAS_CONTENT_SCRIPTS"", ""HAS_SERVICE_WORKER""]",https://kastio.com,,6.905765042,1,hodphpbkkfioipjgeohmbaeejipplmae,"{""webRequest"": 0, ""html_lines"": 0, ""storage_local"": 0, ""background_page"": 1, ""content_scripts"": 1, ""dangerous_permissions"": 0, ""host_permissions"": 0, ""crypto_patterns"": 0, ""network_requests"": 0, ""extension_size"": 0, ""api_renames"": 3, ""manifest_changes"": 3, ""file_modifications"": 0, ""webRequest_to_dnr_migrations"": 0}",2026-06-06T16:33:54.030000,2026-06-06T16:33:54.030000,,could_not_test
,Style's Got Mike,Failed to load extension from: /private/var/folders/cb/cw_. Could not load javascript 'main.js' for script.,452,no,FALSE,FALSE,TRUE,TRUE,,,,,,,,"A revolutionary extension to greatly improve the look and feel of every website

A revolutionary extension to greatly improve the look and feel of every website","April 1, 2018",148480,1.1,"[""MANIFEST_MIGRATED"", ""API_RENAMES_APPLIED"", ""BRIDGE_INJECTED"", ""HAS_BROWSER_POPUP"", ""HAS_CONTENT_SCRIPTS"", ""USES_TABS_API"", ""MINIFIED_CODE""]",https://leviv.github.io,,4.377579541,,damliljmlfomcpbidlblngfjgmflpomh,"{""webRequest"": 0, ""html_lines"": 184, ""storage_local"": 0, ""background_page"": 0, ""content_scripts"": 1, ""dangerous_permissions"": 1, ""host_permissions"": 0, ""crypto_patterns"": 70, ""network_requests"": 10, ""extension_size"": 2, ""api_renames"": 1, ""manifest_changes"": 3, ""file_modifications"": 1, ""webRequest_to_dnr_migrations"": 0}",2026-06-06T16:34:05.005000,2026-06-06T16:34:05.005000,,could_not_test
,google-slides-asciinema,,29,could_not_test,FALSE,TRUE,TRUE,,,,,,,,,"A tool to add asciinema to your Google Slides

Have you ever work with asciinema? It's an amazing tool for creating tutorials or avoiding the ""demo effect"" when you are doing presentations.

asciinema allows to embed the animations in different places like websites. With Javascript, you can integrate those animations easily in tools like revealjs but there is not a way to integrate those animations with Google Slides...

After enabling it, all you have to do is creating draw circle, rectangle or add an image to your slides. Then, add a link to the desired asciinema animation website. For instance: https://asciinema.org/a/14

Remember that, if you add .png to that URL, you will get a preview for the asciinema animation. For the previous example, it would be https://asciinema.org/a/14.png. So, you can include that image in your Google slides and add the link to the asciinema animation: if the Chrome extension is installed, you will see the animation totally embedded in your slides. If not, you'll have a preview linked with the real animation (and that works too for PDF).","May 27, 2020",16721,1.0,"[""MANIFEST_MIGRATED"", ""HAS_CONTENT_SCRIPTS""]",,,23.644233167,,nianghdcpickkjjjbpbbjniocdocafdb,"{""webRequest"": 0, ""html_lines"": 0, ""storage_local"": 0, ""background_page"": 0, ""content_scripts"": 1, ""dangerous_permissions"": 0, ""host_permissions"": 0, ""crypto_patterns"": 0, ""network_requests"": 0, ""extension_size"": 0, ""api_renames"": 1, ""manifest_changes"": 3, ""file_modifications"": 0, ""webRequest_to_dnr_migrations"": 0}",2026-06-07T14:45:01.306000,2026-06-07T14:45:01.306000,,could_not_test
,Dipshit Donnie,,39,yes,FALSE,TRUE,TRUE,,,,,,,,,,,,0.1,"[""MANIFEST_MIGRATED"", ""HAS_CONTENT_SCRIPTS"", ""MINIFIED_CODE""]",,,47.618461375,,foffoiohhalpfaoglaoebgjjmnklnhkk,"{""webRequest"": 0, ""html_lines"": 0, ""storage_local"": 0, ""background_page"": 0, ""content_scripts"": 1, ""dangerous_permissions"": 0, ""host_permissions"": 0, ""crypto_patterns"": 0, ""network_requests"": 5, ""extension_size"": 0, ""api_renames"": 1, ""manifest_changes"": 3, ""file_modifications"": 0, ""webRequest_to_dnr_migrations"": 0}",2026-06-07T14:45:50.578000,2026-06-07T14:45:50.578000,,yes
,Fzuck,,67,could_not_test,FALSE,TRUE,TRUE,TRUE,,,,,,,,"Phonetically spell everything and paste it to Fb or other places

Censorship sucks and if you've been censored on Facebook then you have be zucked! Share urls and messages that would otherwise be automatically censored by phonetically spelling out everything. Your friends can then use this tool to convert the phonetic message back to plain text.

Use at your own risk. Scripts by Duke does not condone abusive behavior and it is your responsibility to use this tool in accordance with the terms of use of FB or any other services. Not responsible for the misuse of this tool nor the consequences you may suffer for misuse. No harmful code has been used in the creation of this tool and is intended for recreational purposes. 

This tool uses a very basic phonetic replacement cipher that is easily cracked with a little bit of concentration on the reader's part. Furthermore this tool can be used to de-cipher any text that has been ciphered with this tool. It is neither sophisticated nor secure, your messages will not be secure.","July 5, 2019",77854,0.1,"[""MANIFEST_MIGRATED"", ""OFFSCREEN_DOCUMENT_ADDED"", ""HAS_BROWSER_POPUP"", ""HAS_BACKGROUND_PAGE"", ""HAS_SERVICE_WORKER""]",,,36.293481417,1,nidpinnckkmomhmokjjomajcjnhidcen,"{""webRequest"": 0, ""html_lines"": 45, ""storage_local"": 0, ""background_page"": 1, ""content_scripts"": 0, ""dangerous_permissions"": 0, ""host_permissions"": 0, ""crypto_patterns"": 0, ""network_requests"": 0, ""extension_size"": 1, ""api_renames"": 3, ""manifest_changes"": 3, ""file_modifications"": 0, ""webRequest_to_dnr_migrations"": 0}",2026-06-07T14:46:28.559000,2026-06-07T14:46:28.559000,,could_not_test
,Tasks,,87,yes,FALSE,TRUE,TRUE,TRUE,,,,,,,,"Keep track of your tasks without leaving Chrome.

Keep track of your tasks without leaving Chrome.","May 17, 2019",108544,1.3.1,"[""MANIFEST_MIGRATED"", ""API_RENAMES_APPLIED"", ""BRIDGE_INJECTED"", ""HAS_BROWSER_POPUP"", ""HAS_BACKGROUND_PAGE"", ""HAS_SERVICE_WORKER"", ""MINIFIED_CODE""]",,,41.217557667,1,jjoojeldkdnibcdoadogbdefbjlamkpa,"{""webRequest"": 0, ""html_lines"": 65, ""storage_local"": 0, ""background_page"": 1, ""content_scripts"": 0, ""dangerous_permissions"": 0, ""host_permissions"": 0, ""crypto_patterns"": 0, ""network_requests"": 5, ""extension_size"": 4, ""api_renames"": 3, ""manifest_changes"": 3, ""file_modifications"": 1, ""webRequest_to_dnr_migrations"": 0}",2026-06-07T14:47:11.266000,2026-06-07T14:47:11.266000,,yes
,Google Search Console SEO Enhancer,,39,no,FALSE,TRUE,FALSE,,,,,,,,,"This extension modifies the outlook of the Difference column in the Compare mode of the performance table in Google Search Console.

This extension modifies the outlook of the Difference column in the Compare mode of the Position data set in the Performance tab in Google Search Console to make it easier for SEO specialists to read, understand, and analyze the report.","November 18, 2020",37089,0.0.0.1,"[""MANIFEST_MIGRATED"", ""HAS_CONTENT_SCRIPTS"", ""MINIFIED_CODE""]",,,83.007458167,,acdglffpgonoaepdhfmbccjpeopblbom,"{""webRequest"": 0, ""html_lines"": 0, ""storage_local"": 0, ""background_page"": 0, ""content_scripts"": 1, ""dangerous_permissions"": 0, ""host_permissions"": 0, ""crypto_patterns"": 0, ""network_requests"": 5, ""extension_size"": 0, ""api_renames"": 1, ""manifest_changes"": 3, ""file_modifications"": 0, ""webRequest_to_dnr_migrations"": 0}",2026-06-07T14:48:35.627000,2026-06-07T14:48:35.627000,,could_not_test
,OlyScraper,,482,no,FALSE,TRUE,TRUE,,,,,,,,,"Simple tool to scrap information from a webpage, the use is simple :
-Install the extension
-Click on the extension
-Add a new…

Simple tool to scrap information from a webpage, the use is simple :
-Install the extension
-Click on the extension
-Add a new field
-Name your field then choose the data to scarp from your openned webpage  
(you can add as much fields as you want)
-Save your data as CSV file","May 31, 2019",536576,1.0,"[""MANIFEST_MIGRATED"", ""CSP_VALUE_MODIFIED"", ""API_RENAMES_APPLIED"", ""BRIDGE_INJECTED"", ""HAS_BROWSER_POPUP"", ""HAS_BACKGROUND_PAGE"", ""HAS_SERVICE_WORKER"", ""HAS_HOST_PERMISSIONS"", ""CONTAINS_EVAL"", ""MINIFIED_CODE""]",,,45.45046875,1,mafjhggcnknolonfdoiecimogilmgjhm,"{""webRequest"": 0, ""html_lines"": 106, ""storage_local"": 0, ""background_page"": 1, ""content_scripts"": 0, ""dangerous_permissions"": 0, ""host_permissions"": 3, ""crypto_patterns"": 69, ""network_requests"": 12, ""extension_size"": 20, ""api_renames"": 3, ""manifest_changes"": 3, ""file_modifications"": 1, ""webRequest_to_dnr_migrations"": 0}",2026-06-07T14:49:23.178000,2026-06-07T14:49:23.178000,,could_not_test
,wino,,127,no,FALSE,TRUE,TRUE,,,,,,,,,"Painful RSS reader WebExtension, almost written by rust.

Painful RSS reader WebExtension, almost written by rust.","March 19, 2019",1677721,1.4,"[""MANIFEST_MIGRATED"", ""CSP_VALUE_MODIFIED"", ""API_RENAMES_APPLIED"", ""BRIDGE_INJECTED"", ""HAS_BROWSER_POPUP"", ""HAS_BACKGROUND_PAGE"", ""HAS_SERVICE_WORKER"", ""MINIFIED_CODE""]",,,13.558766583,1,follminpdpghndmaleamimmbdhlgaepo,"{""webRequest"": 0, ""html_lines"": 13, ""storage_local"": 0, ""background_page"": 1, ""content_scripts"": 0, ""dangerous_permissions"": 0, ""host_permissions"": 0, ""crypto_patterns"": 5, ""network_requests"": 2, ""extension_size"": 38, ""api_renames"": 3, ""manifest_changes"": 3, ""file_modifications"": 1, ""webRequest_to_dnr_migrations"": 0}",2026-06-07T14:49:39.542000,2026-06-07T14:49:39.542000,,no
,Find+,,219,no,FALSE,TRUE,TRUE,FALSE,,,,,,,,"由wuaq.cn设计

利用强大的正则表达式来对页面进行搜索，在页面信息较多时快速找到自己需要的。","September 16, 2018",287744,1.0.1,"[""MANIFEST_MIGRATED"", ""API_RENAMES_APPLIED"", ""BRIDGE_INJECTED"", ""HAS_BROWSER_POPUP"", ""HAS_BACKGROUND_PAGE"", ""HAS_CONTENT_SCRIPTS"", ""HAS_SERVICE_WORKER"", ""USES_STORAGE_LOCAL"", ""USES_TABS_API""]",,,30.855980125,3,gedegpjjmmhgiccmigekiedmhdedgmpi,"{""webRequest"": 0, ""html_lines"": 295, ""storage_local"": 15, ""background_page"": 1, ""content_scripts"": 1, ""dangerous_permissions"": 1, ""host_permissions"": 0, ""crypto_patterns"": 0, ""network_requests"": 0, ""extension_size"": 6, ""api_renames"": 3, ""manifest_changes"": 3, ""file_modifications"": 1, ""webRequest_to_dnr_migrations"": 0}",2026-06-07T14:50:11.977000,2026-06-07T14:50:11.977000,,yes
,OneFeed,,153,yes,FALSE,TRUE,TRUE,,,,,,,,,"OneFeed - The Fastest News Reader

OneFeed is the fastest news reader for Chrome. Get connected with all your favorite news sources, filter interesting articles for reading later and get to inbox-zero in your reading list.","May 20, 2020",1059061,0.0.5,"[""MANIFEST_MIGRATED"", ""BRIDGE_INJECTED"", ""OFFSCREEN_DOCUMENT_ADDED"", ""HAS_BACKGROUND_PAGE"", ""HAS_SERVICE_WORKER"", ""NEW_TAB_OVERRIDE"", ""HAS_HOST_PERMISSIONS"", ""USES_STORAGE_LOCAL"", ""MINIFIED_CODE""]",,,12.820053792,4,jnldbjecklhlngfiigiffndeaccgnmhp,"{""webRequest"": 0, ""html_lines"": 25, ""storage_local"": 4, ""background_page"": 1, ""content_scripts"": 0, ""dangerous_permissions"": 0, ""host_permissions"": 1, ""crypto_patterns"": 8, ""network_requests"": 6, ""extension_size"": 17, ""api_renames"": 3, ""manifest_changes"": 3, ""file_modifications"": 0, ""webRequest_to_dnr_migrations"": 0}",2026-06-07T14:50:26.883000,2026-06-07T14:50:26.883000,,yes
,Autoreloader: Reload tab on file change (Win),Windows Only,84,could_not_test,FALSE,TRUE,TRUE,,,,,,,,,"(Windows only) Monitor files on your hard disk and reload pages automatically

Autoreloader v0.0.1

Automatically reload chrome tabs if files changes

Step 1: Install the file monitor server

- Download setup.exe from https://github.com/autoreloader/autoreloader/blob/master/Setup.exe?raw=true
- Run setup.exe
Step 2: Install the chrome extension

- Search ""autoreloader"" on chrome store and install extension
Step 3: Add folders that you would like to monitor using the ""add directory"" button.

That's it! Now anytime a new file is added, changed, or removed in the folders you're monitoring your active tab will automatically reload.

This is an open source app. You can find the full code for Server (Delphi) and Extension (Javascript) here:

https://github.com/autoreloader/autoreloader

Pull requests are always welcome!","August 3, 2016",31672,0.0.3,"[""MANIFEST_MIGRATED"", ""API_RENAMES_APPLIED"", ""BRIDGE_INJECTED"", ""OFFSCREEN_DOCUMENT_ADDED"", ""HAS_BROWSER_POPUP"", ""HAS_BACKGROUND_PAGE"", ""HAS_SERVICE_WORKER"", ""HAS_HOST_PERMISSIONS"", ""USES_TABS_API""]",,,26.272992709,3,ibkmmlejbcdiljjbcoibpmkionnjmlbn,"{""webRequest"": 0, ""html_lines"": 70, ""storage_local"": 0, ""background_page"": 1, ""content_scripts"": 0, ""dangerous_permissions"": 1, ""host_permissions"": 2, ""crypto_patterns"": 0, ""network_requests"": 0, ""extension_size"": 0, ""api_renames"": 3, ""manifest_changes"": 3, ""file_modifications"": 1, ""webRequest_to_dnr_migrations"": 0}",2026-06-07T14:50:54.697000,2026-06-07T14:50:54.697000,,could_not_test
,nottin,,38,yes,FALSE,TRUE,TRUE,TRUE,,,,,,,,"an easy way for you to take notes right on the webpage!

A simplistic way to write quick notes and keep track of things with cute cats on the side. Can include up to 9 notes, and remember to save before leaving!","February 7, 2021",109568,0.0.0.1,"[""MANIFEST_MIGRATED"", ""BRIDGE_INJECTED"", ""HAS_BROWSER_POPUP""]",,,24.012996583,,dfgnmnhpepngcfigngikmojdpndblcdm,"{""webRequest"": 0, ""html_lines"": 46, ""storage_local"": 0, ""background_page"": 0, ""content_scripts"": 0, ""dangerous_permissions"": 0, ""host_permissions"": 0, ""crypto_patterns"": 0, ""network_requests"": 0, ""extension_size"": 1, ""api_renames"": 1, ""manifest_changes"": 3, ""file_modifications"": 0, ""webRequest_to_dnr_migrations"": 0}",2026-06-07T14:51:20.617000,2026-06-07T14:51:20.617000,,yes
,4BOSELL HELPER,,98,could_not_test,TRUE,TRUE,TRUE,TRUE,,,,,,,,"크로스보더를 위한 맞춤 솔루션 4BOSELL

4BOSELL(KR) 솔루션 HELPER 프로그램입니다.
4BOSELL을 이용하시는 고객님들께서 운영하시는 자사몰의 상품의 정보를
자동으로 수집할수 있도록 하는 프로그램입니다.

감사합니다.","September 7, 2020",98785,0.0.2,"[""MANIFEST_MIGRATED"", ""API_RENAMES_APPLIED"", ""BRIDGE_INJECTED"", ""OFFSCREEN_DOCUMENT_ADDED"", ""HAS_BROWSER_POPUP"", ""HAS_BACKGROUND_PAGE"", ""HAS_SERVICE_WORKER"", ""HAS_HOST_PERMISSIONS"", ""USES_TABS_API"", ""MINIFIED_CODE""]",,,13.625976084,4,igehidgmdciajedkhlpekpanbehflipk,"{""webRequest"": 0, ""html_lines"": 42, ""storage_local"": 0, ""background_page"": 1, ""content_scripts"": 0, ""dangerous_permissions"": 1, ""host_permissions"": 2, ""crypto_patterns"": 0, ""network_requests"": 8, ""extension_size"": 3, ""api_renames"": 3, ""manifest_changes"": 3, ""file_modifications"": 2, ""webRequest_to_dnr_migrations"": 0}",2026-06-07T14:51:35.834000,2026-06-07T14:51:35.834000,,could_not_test
,Hinfly,,62,could_not_test,FALSE,TRUE,TRUE,,,,,,,,,"Our determination to provide the best travel prices and services.

Our extension provides an easy access to our booking website, where the user can search and confirm Flights and Properties seamlessly. Our main attractions include competitive price, good customer support, content rich, custom travel availabilities etc.","May 12, 2021",785408,1.1,"[""MANIFEST_MIGRATED"", ""HAS_BACKGROUND_PAGE"", ""HAS_SERVICE_WORKER""]",https://hinfly.com,,17.917334792,,lcaccbenpmmlggggdcobmnnnpdbmkndh,"{""webRequest"": 0, ""html_lines"": 0, ""storage_local"": 0, ""background_page"": 1, ""content_scripts"": 0, ""dangerous_permissions"": 0, ""host_permissions"": 0, ""crypto_patterns"": 0, ""network_requests"": 0, ""extension_size"": 7, ""api_renames"": 3, ""manifest_changes"": 3, ""file_modifications"": 0, ""webRequest_to_dnr_migrations"": 0}",2026-06-07T14:51:55.434000,2026-06-07T14:51:55.434000,,could_not_test
,WicketSource,,89,could_not_test,FALSE,TRUE,TRUE,TRUE,,,,,,,,"Adds a Developer Tools sidebar with Wicket source code location for the selected DOM element.

Working on someone else's complex Wicket pages can result in a lot of time spent hunting for components in the source. 

What if you could click on an item in the web page and jump straight to the Java source that created it?  

The wicket-source module, plus a couple of plugins, lets you do exactly that.

The wicket-source module in maven central plugs into your Wicket application.  The Chrome extension plugs in to your browser's ""inspect element"" feature, to display the source code and line number of the element's Wicket component.  And Source-Opener plugs into either Eclipse or Intellij.  

In combination, these three parts provide round-trip quick service to jump between rendered web pages and the code that created them.

This plugin is only useful for Wicket applications with the wicket-source module installed and configured.

More information is available through the github page:  https://github.com/jennybrown8/wicket-source/wiki","August 21, 2016",27320,1.2.0,"[""MANIFEST_MIGRATED"", ""BRIDGE_INJECTED"", ""HAS_BROWSER_POPUP"", ""HAS_HOST_PERMISSIONS"", ""CONTAINS_EVAL""]",https://www.github.com/jennybrown8/wicket-source/wiki,,63.42731375,,kccbikohjealaaeaklknglnonondaiff,"{""webRequest"": 0, ""html_lines"": 163, ""storage_local"": 0, ""background_page"": 0, ""content_scripts"": 0, ""dangerous_permissions"": 0, ""host_permissions"": 3, ""crypto_patterns"": 2, ""network_requests"": 2, ""extension_size"": 0, ""api_renames"": 1, ""manifest_changes"": 3, ""file_modifications"": 0, ""webRequest_to_dnr_migrations"": 0}",2026-06-07T14:53:00.296000,2026-06-07T14:53:00.296000,,could_not_test
,#60SECONDRESISTANCE,,786,yes,FALSE,TRUE,TRUE,TRUE,,,,,,,,"Get reminded to fight Trump's agenda when you're being least productive. Push pause on your social media to take actions online.

We at 100DaysOfTrump.org believe every action matters when it comes to standing up for inclusion, compassion, love for other people and for the planet.

This is why #60SecondResistance reminds you to fight Trump's divisive agenda when you're being least productive. Our Chrome extension will help you pause your social media browsing after a few minutes to show you actions you can take online to fight Trump, based on your issues of interest. 

Select how often you want to take action, which issues matter to you, and this extension will show you the latest and most popular petitions and letters you can sign quickly online to keep yourself involved in the national discourse.

Built by the 100DaysOfTrump.org team.","April 28, 2017",814080,1.1,"[""MANIFEST_MIGRATED"", ""API_RENAMES_APPLIED"", ""BRIDGE_INJECTED"", ""HAS_BROWSER_POPUP"", ""HAS_CONTENT_SCRIPTS"", ""USES_TABS_API"", ""CONTAINS_EVAL""]",,,44.707777125,1,ldmndgpabggpklkhngiifmopjbkllfal,"{""webRequest"": 0, ""html_lines"": 233, ""storage_local"": 0, ""background_page"": 0, ""content_scripts"": 1, ""dangerous_permissions"": 1, ""host_permissions"": 0, ""crypto_patterns"": 130, ""network_requests"": 17, ""extension_size"": 12, ""api_renames"": 1, ""manifest_changes"": 3, ""file_modifications"": 0, ""webRequest_to_dnr_migrations"": 0}",2026-06-07T14:53:47.486000,2026-06-07T14:53:47.486000,,yes
,Odete,,80,no,FALSE,FALSE,TRUE,TRUE,,,,,,,,"Contrate diaristas de forma rápida, simples e objetiva

Odete é a maior plataforma para diaristas do Brasil.

Com esta extensão você descobre facilmente as melhores diaristas mais próximas da sua localização.","December 13, 2021",73482,1.0.1,"[""MANIFEST_MIGRATED"", ""CSP_VALUE_MODIFIED"", ""HAS_BROWSER_POPUP"", ""HAS_BACKGROUND_PAGE"", ""HAS_CONTENT_SCRIPTS"", ""HAS_SERVICE_WORKER"", ""MINIFIED_CODE""]",,,6.951908458,,njchepcljhlephnkhpjnggplnjelkdlj,"{""webRequest"": 0, ""html_lines"": 2, ""storage_local"": 0, ""background_page"": 1, ""content_scripts"": 1, ""dangerous_permissions"": 0, ""host_permissions"": 0, ""crypto_patterns"": 3, ""network_requests"": 2, ""extension_size"": 1, ""api_renames"": 3, ""manifest_changes"": 3, ""file_modifications"": 0, ""webRequest_to_dnr_migrations"": 0}",2026-06-07T14:54:02.014000,2026-06-07T14:54:02.014000,,yes
,GloScreenTags,,66,could_not_test,FALSE,TRUE,TRUE,,,,,,,,,"Bookmark any area of a web page and automatically add the link to a comment in your ticket.

Bookmark any area of a web page and automatically add the link to a comment in your ticket.","February 21, 2020",108544,1.1,"[""MANIFEST_MIGRATED"", ""API_RENAMES_APPLIED"", ""BRIDGE_INJECTED"", ""HAS_HOST_PERMISSIONS"", ""USES_STORAGE_LOCAL"", ""USES_TABS_API""]",,,20.335397875,3,koiicpkkmlnhcnankkllaoadjbnpglbj,"{""webRequest"": 0, ""html_lines"": 41, ""storage_local"": 3, ""background_page"": 0, ""content_scripts"": 0, ""dangerous_permissions"": 2, ""host_permissions"": 1, ""crypto_patterns"": 0, ""network_requests"": 2, ""extension_size"": 1, ""api_renames"": 1, ""manifest_changes"": 3, ""file_modifications"": 1, ""webRequest_to_dnr_migrations"": 0}",2026-06-07T14:54:24.974000,2026-06-07T14:54:24.974000,,could_not_test
,IHeader,,318,no,FALSE,TRUE,FALSE,TRUE,,,,,,,,"Monitor and modify the request and response  header of the page.

Monitor and modify the request and response header of the page.
IHeader可以新增、删除或编辑任意指定url的请求响应头，并且即使浏览器重启后，全局监听器依然有效。它适合用于HTTP缓存研究，HTTP接口字段调试，甚至还可以为接口调试时的跨域问题提供临时的解决方案（本人基于此完成了很多跨域接口的调试工作）。因此，只要您基于HTTP请求响应头去做事情，IHeader都可以帮您简化工作。至于如何使用，这里有一个向导：https://github.com/Louiszhai/IHeader/","September 8, 2017",59893,1.2.0,"[""MANIFEST_MIGRATED"", ""API_RENAMES_APPLIED"", ""BRIDGE_INJECTED"", ""OFFSCREEN_DOCUMENT_ADDED"", ""HAS_BROWSER_POPUP"", ""HAS_BACKGROUND_PAGE"", ""HAS_CONTENT_SCRIPTS"", ""HAS_SERVICE_WORKER"", ""HAS_HOST_PERMISSIONS"", ""USES_WEB_REQUEST"", ""USES_STORAGE_LOCAL"", ""USES_TABS_API"", ""MINIFIED_CODE""]",,,30.616229,9,adhdbclaplninpalnlcgaooncbkjocmp,"{""webRequest"": 8, ""html_lines"": 693, ""storage_local"": 5, ""background_page"": 1, ""content_scripts"": 1, ""dangerous_permissions"": 4, ""host_permissions"": 2, ""crypto_patterns"": 0, ""network_requests"": 0, ""extension_size"": 1, ""api_renames"": 3, ""manifest_changes"": 3, ""file_modifications"": 1, ""webRequest_to_dnr_migrations"": 0}",2026-06-07T14:54:57.033000,2026-06-07T14:54:57.033000,,no
,Geography,,103,yes,FALSE,TRUE,TRUE,,,,,,,,,"Override the new tab page

This very simple app overrides the New Page tab and displays a picture. Ideal for geographers. Photo by Joseph P. Peters, Esri campus, Redlands, CA.","July 25, 2016",7203717,1.1,"[""MANIFEST_MIGRATED"", ""NEW_TAB_OVERRIDE""]",,,10.646251917,,jcklpblmdpnlcojdhpgcaadfjecfbghg,"{""webRequest"": 0, ""html_lines"": 31, ""storage_local"": 0, ""background_page"": 0, ""content_scripts"": 0, ""dangerous_permissions"": 0, ""host_permissions"": 0, ""crypto_patterns"": 0, ""network_requests"": 0, ""extension_size"": 70, ""api_renames"": 1, ""manifest_changes"": 3, ""file_modifications"": 0, ""webRequest_to_dnr_migrations"": 0}",2026-06-07T14:55:12.377000,2026-06-07T14:55:12.377000,,yes
,CleanFeed,,29,could_not_test,FALSE,TRUE,TRUE,,,,,,,,,"Block spam generated by pesky Facebook apps.

This extension simply clears your Facebook news feed of all unwanted application posts.","January 27, 2013",4884,2,"[""MANIFEST_MIGRATED"", ""HAS_CONTENT_SCRIPTS""]",,,11.304433041,,mhpelcikddgfccgjboanmkjnandfgacd,"{""webRequest"": 0, ""html_lines"": 0, ""storage_local"": 0, ""background_page"": 0, ""content_scripts"": 1, ""dangerous_permissions"": 0, ""host_permissions"": 0, ""crypto_patterns"": 0, ""network_requests"": 0, ""extension_size"": 0, ""api_renames"": 1, ""manifest_changes"": 3, ""file_modifications"": 0, ""webRequest_to_dnr_migrations"": 0}",2026-06-07T14:55:24.821000,2026-06-07T14:55:24.821000,,could_not_test
,Popup Hatebu Comment,,104,no,FALSE,TRUE,FALSE,TRUE,,,,,,,,"Popup Hatena Bookmark commments.

はてなブックマークのエントリーページへのリンク (b.hatena.ne.jp/entry/*) を Ctrl + クリック (オプションでマウスオーバーに変更可能) すると、その場にコメントをポップアップ表示します。","October 18, 2012",22507,0.1.0,"[""MANIFEST_MIGRATED"", ""API_RENAMES_APPLIED"", ""BRIDGE_INJECTED"", ""OFFSCREEN_DOCUMENT_ADDED"", ""HAS_BROWSER_POPUP"", ""HAS_BACKGROUND_PAGE"", ""HAS_CONTENT_SCRIPTS"", ""HAS_SERVICE_WORKER"", ""HAS_HOST_PERMISSIONS"", ""USES_TABS_API""]",,,37.887288667,3,ebmgagejcifbcebdbiiodjjaamgiamle,"{""webRequest"": 0, ""html_lines"": 119, ""storage_local"": 0, ""background_page"": 1, ""content_scripts"": 1, ""dangerous_permissions"": 1, ""host_permissions"": 2, ""crypto_patterns"": 0, ""network_requests"": 2, ""extension_size"": 0, ""api_renames"": 3, ""manifest_changes"": 3, ""file_modifications"": 1, ""webRequest_to_dnr_migrations"": 0}",2026-06-07T14:56:03.945000,2026-06-07T14:56:03.945000,,could_not_test
,Younext,,93,no,FALSE,TRUE,TRUE,TRUE,,,,,,,,"If you have a daily meeting and need to give each participant the floor, then this extension is for you.
Turn on the extension on…

If you have a daily meeting and need to give each participant the floor, then this extension is for you.
Turn on the extension on the page with tasks and in the ""Younext"" panel define the meeting participants.","May 2, 2021",1457520,0.2,"[""MANIFEST_MIGRATED"", ""API_RENAMES_APPLIED"", ""BRIDGE_INJECTED"", ""HAS_BROWSER_POPUP"", ""HAS_BACKGROUND_PAGE"", ""HAS_CONTENT_SCRIPTS"", ""HAS_SERVICE_WORKER"", ""HAS_HOST_PERMISSIONS"", ""USES_TABS_API""]",,,34.677693875,2,nekhigagdliopghmjflmeemocmekpgin,"{""webRequest"": 0, ""html_lines"": 45, ""storage_local"": 0, ""background_page"": 1, ""content_scripts"": 1, ""dangerous_permissions"": 2, ""host_permissions"": 1, ""crypto_patterns"": 0, ""network_requests"": 0, ""extension_size"": 14, ""api_renames"": 3, ""manifest_changes"": 3, ""file_modifications"": 0, ""webRequest_to_dnr_migrations"": 0}",2026-06-07T14:56:41.054000,2026-06-07T14:56:41.054000,,could_not_test
,jdd_ik3cloud,,652,yes,FALSE,TRUE,TRUE,TRUE,,,,,,,,"jdd_ik3cloud

公司内部员工在使用金蝶云系统时有些功能会重复操作，在这个操作过程成会花费大量时间，估开发此辅助软件用于简化日常办公流程，缩短工作时间，提升工作效率，是公司业务变的简洁快捷","October 27, 2021",205824,1.0.2,"[""MANIFEST_MIGRATED"", ""BRIDGE_INJECTED"", ""HAS_BROWSER_POPUP"", ""HAS_BACKGROUND_PAGE"", ""HAS_CONTENT_SCRIPTS"", ""HAS_SERVICE_WORKER"", ""HAS_HOST_PERMISSIONS"", ""WEBPACK_BUNDLED"", ""CONTAINS_EVAL"", ""MINIFIED_CODE""]",,,10.075951875,,mjhogeibfeflcnldcmiainpdkdmfnhpb,"{""webRequest"": 0, ""html_lines"": 708, ""storage_local"": 0, ""background_page"": 1, ""content_scripts"": 1, ""dangerous_permissions"": 0, ""host_permissions"": 6, ""crypto_patterns"": 70, ""network_requests"": 22, ""extension_size"": 4, ""api_renames"": 3, ""manifest_changes"": 3, ""file_modifications"": 0, ""webRequest_to_dnr_migrations"": 0}",2026-06-07T14:56:52.926000,2026-06-07T14:56:52.926000,,yes
,Aiwozo,,61,could_not_test,FALSE,TRUE,TRUE,,,,,,,,,"AI Work Zone Web Automation Extension is an component developed for browser interaction to implement automation on web applications.

Aiwozo Extension is a component developed for browser interaction to implement automation on web applications on Google Chrome. 
Aiwozo is an Intelligent Automation tool rated as a Top 5 RPA tool in the G2 Fall reports 2021 and is also listed as a Major Contender in the recently released Everest Group RPA Platforms PEAK matrix 2021.
The extension supports the latest release of Enterprise edition and the Community edition (available Free to all users). Studio is the low code-no code tool for developing bots that work on all kinds of web, windows, citrix and more applications. In addition; the Discovery tool is used to capture tasks and seamlessly create workflows. Studio and Discovery use the extension to provide auto login, recording and executing of the tasks for web applications.","September 15, 2022",26030,3.0,"[""MANIFEST_MIGRATED"", ""HAS_BROWSER_POPUP"", ""HAS_BACKGROUND_PAGE"", ""HAS_SERVICE_WORKER"", ""HAS_HOST_PERMISSIONS"", ""MINIFIED_CODE""]",,,24.029761166,6,admkahgcbipglokgboenonpgaklpaoma,"{""webRequest"": 0, ""html_lines"": 0, ""storage_local"": 0, ""background_page"": 1, ""content_scripts"": 0, ""dangerous_permissions"": 1, ""host_permissions"": 1, ""crypto_patterns"": 0, ""network_requests"": 0, ""extension_size"": 0, ""api_renames"": 3, ""manifest_changes"": 3, ""file_modifications"": 0, ""webRequest_to_dnr_migrations"": 0}",2026-06-07T14:57:18.133000,2026-06-07T14:57:18.133000,,could_not_test
,Bitrise build status indicator,,69,could_not_test,TRUE,TRUE,TRUE,,,,,,,,,"A small Chrome extension which shows the actual status of a Bitrise build in the Chrome tab's title!

This Chrome extension helps you if you have a bunch of ongoing Bitrise builds by showing the build's status in the Chrome tab's title.

Disclaimer: This project is made by somebody whose life is a lot easier because of Bitrise but has absolutely no legal connection with Bitrise. The Bitbot is the property of Bitrise and is used by their permission. Even though this extension does nothing more than modifying your tab's title, use it at your own risk! If you experience any issues with your machine, builds, blood pressure or anything else while using this extension, Bitrise has nothing to do with it. This project is open source, you can find its code on my Github.","September 15, 2019",10424,1.0,"[""MANIFEST_MIGRATED"", ""API_RENAMES_APPLIED"", ""BRIDGE_INJECTED"", ""OFFSCREEN_DOCUMENT_ADDED"", ""HAS_BACKGROUND_PAGE"", ""HAS_SERVICE_WORKER"", ""HAS_HOST_PERMISSIONS"", ""USES_TABS_API""]",,,27.151682625,2,gmiaemibdhfgcbalghkphidpfhjkddkm,"{""webRequest"": 0, ""html_lines"": 10, ""storage_local"": 0, ""background_page"": 1, ""content_scripts"": 0, ""dangerous_permissions"": 2, ""host_permissions"": 1, ""crypto_patterns"": 0, ""network_requests"": 0, ""extension_size"": 0, ""api_renames"": 3, ""manifest_changes"": 3, ""file_modifications"": 1, ""webRequest_to_dnr_migrations"": 0}",2026-06-07T14:57:46.957000,2026-06-07T14:57:46.957000,,could_not_test
,Elaborata Desktop Streamer,,55,could_not_test,FALSE,TRUE,TRUE,,,,,,,,,"Necessario para compartilhar Desktop nas salas de aula Elaborata.

Software para habilitar compartilhamento de tela nas salas de aula virtuais da Elaborata.","September 18, 2018",12554,0.2.4,"[""MANIFEST_MIGRATED"", ""HAS_BACKGROUND_PAGE"", ""HAS_SERVICE_WORKER""]",,,13.964963041,1,mdlhominadhbdceihadncpnkkdekapcm,"{""webRequest"": 0, ""html_lines"": 0, ""storage_local"": 0, ""background_page"": 1, ""content_scripts"": 0, ""dangerous_permissions"": 0, ""host_permissions"": 0, ""crypto_patterns"": 0, ""network_requests"": 0, ""extension_size"": 0, ""api_renames"": 3, ""manifest_changes"": 3, ""file_modifications"": 0, ""webRequest_to_dnr_migrations"": 0}",2026-06-07T14:58:02.457000,2026-06-07T14:58:02.457000,,could_not_test
,Report-Sample-Injector,,74,could_not_test,FALSE,TRUE,TRUE,,,,,,,,,"This addon edits the CSP header(s) to include a missing 'report-sample' for certain directives if a report-uri endpoint is included.

This addon edits incoming CSP header(s) to include the 'report-sample' value for the 'script-src', 'script-src-elem', 'script-src-attr', 'style-src', 'style-src-elem', and 'style-src-attr' directives, only if the specific directive is present and does not include 'report-sample', and the directive 'report-uri' is present with an endpoint specified.

This addon assumes that, if a developer specifies a report-uri endpoint within the CSP, they are interested in receiving violation reports. However, without an explicit 'report-sample' value for certain directives, the reports might (the behaviour is browser-dependent at the moment) look indistinguishable for different kinds of violations (e.g., inline handlers vs. inline scripts vs. javascript URIs for script-src).

The keyword 'report-sample', when specified for certain CSP directives, makes compliant browsers include the first 40 characters of the code that caused the violation in the report that is POSTed to the report-uri endpoint.

By injecting 'report-sample' where it is missing, if report-uri is present, this addon aims to help developers understand which portion of the website code is responsible for the violation(s).","November 25, 2019",8222,1.2,"[""MANIFEST_MIGRATED"", ""HAS_BACKGROUND_PAGE"", ""HAS_SERVICE_WORKER"", ""HAS_HOST_PERMISSIONS"", ""USES_WEB_REQUEST""]",,,19.391357584,2,nmacnakpmbegfnfgiffoblaflkefjlca,"{""webRequest"": 2, ""html_lines"": 0, ""storage_local"": 0, ""background_page"": 1, ""content_scripts"": 0, ""dangerous_permissions"": 2, ""host_permissions"": 1, ""crypto_patterns"": 0, ""network_requests"": 0, ""extension_size"": 0, ""api_renames"": 3, ""manifest_changes"": 3, ""file_modifications"": 0, ""webRequest_to_dnr_migrations"": 0}",2026-06-07T14:58:23.074000,2026-06-07T14:58:23.074000,,could_not_test
,Airbnb Zoning Cross-Reference Extension,Failed to load extension from: /private/var/folders/cb/cw_. Could not load css 'content.styles.css' for script.,107,no,FALSE,FALSE,TRUE,TRUE,,,,,,,,"Airbnb Zoning Cross-Reference Extension

Determines whether redfin properties are zoned for vacation rental in Sonoma County","August 26, 2020",98437,1.0.0,"[""MANIFEST_MIGRATED"", ""CSP_VALUE_MODIFIED"", ""BRIDGE_INJECTED"", ""HAS_BROWSER_POPUP"", ""HAS_BACKGROUND_PAGE"", ""HAS_CONTENT_SCRIPTS"", ""HAS_SERVICE_WORKER"", ""HAS_HOST_PERMISSIONS"", ""USES_STORAGE_LOCAL"", ""MINIFIED_CODE""]",,,4.872082334,4,bpikjpiahcghfboceffhojblkpfofbjf,"{""webRequest"": 0, ""html_lines"": 3, ""storage_local"": 3, ""background_page"": 1, ""content_scripts"": 1, ""dangerous_permissions"": 0, ""host_permissions"": 1, ""crypto_patterns"": 5, ""network_requests"": 1, ""extension_size"": 2, ""api_renames"": 3, ""manifest_changes"": 3, ""file_modifications"": 0, ""webRequest_to_dnr_migrations"": 0}",2026-06-07T14:58:34.172000,2026-06-07T14:58:34.172000,,could_not_test
,GauchoMap,,110,no,FALSE,TRUE,FALSE,,,,,,,,,"Automatically locates your UCSB courses on an interactive map to make finding your next class a breeze.

New in version 1.1: Made the ""Open Map"" button and in-app disclaimer nicer.

GauchoMap is a Chrome extension made for UCSB students. It attempts to automatically locate all of your UCSB courses as they appear on UCSB GOLD in an interactive map to streamline the process of beginning your next quarter.

Features:

- Adds a new ""Open Map"" button to UCSB GOLD on the ""My Class Schedule"" page.
- Pinpoints your UC Santa Barbara courses on a Google Map.
- Filters your courses by day of the week.
- Quick link to the Geography Department's interactive map.
- Clicking on pins opens a detailed view of your classes.
- Pin label displays the number of courses you have at a particular location.
- Works with previous quarters!

Known issues:

- You may be asked to take a swim if GauchoMap can't find your course (Let me know which buildings produce errors so I can fix them).
- Courses in the info boxes don't get filtered by day of the week.


Icon obtained from commons.wikimedia.org under the Creative Commons Attribution-Share Alike 3.0 Unported license.","October 5, 2016",22507,1.1,"[""MANIFEST_MIGRATED"", ""CSP_VALUE_MODIFIED"", ""API_RENAMES_APPLIED"", ""BRIDGE_INJECTED"", ""HAS_BROWSER_POPUP"", ""HAS_BACKGROUND_PAGE"", ""HAS_CONTENT_SCRIPTS"", ""HAS_SERVICE_WORKER"", ""HAS_HOST_PERMISSIONS"", ""USES_STORAGE_LOCAL""]",,,22.65888225,1,ggpflhcnomanmdagjlppmklkiijkkdhd,"{""webRequest"": 0, ""html_lines"": 90, ""storage_local"": 5, ""background_page"": 1, ""content_scripts"": 1, ""dangerous_permissions"": 0, ""host_permissions"": 1, ""crypto_patterns"": 0, ""network_requests"": 0, ""extension_size"": 0, ""api_renames"": 3, ""manifest_changes"": 3, ""file_modifications"": 0, ""webRequest_to_dnr_migrations"": 0}",2026-06-07T14:58:59.530000,2026-06-07T14:58:59.530000,,could_not_test
,Indians.com FanMail Extension,,258,could_not_test,TRUE,TRUE,TRUE,,,,,,,,,,,,2.1.15,"[""MANIFEST_MIGRATED"", ""API_RENAMES_APPLIED"", ""BRIDGE_INJECTED"", ""HAS_BACKGROUND_PAGE"", ""HAS_CONTENT_SCRIPTS"", ""HAS_SERVICE_WORKER"", ""HAS_HOST_PERMISSIONS"", ""CONTAINS_EVAL"", ""MINIFIED_CODE""]",,,16.681324458,1,gegmhbfkagnmenmbbgghgkdhflmidmga,"{""webRequest"": 0, ""html_lines"": 0, ""storage_local"": 0, ""background_page"": 1, ""content_scripts"": 1, ""dangerous_permissions"": 0, ""host_permissions"": 1, ""crypto_patterns"": 33, ""network_requests"": 15, ""extension_size"": 1, ""api_renames"": 3, ""manifest_changes"": 3, ""file_modifications"": 0, ""webRequest_to_dnr_migrations"": 0}",2026-06-07T14:59:17.772000,2026-06-07T14:59:17.772000,,could_not_test
,name,,71,could_not_test,FALSE,TRUE,TRUE,,,,,,,,,"Enables you to search your history & bookmarks using Copernic Desktop Search.

Enables you to search your Google Chrome™ history & bookmarks using Copernic Desktop Search.","May 4, 2018",19210,6.0.0.5,"[""MANIFEST_MIGRATED"", ""API_RENAMES_APPLIED"", ""BRIDGE_INJECTED"", ""OFFSCREEN_DOCUMENT_ADDED"", ""HAS_BACKGROUND_PAGE"", ""HAS_SERVICE_WORKER"", ""HAS_HOST_PERMISSIONS""]",https://www.copernic.com,,22.429297959,12,ennaiiiicpcoamlefkcgdccmjcknnocl,"{""webRequest"": 0, ""html_lines"": 10, ""storage_local"": 0, ""background_page"": 1, ""content_scripts"": 0, ""dangerous_permissions"": 2, ""host_permissions"": 1, ""crypto_patterns"": 0, ""network_requests"": 2, ""extension_size"": 0, ""api_renames"": 3, ""manifest_changes"": 3, ""file_modifications"": 0, ""webRequest_to_dnr_migrations"": 0}",2026-06-07T14:59:41.345000,2026-06-07T14:59:41.345000,,could_not_test
,Firefly,,255,yes,FALSE,TRUE,TRUE,TRUE,,,,,,,,"This extension lets you discard tabs, improves chrome browser performance

This minimalistic extension lets you manage unused tabs and improves chrome browser performance.","March 7, 2020",300032,1.0,"[""MANIFEST_MIGRATED"", ""BRIDGE_INJECTED"", ""HAS_BROWSER_POPUP"", ""USES_TABS_API"", ""MINIFIED_CODE""]",,,32.139303375,,piklbpeioeheblaifhlfhgeegdgkcpga,"{""webRequest"": 0, ""html_lines"": 57, ""storage_local"": 0, ""background_page"": 0, ""content_scripts"": 0, ""dangerous_permissions"": 2, ""host_permissions"": 0, ""crypto_patterns"": 39, ""network_requests"": 5, ""extension_size"": 5, ""api_renames"": 1, ""manifest_changes"": 3, ""file_modifications"": 0, ""webRequest_to_dnr_migrations"": 0}",2026-06-07T15:00:15.140000,2026-06-07T15:00:15.140000,,yes
,Hyperlink Text Selector,,35,could_not_test,FALSE,TRUE,TRUE,,,,,,,,,"Hold Shift and select text from a link.

Small and fast extension.
Looks and feels almost like in the Opera browser :)
Enjoy!","January 3, 2015",15011,1.3,"[""MANIFEST_MIGRATED"", ""HAS_CONTENT_SCRIPTS"", ""HAS_HOST_PERMISSIONS"", ""MINIFIED_CODE""]",,,46.900706708,,ofpaooafcdpbgbijbnhbjdjlodpcpifc,"{""webRequest"": 0, ""html_lines"": 0, ""storage_local"": 0, ""background_page"": 0, ""content_scripts"": 1, ""dangerous_permissions"": 0, ""host_permissions"": 2, ""crypto_patterns"": 0, ""network_requests"": 0, ""extension_size"": 0, ""api_renames"": 1, ""manifest_changes"": 3, ""file_modifications"": 0, ""webRequest_to_dnr_migrations"": 0}",2026-06-07T15:01:03.304000,2026-06-07T15:01:03.304000,,could_not_test
,Калькулятор,Failed to load extension from: /private/var/folders/cb/cw_. The chrome_style option cannot be used with manifest version .,118,no,FALSE,FALSE,TRUE,TRUE,,,,,,,,"Универсальный калькулятор от SmartTools для браузера. Без рекламы! С поддержкой тем.

Удобный калькулятор без рекламы! Пользуйтесь бесплатно. Калькулятор предназначен для выполнения математических операций над числами и решения задач алгебраической логики.

Универсальный калькулятор от SmartTools для браузера. Без рекламы! С поддержкой тем.

Изменения:

1.1.5. - Добавлен НДС калькулятор!
1.1.6. - Исправили ошибку с отображением калькулятора.

1.1.7.

Спасибо пользователям за обратную связь, рады стараться для вас.

- Исправлена ошибка с неработающей дополнительной клавиатурой (Num Lock)
- Исправлена ошибка в логики работы калькулятора НДС
- Обновили процент по умолчанию в калькуляторе НДС, в связи с изменением ставки в РФ
- Добавлен инженерный калькулятор!


Handy calculator with no ads! Use free of charge.The calculator is designed to perform mathematical operations on numbers and solve problems in algebraic logic.

Universal calculator from browser. No ads! With support for themes.

Change log:

1.1.5 - Added VAT calculator
1.1.6 - Fixed a bug with the display of the calculator.
1.1.7.

Thanks to users for feedback.

- Fixed bug with idle additional keyboard (Num Lock)
- Fixed a bug in the logic of the VAT calculator
- Updated the default percentage in the VAT calculator, due to changes in rates in the Russian Federation
- Added engineering calculator!","December 9, 2022",72796,1.1.11,"[""MANIFEST_MIGRATED"", ""CSP_VALUE_MODIFIED"", ""HAS_BROWSER_POPUP"", ""HAS_BACKGROUND_PAGE"", ""HAS_SERVICE_WORKER"", ""HAS_HOST_PERMISSIONS"", ""WEBPACK_BUNDLED"", ""MINIFIED_CODE""]",https://best-calc.ru,,3.858709917,,bbofkffmfiambifonbnhfackhigeodkg,"{""webRequest"": 0, ""html_lines"": 13, ""storage_local"": 0, ""background_page"": 1, ""content_scripts"": 0, ""dangerous_permissions"": 0, ""host_permissions"": 4, ""crypto_patterns"": 6, ""network_requests"": 8, ""extension_size"": 2, ""api_renames"": 3, ""manifest_changes"": 3, ""file_modifications"": 0, ""webRequest_to_dnr_migrations"": 0}",2026-06-07T15:01:12.678000,2026-06-07T15:01:12.678000,,yes
,The Element Cycles,Failed to load extension from: /private/var/folders/cb/cw_,526,no,FALSE,FALSE,FALSE,,,,,,,,,,,,0.0.0.1,"[""MANIFEST_MIGRATED"", ""CONTAINS_EVAL""]",,,5.648570875,,afakeafhcjjglnedecmbhknbhalnelfb,"{""webRequest"": 0, ""html_lines"": 329, ""storage_local"": 0, ""background_page"": 0, ""content_scripts"": 0, ""dangerous_permissions"": 0, ""host_permissions"": 0, ""crypto_patterns"": 54, ""network_requests"": 6, ""extension_size"": 137, ""api_renames"": 1, ""manifest_changes"": 3, ""file_modifications"": 0, ""webRequest_to_dnr_migrations"": 0}",2026-06-07T15:01:35.476000,2026-06-07T15:01:35.476000,,yes
,HoloPlayer for Facebook,,204,could_not_test,TRUE,TRUE,TRUE,,,,,,,,,"This extension automatically translates HoloBuilder.com links into embedded 3D presentations on Facebook.

With this extension, you can dive into virtual 360° tours that were created with HoloBuilder.com directly on Facebook. Simply post the link to a HoloBuilder presentation and HoloPlayer for Facebook will automatically create an embedded virtual tour from it. Visit https://www.holobuilder.com/ for more information!","May 7, 2015",1048576,1.1,"[""MANIFEST_MIGRATED"", ""HAS_CONTENT_SCRIPTS"", ""MINIFIED_CODE""]",,,13.398753708,,ifddjhjeeeahbfboonedjbpbfojidadh,"{""webRequest"": 0, ""html_lines"": 0, ""storage_local"": 0, ""background_page"": 0, ""content_scripts"": 1, ""dangerous_permissions"": 0, ""host_permissions"": 0, ""crypto_patterns"": 31, ""network_requests"": 5, ""extension_size"": 10, ""api_renames"": 1, ""manifest_changes"": 3, ""file_modifications"": 0, ""webRequest_to_dnr_migrations"": 0}",2026-06-07T15:01:51.202000,2026-06-07T15:01:51.202000,,could_not_test
,Reload All Tabs,,99,no,FALSE,TRUE,TRUE,TRUE,,,,,,,,"Reloads all open tabs in one click.

A simple extension that gives you a button to reload all open tabs.

Features:
- Context menus and an option to reload pinned tabs only.
- Option to reload all tabs in all windows.","June 8, 2018",30699,1.5.5.3,"[""MANIFEST_MIGRATED"", ""CSP_VALUE_MODIFIED"", ""API_RENAMES_APPLIED"", ""BRIDGE_INJECTED"", ""HAS_BROWSER_POPUP"", ""HAS_BACKGROUND_PAGE"", ""HAS_CONTENT_SCRIPTS"", ""HAS_SERVICE_WORKER"", ""HAS_HOST_PERMISSIONS"", ""USES_TABS_API""]",,,31.999831625,2,kmjccehdojphpoalkojfmfndbmpmkkod,"{""webRequest"": 0, ""html_lines"": 117, ""storage_local"": 0, ""background_page"": 1, ""content_scripts"": 1, ""dangerous_permissions"": 1, ""host_permissions"": 2, ""crypto_patterns"": 0, ""network_requests"": 0, ""extension_size"": 0, ""api_renames"": 3, ""manifest_changes"": 3, ""file_modifications"": 1, ""webRequest_to_dnr_migrations"": 0}",2026-06-07T15:02:24.542000,2026-06-07T15:02:24.542000,,yes
,Theken Texte,,321,could_not_test,FALSE,TRUE,TRUE,TRUE,,,,,,,,"Zeigt die Untertitel der ARD- und ZDF Mediatheken im Ganzen an, stellt sie als Fließtext oder im SRT- und XML-Format bereit.

Update:
Das Plugin Theken Texte funktioniert derzeit nicht, da der Code der Webseiten von ARD & ZDF sich geändert hat. Da ich das Plugin in meiner Freizeit programmiere, kann ich nicht auf jede Änderungen reagieren. Das Projekt und der Plugin-Code ist aber weiterhin auf Github abrufbar und einer Weiterentwicklung durch andere Parteien steht nichts im Wege. 

Dies ist eine Erweiterung, die die Untertitel-Scripte der ARD- und ZDF Mediatheken im Ganzen anzeigt, als Fließtext oder im Untertitel-Format (.srt & .xml) bereit stellt.

## Anwendung:
1. Erweiterung installieren.
2. Beitrag aus der ARD- oder ZDF-Mediathek auswählen, der mit **UT** gekennzeichnet ist. Sobald Untertitel für einen Beitrag verfügbar sind, wird das ""Te""-Icon neben der Addresszeile aktiviert und leuchtet gelb.
3. Auf das Icon klicken. Plugin öffnet sich.

## Funktionen
* Rekonstruiert das gesamte Untertitel-Script im Browser und teilt Sprecher-Rollen zu.
* Wandelt die Untertitel ins Untertitel-Format SubRip (.srt) um (noch beta).
* Zeigt die ursprüngliche Untertitel-Datei an (XML).
* Kopiert die Texte in die Zwischenablage.
* Öffnet die aktuelle Popup-Ansicht in einem neuen Fenster.

Mehr Infos im Github Repository: https://github.com/gambolputty/Theken-Texte","October 26, 2016",50124,0.87,"[""MANIFEST_MIGRATED"", ""API_RENAMES_APPLIED"", ""BRIDGE_INJECTED"", ""OFFSCREEN_DOCUMENT_ADDED"", ""HAS_BROWSER_POPUP"", ""HAS_BACKGROUND_PAGE"", ""HAS_SERVICE_WORKER"", ""HAS_HOST_PERMISSIONS"", ""USES_WEB_REQUEST"", ""USES_STORAGE_LOCAL"", ""USES_TABS_API"", ""MINIFIED_CODE""]",,,14.594089375,4,nlllffpgjfkgoagldkdphnabhndmdfom,"{""webRequest"": 7, ""html_lines"": 63, ""storage_local"": 3, ""background_page"": 1, ""content_scripts"": 0, ""dangerous_permissions"": 3, ""host_permissions"": 5, ""crypto_patterns"": 31, ""network_requests"": 9, ""extension_size"": 1, ""api_renames"": 3, ""manifest_changes"": 3, ""file_modifications"": 1, ""webRequest_to_dnr_migrations"": 0}",2026-06-07T15:02:40.612000,2026-06-07T15:02:40.612000,,could_not_test
,Tabliner,,153,no,FALSE,TRUE,FALSE,,,,,,,,,"Fast, keyboard-driven Chrome tab manager

Fast, keyboard-driven tab manager. Jump to the extension with Ctrl+. and close tabs with Backspace! To go back to your original tab, select it and press Enter.

GitHub: https://github.com/uyhcire/tabliner","June 30, 2019",1646264,0.0.3,"[""MANIFEST_MIGRATED"", ""API_RENAMES_APPLIED"", ""BRIDGE_INJECTED"", ""HAS_BROWSER_POPUP"", ""HAS_BACKGROUND_PAGE"", ""HAS_SERVICE_WORKER"", ""HAS_HOST_PERMISSIONS"", ""USES_TABS_API"", ""MINIFIED_CODE""]",,,31.34963275,14,pdhcplbcmmaghpboidnooibhfdnpfipm,"{""webRequest"": 0, ""html_lines"": 19, ""storage_local"": 0, ""background_page"": 1, ""content_scripts"": 0, ""dangerous_permissions"": 1, ""host_permissions"": 1, ""crypto_patterns"": 7, ""network_requests"": 1, ""extension_size"": 48, ""api_renames"": 3, ""manifest_changes"": 3, ""file_modifications"": 1, ""webRequest_to_dnr_migrations"": 0}",2026-06-07T15:03:14.375000,2026-06-07T15:03:14.375000,,yes
,MeetBot,,2245,could_not_test,TRUE,TRUE,TRUE,TRUE,,,,,,,,"Joins your google meets automatically!

Spend less time focusing on keeping keeping your schedule and google meets in order, and focus on what matters. 

Simply enter the link and the start time of the meet, and have your computer join it automatically 2-3 minutes before the start time. The camera and microphone are turned off prior to joining, to prevent any invasion of privacy. The extension keeps track of the day, allowing you to enter your entire week's schedule all at once for future use. Eight meets are able to be entered per day. 

In the event that the google meet has not started, the extension will attempt to join again in about twenty seconds, and will keep doing this until it is able to successfully enter or if the page is closed by the user immediately after the extension opens it. 

User data is stored locally on the user's computer.

Google Meet is a trademark of Google Inc. Use of this trademark is subject to Google Permissions.","December 15, 2020",61880,1.2,"[""MANIFEST_MIGRATED"", ""API_RENAMES_APPLIED"", ""BRIDGE_INJECTED"", ""HAS_BROWSER_POPUP"", ""HAS_BACKGROUND_PAGE"", ""HAS_CONTENT_SCRIPTS"", ""HAS_SERVICE_WORKER"", ""HAS_HOST_PERMISSIONS"", ""USES_STORAGE_LOCAL"", ""USES_TABS_API""]",,,6.956456917,4,ijcicekfknlachmpfckagnhhoedfoeep,"{""webRequest"": 0, ""html_lines"": 861, ""storage_local"": 392, ""background_page"": 1, ""content_scripts"": 1, ""dangerous_permissions"": 1, ""host_permissions"": 2, ""crypto_patterns"": 0, ""network_requests"": 0, ""extension_size"": 2, ""api_renames"": 3, ""manifest_changes"": 3, ""file_modifications"": 0, ""webRequest_to_dnr_migrations"": 0}",2026-06-07T15:03:22.627000,2026-06-07T15:03:22.627000,,could_not_test
,name,Failed to load extension from: /private/var/folders/cb/cw_. The chrome_style option cannot be used with manifest version .,2651,no,FALSE,FALSE,TRUE,TRUE,,,,,,,,"This extension enriches the DBLP website with information about the footprint produced by conferences.

grnDBLP extends DBLP's website with information about the carbon footprint generated by conferences. It is aimed at making the computer science community aware of the environmental impact behind conferences. To do so, it arranges in a map the flights taken by the authors of all the articles in a conference.

grnDBLP relies on third party services to obtain the data needed to calculate the footprint: 
- Scopus (authors affiliation)
- Geocode.xyz, here and locationiq (geocoding)

The extension is currently under development, so we appreciate your feedback.

Privacy policy: http://onekin.org/portal/content/privacy-policy","February 16, 2020",6731857,0.0.3,"[""MANIFEST_MIGRATED"", ""BRIDGE_INJECTED"", ""OFFSCREEN_DOCUMENT_ADDED"", ""HAS_BROWSER_POPUP"", ""HAS_BACKGROUND_PAGE"", ""HAS_CONTENT_SCRIPTS"", ""HAS_SERVICE_WORKER"", ""HAS_HOST_PERMISSIONS"", ""USES_STORAGE_LOCAL"", ""WEBPACK_BUNDLED"", ""MINIFIED_CODE""]",,,5.814739083,3,hhbhcggbfgajhepphiabjejhjcdedcpk,"{""webRequest"": 0, ""html_lines"": 94, ""storage_local"": 8, ""background_page"": 1, ""content_scripts"": 1, ""dangerous_permissions"": 0, ""host_permissions"": 7, ""crypto_patterns"": 413, ""network_requests"": 81, ""extension_size"": 280, ""api_renames"": 3, ""manifest_changes"": 3, ""file_modifications"": 0, ""webRequest_to_dnr_migrations"": 0}",2026-06-07T15:03:37.652000,2026-06-07T15:03:37.652000,,could_not_test
,My Zmanim Monsey,,35,no,FALSE,TRUE,TRUE,FALSE,,,,,,,,"Daily Zmanim!

See daily Zmanim for Monsey N.Y. at your right hand whenever needed.
עלות השחר
  זמן ציצית
  הנץ החמה
  ס""ז שמע
  ס""ז תפילה
  חצות
  מנחה גדולה
  פלג המנחה
  שקיעת החמה	    
  לילה	    
  72 דקות","December 3, 2020",75509,1.0,"[""MANIFEST_MIGRATED"", ""CSP_VALUE_MODIFIED"", ""HAS_BROWSER_POPUP""]",,,13.609469709,,lgaankgifdhicdelppjoccifpgmoealk,"{""webRequest"": 0, ""html_lines"": 41, ""storage_local"": 0, ""background_page"": 0, ""content_scripts"": 0, ""dangerous_permissions"": 0, ""host_permissions"": 0, ""crypto_patterns"": 0, ""network_requests"": 0, ""extension_size"": 0, ""api_renames"": 1, ""manifest_changes"": 3, ""file_modifications"": 0, ""webRequest_to_dnr_migrations"": 0}",2026-06-07T15:03:52.868000,2026-06-07T15:03:52.868000,,no
,千锋自动测评,,53,yes,FALSE,TRUE,TRUE,TRUE,,,,,,,,"千锋H5(@mobiletrain.org&&1000phone.com)，值得拥有！姚帅，老谢，勇哥，婧婧，琳姐，粤玲，老蓝，Lemon...在广州等你来！

千锋IT教育致力于打造中国互联网全产业链人才服务平台，总共开设12大热门学科，每月更新前沿技术，坚持100%纯面授，只为高品质的教学，高成本培养模式，教学大纲紧跟企业需求，拥有全国一体化就业服务，成为一个有情怀、有良心、有品质的IT职业教育机构！","November 7, 2019",50298,6.69,"[""MANIFEST_MIGRATED"", ""CSP_VALUE_MODIFIED"", ""API_RENAMES_APPLIED"", ""HAS_BROWSER_POPUP"", ""HAS_CONTENT_SCRIPTS""]",,,28.713591792,,eipojanlhhffickbpoegkafcpndafgoj,"{""webRequest"": 0, ""html_lines"": 66, ""storage_local"": 0, ""background_page"": 0, ""content_scripts"": 1, ""dangerous_permissions"": 0, ""host_permissions"": 0, ""crypto_patterns"": 0, ""network_requests"": 3, ""extension_size"": 1, ""api_renames"": 1, ""manifest_changes"": 3, ""file_modifications"": 0, ""webRequest_to_dnr_migrations"": 0}",2026-06-07T15:04:22.987000,2026-06-07T15:04:22.987000,,yes
,Pangolin Fake Detector,,100,no,FALSE,TRUE,TRUE,TRUE,,,,,,,,"Fake news detector for all languages..

Contrast the information or news titles displayed in the browser with verification pages to try to detect FAKE NEWS.","April 29, 2020",137216,0.1,"[""MANIFEST_MIGRATED"", ""API_RENAMES_APPLIED"", ""BRIDGE_INJECTED"", ""OFFSCREEN_DOCUMENT_ADDED"", ""HAS_BROWSER_POPUP"", ""HAS_BACKGROUND_PAGE"", ""HAS_SERVICE_WORKER"", ""HAS_HOST_PERMISSIONS""]",,,43.830569083,3,pffkklpbehjpoaeegghbdjfikinmndnd,"{""webRequest"": 0, ""html_lines"": 114, ""storage_local"": 0, ""background_page"": 1, ""content_scripts"": 0, ""dangerous_permissions"": 0, ""host_permissions"": 3, ""crypto_patterns"": 0, ""network_requests"": 1, ""extension_size"": 3, ""api_renames"": 3, ""manifest_changes"": 3, ""file_modifications"": 1, ""webRequest_to_dnr_migrations"": 0}",2026-06-07T15:05:08.463000,2026-06-07T15:05:08.463000,,no
,PC Protect Safe Site,,2304,no,FALSE,TRUE,TRUE,FALSE,,,,,,,,"Safe Site helps block harmful and malicious URLs to improve your internet experience and keep you safe.

PC Protect Safe Site helps block harmful and malicious URL’s allowing you to enjoy your internet experience without any worries. 

Users will also benefit from free domain categorization and security filters to ensure you are protected against malware, deceptive and phishing websites.

You are also provided with quick access tools to open incognito browsing, clear history and cookies.","November 14, 2019",6637486,1.35.0.0,"[""MANIFEST_MIGRATED"", ""CSP_VALUE_MODIFIED"", ""API_RENAMES_APPLIED"", ""BRIDGE_INJECTED"", ""HAS_BROWSER_POPUP"", ""HAS_BACKGROUND_PAGE"", ""HAS_CONTENT_SCRIPTS"", ""HAS_SERVICE_WORKER"", ""HAS_HOST_PERMISSIONS"", ""USES_WEB_REQUEST"", ""USES_STORAGE_LOCAL"", ""USES_TABS_API"", ""WEBPACK_BUNDLED"", ""CONTAINS_EVAL"", ""MINIFIED_CODE""]",https://www.pcprotect.com,,18.209781541,16,hnckgnbicnmpdppjnbchkokjinfhfpla,"{""webRequest"": 97, ""html_lines"": 101, ""storage_local"": 33, ""background_page"": 1, ""content_scripts"": 1, ""dangerous_permissions"": 7, ""host_permissions"": 3, ""crypto_patterns"": 247, ""network_requests"": 38, ""extension_size"": 229, ""api_renames"": 3, ""manifest_changes"": 3, ""file_modifications"": 0, ""webRequest_to_dnr_migrations"": 0}",2026-06-07T15:05:33.057000,2026-06-07T15:05:33.057000,,no
,name,,129,no,FALSE,TRUE,FALSE,,,,,,,,,"Click an icon and turn the page you're on into a wireframe.

I make websites, and sometimes I want to make a site first, then demonstrate its micro-IA separately, without showing a huge level of detail or design fidelity.

This extension lets you click a button and have everything on the page appear low-fidelity. You can then take screenshots and perform other operations in order to export your wires.","March 25, 2020",2254438,1.0.0,"[""MANIFEST_MIGRATED"", ""API_RENAMES_APPLIED"", ""BRIDGE_INJECTED"", ""HAS_BROWSER_POPUP"", ""HAS_BACKGROUND_PAGE"", ""HAS_SERVICE_WORKER"", ""USES_TABS_API""]",,,29.300750708,1,ijanbjhbpglkhncjadppmcnooicdkljd,"{""webRequest"": 0, ""html_lines"": 0, ""storage_local"": 0, ""background_page"": 1, ""content_scripts"": 0, ""dangerous_permissions"": 1, ""host_permissions"": 0, ""crypto_patterns"": 0, ""network_requests"": 0, ""extension_size"": 69, ""api_renames"": 3, ""manifest_changes"": 3, ""file_modifications"": 1, ""webRequest_to_dnr_migrations"": 0}",2026-06-07T15:06:18.074000,2026-06-07T15:06:18.074000,,yes
,Twitter Sanitizer,,55,could_not_test,FALSE,TRUE,TRUE,TRUE,,,,,,,,"Improve your Twitter experience by hiding different features.

This extension allows you to hide different parts of Twitter.

The most notable feature is removing followers, likes and pretty much all numbers. You can also make you feed more compact by removing the action buttons (reply, retweet, like) from each tweet. However, you can still do these actions after clicking on a tweet.

Here's the full list of toggles:

- Sidebars
- Profile counters
- Profile card stats
- Post RTs and likes
- Feed post actions
- Followers you know
- Notification faces","June 26, 2017",29911,1.1,"[""MANIFEST_MIGRATED"", ""BRIDGE_INJECTED"", ""HAS_BROWSER_POPUP"", ""HAS_CONTENT_SCRIPTS""]",,,47.836287417,,jkhpcjlkalgnhlnbjlmbijpnjadbbcpg,"{""webRequest"": 0, ""html_lines"": 103, ""storage_local"": 0, ""background_page"": 0, ""content_scripts"": 1, ""dangerous_permissions"": 0, ""host_permissions"": 0, ""crypto_patterns"": 0, ""network_requests"": 0, ""extension_size"": 0, ""api_renames"": 1, ""manifest_changes"": 3, ""file_modifications"": 0, ""webRequest_to_dnr_migrations"": 0}",2026-06-07T15:07:07.334000,2026-06-07T15:07:07.334000,,could_not_test
,Noisli,,299,no,FALSE,TRUE,TRUE,FALSE,,,,,,,,"Your digital place for focus. Listen to background sounds to mask annoying noises and help you focus while you work, study or relax.

With Noisli you can create and listen to your own personal sound environment in order to help you focus on your tasks, reduce stress, and to help you relax or simply wind down after a stressful day.
Join almost a million other users that use Noisli to be their little companion throughout their day.

The Noisli chrome extension enables you to have quick and easy access to the main functionalities and features of Noisli.com.

Features:
✔ Get inspired by our curated Playlists
✔ Quickly access and play your Favorite Combos
✔ Timer to work in sessions (advanced features for Pro and Business users only)
✔ Master volume control
✔ Easily share your Combos with your friends and co-workers
✔ Shuffle and Oscillation (Pro and Business users only)
✔ Unlimited streaming (Pro and Business users only)
✔ Completed sessions are added to your daily Timer stats (visible on Noisli.com)

See our pricing for the Pro and Business plan (https://www.noisli.com/pricing)

———
By using this extension, you agree to Noisli’s Terms & Privacy (https://about.noisli.com/terms)","November 21, 2020",2768240,2.0.4,"[""MANIFEST_MIGRATED"", ""CSP_VALUE_MODIFIED"", ""BRIDGE_INJECTED"", ""HAS_BROWSER_POPUP"", ""HAS_BACKGROUND_PAGE"", ""HAS_SERVICE_WORKER"", ""HAS_HOST_PERMISSIONS"", ""WEBPACK_BUNDLED"", ""MINIFIED_CODE""]",https://noisli.com,,13.09381775,,ajiemnfobhbjbjlnlgmidkbnejlffmmi,"{""webRequest"": 0, ""html_lines"": 4, ""storage_local"": 0, ""background_page"": 1, ""content_scripts"": 0, ""dangerous_permissions"": 1, ""host_permissions"": 1, ""crypto_patterns"": 26, ""network_requests"": 13, ""extension_size"": 81, ""api_renames"": 3, ""manifest_changes"": 3, ""file_modifications"": 0, ""webRequest_to_dnr_migrations"": 0}",2026-06-07T15:07:24.110000,2026-06-07T15:07:24.110000,,no
,招聘助手,,387,could_not_test,FALSE,TRUE,TRUE,,,,,,,,,"招聘宝下载简历助手

1.一键发布职位，提高职位同步发布至渠道网站的稳定性
2.一键导入简历，主动搜索下载简历，扩大招聘宝简历来源
3.目前支持的渠道网站有51job、智联、猎聘","November 23, 2017",375808,1.18,"[""MANIFEST_MIGRATED"", ""API_RENAMES_APPLIED"", ""BRIDGE_INJECTED"", ""OFFSCREEN_DOCUMENT_ADDED"", ""HAS_BROWSER_POPUP"", ""HAS_BACKGROUND_PAGE"", ""HAS_CONTENT_SCRIPTS"", ""HAS_SERVICE_WORKER"", ""HAS_HOST_PERMISSIONS"", ""USES_STORAGE_LOCAL"", ""USES_TABS_API"", ""MINIFIED_CODE""]",,,17.949678541,5,fbbfeoonjjfkimagopijninbfdddodfh,"{""webRequest"": 0, ""html_lines"": 10, ""storage_local"": 6, ""background_page"": 1, ""content_scripts"": 1, ""dangerous_permissions"": 5, ""host_permissions"": 2, ""crypto_patterns"": 45, ""network_requests"": 20, ""extension_size"": 7, ""api_renames"": 3, ""manifest_changes"": 3, ""file_modifications"": 1, ""webRequest_to_dnr_migrations"": 0}",2026-06-07T15:07:43.715000,2026-06-07T15:07:43.715000,,could_not_test
,Refresh my site!,,35,no,FALSE,TRUE,FALSE,TRUE,,,,,,,,"Refreshes your tabs and keeps site sessions open

Tired of getting logged out of certain sites because of your session expiring/inactivity? This chrome extension will refresh your tabs for you for specified sites and KEEP YOU LOGGED IN! Enjoy!","May 4, 2019",4495,1.0,"[""MANIFEST_MIGRATED"", ""BRIDGE_INJECTED"", ""HAS_BROWSER_POPUP"", ""HAS_CONTENT_SCRIPTS""]",,,24.172435459,,nmecppbaggcpblcfdidlokfnfpljikgj,"{""webRequest"": 0, ""html_lines"": 25, ""storage_local"": 0, ""background_page"": 0, ""content_scripts"": 1, ""dangerous_permissions"": 0, ""host_permissions"": 0, ""crypto_patterns"": 0, ""network_requests"": 0, ""extension_size"": 0, ""api_renames"": 1, ""manifest_changes"": 3, ""file_modifications"": 0, ""webRequest_to_dnr_migrations"": 0}",2026-06-07T15:08:09.201000,2026-06-07T15:08:09.201000,,yes
,Wordstat Manager,,285,no,FALSE,TRUE,TRUE,,,,,,,,,"Помогает работать с ключевыми словами и минус словами на сайте Wordstat.yandex.ru

Wordstat Manager - помогает работать с ключевыми словами и минус словами на сайте Wordstat.yandex.ru.
Расширение создаёт специальный знак ""+"" рабом с ключевым словом, при нажатии на который запрос попадает в список.
При нажатии клавиши ""ctrl"" можно разделить фразу на слова и не отпуская клавиши, нажав на нужно слово, отправить его список минус слов.

После сбора всех необходимых запросов расширение позволяет скопировать списки в буфер обмена. При необходимости можно выбрать копирование с частотностью запросов","July 13, 2021",66990,0.3.1,"[""MANIFEST_MIGRATED"", ""CSP_VALUE_MODIFIED"", ""API_RENAMES_APPLIED"", ""BRIDGE_INJECTED"", ""HAS_BROWSER_POPUP"", ""HAS_BACKGROUND_PAGE"", ""HAS_CONTENT_SCRIPTS"", ""HAS_SERVICE_WORKER"", ""HAS_HOST_PERMISSIONS"", ""USES_STORAGE_LOCAL"", ""MINIFIED_CODE""]",,,11.030767125,3,kbbclhhljmpmfgameocdhefdpmlimegi,"{""webRequest"": 0, ""html_lines"": 0, ""storage_local"": 3, ""background_page"": 1, ""content_scripts"": 1, ""dangerous_permissions"": 0, ""host_permissions"": 1, ""crypto_patterns"": 39, ""network_requests"": 5, ""extension_size"": 1, ""api_renames"": 3, ""manifest_changes"": 3, ""file_modifications"": 1, ""webRequest_to_dnr_migrations"": 0}",2026-06-07T15:08:23.088000,2026-06-07T15:08:23.088000,,could_not_test
,Opal Miner,,31,could_not_test,FALSE,TRUE,TRUE,,,,,,,,,"Exports Opal card data so you can view it in your calendar.

Adds a ""Download iCal"" button in addition to the ""Download PDF"" button on the Opal card activity page. This produces a .ics file which you can then import into your chosen calendar application. 

Updated: now grabs all of your opal history for the selected card. 

You can help - source available at github.com/rkat/opal_miner

Icon by Chris - kingdomofchris.com","September 21, 2014",21483,1.1,"[""MANIFEST_MIGRATED"", ""HAS_CONTENT_SCRIPTS""]",,,29.472431958,,dfgplcpanfdnknbmcaghggjpnllpddik,"{""webRequest"": 0, ""html_lines"": 0, ""storage_local"": 0, ""background_page"": 0, ""content_scripts"": 1, ""dangerous_permissions"": 0, ""host_permissions"": 0, ""crypto_patterns"": 0, ""network_requests"": 1, ""extension_size"": 0, ""api_renames"": 1, ""manifest_changes"": 3, ""file_modifications"": 0, ""webRequest_to_dnr_migrations"": 0}",2026-06-07T15:08:53.787000,2026-06-07T15:08:53.787000,,could_not_test
,TeamBox Alert,,116,could_not_test,FALSE,TRUE,TRUE,TRUE,,,,,,,,,,,1.4.0,"[""MANIFEST_MIGRATED"", ""API_RENAMES_APPLIED"", ""BRIDGE_INJECTED"", ""OFFSCREEN_DOCUMENT_ADDED"", ""HAS_BROWSER_POPUP"", ""HAS_BACKGROUND_PAGE"", ""HAS_CONTENT_SCRIPTS"", ""HAS_SERVICE_WORKER"", ""USES_STORAGE_LOCAL""]",,,39.837679916,2,olpofgjoceeddickmfmomcabjenenigj,"{""webRequest"": 0, ""html_lines"": 34, ""storage_local"": 8, ""background_page"": 1, ""content_scripts"": 1, ""dangerous_permissions"": 0, ""host_permissions"": 0, ""crypto_patterns"": 0, ""network_requests"": 0, ""extension_size"": 8, ""api_renames"": 3, ""manifest_changes"": 3, ""file_modifications"": 0, ""webRequest_to_dnr_migrations"": 0}",2026-06-07T15:09:35.440000,2026-06-07T15:09:35.440000,,could_not_test
,WebSocket King Client,,144,yes,FALSE,TRUE,FALSE,,,,,,,,,"A WebSocket client for testing and debugging connections.

WebSocket king is a a tool designed to assist in developing and debugging WebSocket connections.

Features include:

- A log of all incoming and outgoing messages to and from the WebSocket
- Open multiple connections to the WebSocket
- Save payloads that you commonly use to speed up development
- Multiple tabs to allow you to quickly send different payloads
- Manage and switch between multiple projects from a single interface
- Option to auto-reconnect to the server on disconnection for faster development

Request new features or submit a bug report!
https://github.com/tomlerendu/WebSocket-King-Issues/issues","January 12, 2021",791552,4.0.1,"[""MANIFEST_MIGRATED"", ""API_RENAMES_APPLIED"", ""BRIDGE_INJECTED"", ""HAS_BROWSER_POPUP"", ""HAS_BACKGROUND_PAGE"", ""HAS_SERVICE_WORKER"", ""MINIFIED_CODE""]",https://websocketking.com,,61.1950455,1,knbpcoimkjgfoefdaoidapccpgelemad,"{""webRequest"": 0, ""html_lines"": 1, ""storage_local"": 0, ""background_page"": 1, ""content_scripts"": 0, ""dangerous_permissions"": 0, ""host_permissions"": 0, ""crypto_patterns"": 10, ""network_requests"": 12, ""extension_size"": 13, ""api_renames"": 3, ""manifest_changes"": 3, ""file_modifications"": 1, ""webRequest_to_dnr_migrations"": 0}",2026-06-07T15:11:09.141000,2026-06-07T15:11:09.141000,,yes
,Skip Netflix Intro Auto,,29,could_not_test,TRUE,TRUE,TRUE,,,,,,,,,"Skip Netflix intro automatically.

It is an assistant that allows you to automatically skip the intro part for users who do not want to wait for intro times while watching Netflix videos.

You can save time by installing this plugin.","September 25, 2021",6092,1.0,"[""MANIFEST_MIGRATED"", ""HAS_BROWSER_POPUP"", ""HAS_CONTENT_SCRIPTS""]",,,13.317345375,,pmkfcaeagpolfcahpldamgahghhomjbm,"{""webRequest"": 0, ""html_lines"": 0, ""storage_local"": 0, ""background_page"": 0, ""content_scripts"": 1, ""dangerous_permissions"": 0, ""host_permissions"": 0, ""crypto_patterns"": 0, ""network_requests"": 0, ""extension_size"": 0, ""api_renames"": 1, ""manifest_changes"": 3, ""file_modifications"": 0, ""webRequest_to_dnr_migrations"": 0}",2026-06-07T15:11:23.937000,2026-06-07T15:11:23.937000,,could_not_test
,RAI Replacer,,87,yes,FALSE,TRUE,FALSE,TRUE,,,,,,,,"Replace every USD-like to RAI!

This extension replaces every USD-like string to RAI according to predefined rules and user-defined rules. Moreover, this extension is capable of capturing the numbers around USD-like strings, replacing them to new numbers that more suitable for the RAI context. E.g. 1 USD would be replaced to 0.3 RAI when 1 RAI = 3 USD.","August 26, 2021",203776,0.1.0,"[""MANIFEST_MIGRATED"", ""BRIDGE_INJECTED"", ""HAS_BROWSER_POPUP"", ""HAS_BACKGROUND_PAGE"", ""HAS_CONTENT_SCRIPTS"", ""HAS_SERVICE_WORKER"", ""USES_TABS_API"", ""MINIFIED_CODE""]",,,67.182263708,2,npapjhdlcolfebiednaaogkhbmomfcle,"{""webRequest"": 0, ""html_lines"": 55, ""storage_local"": 0, ""background_page"": 1, ""content_scripts"": 1, ""dangerous_permissions"": 1, ""host_permissions"": 0, ""crypto_patterns"": 1, ""network_requests"": 2, ""extension_size"": 2, ""api_renames"": 3, ""manifest_changes"": 3, ""file_modifications"": 0, ""webRequest_to_dnr_migrations"": 0}",2026-06-07T15:12:32.590000,2026-06-07T15:12:32.590000,,yes
,Hell Rabbits Live,,326,could_not_test,FALSE,TRUE,TRUE,TRUE,,,,,,,,"Ne ratez aucun live de la team ;) !

Ne ratez aucun live de la team Hell Rabbits grâce à l'application !","August 16, 2017",782336,1.6.2,"[""MANIFEST_MIGRATED"", ""API_RENAMES_APPLIED"", ""BRIDGE_INJECTED"", ""OFFSCREEN_DOCUMENT_ADDED"", ""HAS_BROWSER_POPUP"", ""HAS_BACKGROUND_PAGE"", ""HAS_SERVICE_WORKER"", ""HAS_HOST_PERMISSIONS"", ""CONTAINS_EVAL""]",https://hellrabbitsgaming.tv,,15.727353541,2,mflhkebbldohmljnahnalenngfmlbble,"{""webRequest"": 0, ""html_lines"": 42, ""storage_local"": 0, ""background_page"": 1, ""content_scripts"": 0, ""dangerous_permissions"": 0, ""host_permissions"": 1, ""crypto_patterns"": 45, ""network_requests"": 8, ""extension_size"": 12, ""api_renames"": 3, ""manifest_changes"": 3, ""file_modifications"": 2, ""webRequest_to_dnr_migrations"": 0}",2026-06-07T15:12:50.770000,2026-06-07T15:12:50.770000,,could_not_test
,Chanta,,245,no,FALSE,TRUE,FALSE,FALSE,,,,,,,,"Jitta helper in chrome extension

Jitta helper in chrome extension","February 23, 2017",113664,0.2.0,"[""MANIFEST_MIGRATED"", ""HAS_BROWSER_POPUP"", ""HAS_CONTENT_SCRIPTS"", ""HAS_HOST_PERMISSIONS"", ""MINIFIED_CODE""]",,,15.717998833,,gdphgdnpciikoelfiganamhapemjhjdb,"{""webRequest"": 0, ""html_lines"": 28, ""storage_local"": 0, ""background_page"": 0, ""content_scripts"": 1, ""dangerous_permissions"": 0, ""host_permissions"": 1, ""crypto_patterns"": 39, ""network_requests"": 5, ""extension_size"": 1, ""api_renames"": 1, ""manifest_changes"": 3, ""file_modifications"": 0, ""webRequest_to_dnr_migrations"": 0}",2026-06-07T15:13:07.892000,2026-06-07T15:13:07.892000,,no
,Shopee WeAnaly Tool,,4732,no,TRUE,TRUE,TRUE,FALSE,,,,,,,,"Shopee WeAnaly Tool is an easy-to-use analytical tool which provides sellers an in-depth analysis of interested products.

Shopee We Analy tool: a very easy-to-use data analysis tool to help sellers efficiently select and analyze products.
1. Easy to use: Refresh manually (press F5) on any page of shopee to see product related data;
2. The First part:The main data includes the following:
①Date of product Creation;
②Historical sales;
③Historical soaring index;
④Sold/Month;
⑤Sales/Month;
⑥Soaring Index/Month.
3.The second part: Smart recommended product data (Usage method: on the product details page, click on the Bei analysis logo icon in the upper right corner of the browser to see)
①Intelligently recommend the same type of products: easy to sell or find and sell products;
②The soaring index of the similar product in the past 30 days;
③ Sales of the similar product in the past 30 days;
④The similar product for the past 30 days;
⑤ The number of days that the similar product has been on the shelf;
⑥ The latest bid for the similar product:
Conversion index of the similar product: assist in judging the prediction of conversion ratio and expenditure exceeding ratio.","December 9, 2020",686080,1.1.3,"[""MANIFEST_MIGRATED"", ""CSP_VALUE_MODIFIED"", ""BRIDGE_INJECTED"", ""OFFSCREEN_DOCUMENT_ADDED"", ""HAS_BROWSER_POPUP"", ""HAS_BACKGROUND_PAGE"", ""HAS_CONTENT_SCRIPTS"", ""HAS_SERVICE_WORKER"", ""HAS_HOST_PERMISSIONS"", ""USES_STORAGE_LOCAL"", ""USES_TABS_API"", ""WEBPACK_BUNDLED"", ""CONTAINS_EVAL"", ""MINIFIED_CODE""]",,,22.204648125,3,gldgapmekfidghcadcgmcapekmcofipd,"{""webRequest"": 0, ""html_lines"": 68, ""storage_local"": 5, ""background_page"": 1, ""content_scripts"": 1, ""dangerous_permissions"": 1, ""host_permissions"": 1, ""crypto_patterns"": 907, ""network_requests"": 30, ""extension_size"": 30, ""api_renames"": 3, ""manifest_changes"": 3, ""file_modifications"": 0, ""webRequest_to_dnr_migrations"": 0}",2026-06-07T15:13:35.813000,2026-06-07T15:13:35.813000,,could_not_test
,NIFTY 50,,66,could_not_test,FALSE,TRUE,TRUE,,,,,,,,,nse change from last close,"March 16, 2018",26839,1.0.0,"[""MANIFEST_MIGRATED"", ""API_RENAMES_APPLIED"", ""BRIDGE_INJECTED"", ""HAS_BROWSER_POPUP"", ""HAS_BACKGROUND_PAGE"", ""HAS_SERVICE_WORKER"", ""HAS_HOST_PERMISSIONS"", ""USES_TABS_API""]",,,26.595648541,8,nbfgffhkoonlbacmmjampnpjejjjdgpg,"{""webRequest"": 0, ""html_lines"": 2, ""storage_local"": 0, ""background_page"": 1, ""content_scripts"": 0, ""dangerous_permissions"": 1, ""host_permissions"": 1, ""crypto_patterns"": 0, ""network_requests"": 1, ""extension_size"": 0, ""api_renames"": 3, ""manifest_changes"": 3, ""file_modifications"": 1, ""webRequest_to_dnr_migrations"": 0}",2026-06-07T15:14:03.995000,2026-06-07T15:14:03.995000,,could_not_test
,YAKjs context menu,,60,could_not_test,FALSE,TRUE,TRUE,,,,,,,,,"This extension provides a context menu to run local YAKjs commands.

The YAKjs context menu only works with a local installed YAKjs running on the default port.

For more information about YAKjs see www.yakjs.com 

The context menu allows to run commands and presets of your local YAKjs instance.
See http://www.yakjs.com/api/commands.html for more information about the command API.","September 27, 2017",16414,1.1.1.2924,"[""MANIFEST_MIGRATED"", ""OFFSCREEN_DOCUMENT_ADDED"", ""HAS_BACKGROUND_PAGE"", ""HAS_SERVICE_WORKER"", ""WEBPACK_BUNDLED""]",,,28.179849459,1,mknibjeheoldfjfdgpamolimbiikbiop,"{""webRequest"": 0, ""html_lines"": 10, ""storage_local"": 0, ""background_page"": 1, ""content_scripts"": 0, ""dangerous_permissions"": 0, ""host_permissions"": 0, ""crypto_patterns"": 0, ""network_requests"": 1, ""extension_size"": 0, ""api_renames"": 3, ""manifest_changes"": 3, ""file_modifications"": 0, ""webRequest_to_dnr_migrations"": 0}",2026-06-07T15:14:33.480000,2026-06-07T15:14:33.480000,,could_not_test
,Start your search with eBay™ + Right Click,,103,yes,FALSE,TRUE,TRUE,TRUE,,,,,,,,"Start your search with eBay™. Now with 'Right Click' to search eBay tool

Just click the icon to start your search on eBay or 'right click' any text or a link to search directly on eBay.

While set to eBay.com by default, just click your country flag for the extension to remember your country selection. So when you search, its your local eBay site.

The search box stays open, making first the first few searches a lot quicker so you can narrow down your hunt for a bargain in no time. 

ALL the major eBay sites are supported, US, UK, DE, CA, FR, Etc...  

* Your Feedback
Any comments or suggestions welcomed. Email the developer directly at the address to the right.

* Version History

V1.3 - Updated to meet EPN Requirements
V1.1 - Added right click search options (requires more permissions than V1.0)
V1.0 - First release.

* Known Bugs
- None

* This app is not developed by eBay Inc.","April 24, 2020",118784,1.4,"[""MANIFEST_MIGRATED"", ""API_RENAMES_APPLIED"", ""BRIDGE_INJECTED"", ""HAS_BROWSER_POPUP"", ""HAS_BACKGROUND_PAGE"", ""HAS_SERVICE_WORKER"", ""USES_TABS_API""]",https://lastdropofink.co.uk,,37.136703083,3,ccboopnefeainfgehdojfobhckmhgokb,"{""webRequest"": 0, ""html_lines"": 169, ""storage_local"": 0, ""background_page"": 1, ""content_scripts"": 0, ""dangerous_permissions"": 1, ""host_permissions"": 0, ""crypto_patterns"": 0, ""network_requests"": 0, ""extension_size"": 1, ""api_renames"": 3, ""manifest_changes"": 3, ""file_modifications"": 1, ""webRequest_to_dnr_migrations"": 0}",2026-06-07T15:15:12.116000,2026-06-07T15:15:12.116000,,yes
,Shop-in,,1412,no,FALSE,TRUE,FALSE,TRUE,,,,,,,,"바로 담으세요!

Shop-in 사이트의 확장프로그램
쇼핑중 사고싶은 물품을 클릭 한번으로 담아드립니다!

샵인","February 19, 2016",2736783,1.4,"[""MANIFEST_MIGRATED"", ""CSP_VALUE_MODIFIED"", ""API_RENAMES_APPLIED"", ""BRIDGE_INJECTED"", ""HAS_BROWSER_POPUP"", ""USES_TABS_API"", ""MINIFIED_CODE""]",,,22.04711875,,kngmlmkiapjbjanhjdhcmigpbphdiekm,"{""webRequest"": 0, ""html_lines"": 205, ""storage_local"": 0, ""background_page"": 0, ""content_scripts"": 0, ""dangerous_permissions"": 1, ""host_permissions"": 0, ""crypto_patterns"": 248, ""network_requests"": 10, ""extension_size"": 73, ""api_renames"": 1, ""manifest_changes"": 3, ""file_modifications"": 0, ""webRequest_to_dnr_migrations"": 0}",2026-06-07T15:15:37.317000,2026-06-07T15:15:37.317000,,could_not_test
,abctx,,345,yes,FALSE,TRUE,TRUE,TRUE,,,,,,,,"This extension shows widgets that aware browsing contexts.

""abctx"" is an extension for Google Chrome that provides bookmarking feature.
The bookmarks registered in this extension are associated to the corresponding
URL patterns, and are only appearing when the current browsing URL matches the
registered patterns. 

Typical usage of the extension is to store domain-specific bookmarks.
For example, you can bookmark wiki pages on a wiki site even though the wiki 
system does not support bookmarking. The bookmarked wiki pages are only appearing
when you are accessing the wiki site, and do not necessarily require more space 
on the bookmark bar.","February 18, 2014",153600,0.0.1,"[""MANIFEST_MIGRATED"", ""BRIDGE_INJECTED"", ""HAS_BROWSER_POPUP"", ""HAS_CONTENT_SCRIPTS"", ""USES_TABS_API"", ""MINIFIED_CODE""]",,,72.664017083,,haimmmglahdcjolpldbbjdehfcihjlim,"{""webRequest"": 0, ""html_lines"": 169, ""storage_local"": 0, ""background_page"": 0, ""content_scripts"": 1, ""dangerous_permissions"": 2, ""host_permissions"": 0, ""crypto_patterns"": 50, ""network_requests"": 7, ""extension_size"": 4, ""api_renames"": 1, ""manifest_changes"": 3, ""file_modifications"": 0, ""webRequest_to_dnr_migrations"": 0}",2026-06-07T15:16:51.365000,2026-06-07T15:16:51.365000,,yes
,Search splunk,,32,yes,FALSE,TRUE,TRUE,TRUE,,,,,,,,"This extension help you search questions and apps in splunk answers and splunk base.

This extension helps you search questions and apps in splunk answers and splunk base.  
Github repo: https://github.com/EcutDavid/browser_plugin_search_splunk","March 13, 2017",19169,0.2,"[""MANIFEST_MIGRATED"", ""API_RENAMES_APPLIED"", ""HAS_BROWSER_POPUP""]",,,26.057924042,,ofngeedihalecgbjodmejpdfndcahlil,"{""webRequest"": 0, ""html_lines"": 28, ""storage_local"": 0, ""background_page"": 0, ""content_scripts"": 0, ""dangerous_permissions"": 0, ""host_permissions"": 0, ""crypto_patterns"": 0, ""network_requests"": 0, ""extension_size"": 0, ""api_renames"": 1, ""manifest_changes"": 3, ""file_modifications"": 0, ""webRequest_to_dnr_migrations"": 0}",2026-06-07T15:17:18.899000,2026-06-07T15:17:18.899000,,yes
,name,,67,could_not_test,FALSE,TRUE,TRUE,,,,,,,,,"Extension for downloading EPUB and MP3 books from Kitap.kz

Books downloaded by extension are for reference only. Please delete the books immediately after viewing them.","November 20, 2019",14796,1.4,"[""MANIFEST_MIGRATED"", ""API_RENAMES_APPLIED"", ""BRIDGE_INJECTED"", ""HAS_BROWSER_POPUP"", ""HAS_BACKGROUND_PAGE"", ""HAS_CONTENT_SCRIPTS"", ""HAS_SERVICE_WORKER"", ""HAS_HOST_PERMISSIONS""]",,,45.986025125,2,heenegfokphjkmogeccbaindjjnpijck,"{""webRequest"": 0, ""html_lines"": 0, ""storage_local"": 0, ""background_page"": 1, ""content_scripts"": 1, ""dangerous_permissions"": 1, ""host_permissions"": 1, ""crypto_patterns"": 0, ""network_requests"": 0, ""extension_size"": 0, ""api_renames"": 3, ""manifest_changes"": 3, ""file_modifications"": 1, ""webRequest_to_dnr_migrations"": 0}",2026-06-07T15:21:43.390000,2026-06-07T15:21:43.390000,,could_not_test
,Word Count,,206,yes,FALSE,TRUE,TRUE,TRUE,,,,,,,,"Get a word count on some things right quick

Small popup in the upper right corner that will let you define a range for a word count on short essays. The icon is a horse because horses count. The horse has a sombrero because it'll count your essay, ese!","September 24, 2017",67921,1.3.0,"[""MANIFEST_MIGRATED"", ""CSP_VALUE_MODIFIED"", ""BRIDGE_INJECTED"", ""HAS_BROWSER_POPUP"", ""MINIFIED_CODE""]",,,32.055704209,,nkdepmnfhdjfbebdfpahbnhfafmglidi,"{""webRequest"": 0, ""html_lines"": 61, ""storage_local"": 0, ""background_page"": 0, ""content_scripts"": 0, ""dangerous_permissions"": 0, ""host_permissions"": 0, ""crypto_patterns"": 31, ""network_requests"": 5, ""extension_size"": 1, ""api_renames"": 1, ""manifest_changes"": 3, ""file_modifications"": 0, ""webRequest_to_dnr_migrations"": 0}",2026-06-07T15:23:42.508000,2026-06-07T15:23:42.508000,,yes
,Welcome to the internet,,26,yes,FALSE,TRUE,TRUE,,,,,,,,,,,,0.0.0.1,"[""MANIFEST_MIGRATED"", ""NEW_TAB_OVERRIDE""]",,,12.746472958,,decefkmlddohiggelbifkoaobjekalhj,"{""webRequest"": 0, ""html_lines"": 5, ""storage_local"": 0, ""background_page"": 0, ""content_scripts"": 0, ""dangerous_permissions"": 0, ""host_permissions"": 0, ""crypto_patterns"": 0, ""network_requests"": 0, ""extension_size"": 0, ""api_renames"": 1, ""manifest_changes"": 3, ""file_modifications"": 0, ""webRequest_to_dnr_migrations"": 0}",2026-06-07T15:23:57.071000,2026-06-07T15:23:57.071000,,yes
,AlphaQuotes Motivational Quotes New Tab,"Voss is the seventeenth collection by British fashion designer Alexander McQueen, made for the Spring/Summer ",467,no,FALSE,FALSE,TRUE,,,,,,,,,"Inspiration every time you make a new tab.  For hackers, designers, and those who build awesome things.  For free.  Forever.

Randomized inspirational quotes, beautiful typography, and Facebook-inspired design--you'll love it!","October 30, 2013",293888,0.0.4,"[""MANIFEST_MIGRATED"", ""API_RENAMES_APPLIED"", ""BRIDGE_INJECTED"", ""HAS_BACKGROUND_PAGE"", ""HAS_CONTENT_SCRIPTS"", ""HAS_SERVICE_WORKER"", ""NEW_TAB_OVERRIDE"", ""CONTAINS_EVAL"", ""MINIFIED_CODE""]",https://alphaquot.es,,10.112968375,1,baoehcinncafahkhefhjanpoiikmfccl,"{""webRequest"": 0, ""html_lines"": 27, ""storage_local"": 0, ""background_page"": 1, ""content_scripts"": 1, ""dangerous_permissions"": 0, ""host_permissions"": 0, ""crypto_patterns"": 72, ""network_requests"": 15, ""extension_size"": 9, ""api_renames"": 3, ""manifest_changes"": 3, ""file_modifications"": 1, ""webRequest_to_dnr_migrations"": 0}",2026-06-07T15:24:11.885000,2026-06-07T15:24:11.885000,,yes
,FCS Tech Deck,,48,yes,FALSE,TRUE,TRUE,TRUE,,,,,,,,"One stop shop for all your FCS Tech needs.

The FCS Tech Deck is a place where teachers and students can access programs, ask questions and schedule time from the Tech Coach.","March 15, 2020",30863,1.0,"[""MANIFEST_MIGRATED"", ""CSP_VALUE_MODIFIED"", ""HAS_BROWSER_POPUP""]",,,29.102397417,,fidhdfmgfljaobonlfcjeidncgfhlnfi,"{""webRequest"": 0, ""html_lines"": 91, ""storage_local"": 0, ""background_page"": 0, ""content_scripts"": 0, ""dangerous_permissions"": 0, ""host_permissions"": 0, ""crypto_patterns"": 0, ""network_requests"": 0, ""extension_size"": 0, ""api_renames"": 1, ""manifest_changes"": 3, ""file_modifications"": 0, ""webRequest_to_dnr_migrations"": 0}",2026-06-07T15:24:46.143000,2026-06-07T15:24:46.143000,,yes
,Print Lazada for Jubelio,,39,no,FALSE,TRUE,FALSE,TRUE,,,,,,,,,,,1.2,"[""MANIFEST_MIGRATED"", ""API_RENAMES_APPLIED"", ""HAS_BROWSER_POPUP"", ""HAS_HOST_PERMISSIONS"", ""USES_TABS_API"", ""MINIFIED_CODE""]",,,13.091597666,,npadfkcikbkgpigkpfniolgogmiijoll,"{""webRequest"": 0, ""html_lines"": 23, ""storage_local"": 0, ""background_page"": 0, ""content_scripts"": 0, ""dangerous_permissions"": 1, ""host_permissions"": 1, ""crypto_patterns"": 0, ""network_requests"": 0, ""extension_size"": 0, ""api_renames"": 1, ""manifest_changes"": 3, ""file_modifications"": 1, ""webRequest_to_dnr_migrations"": 0}",2026-06-07T15:25:00.784000,2026-06-07T15:25:00.784000,,could_not_test
,search popsike.com,,103,could_not_test,TRUE,TRUE,TRUE,TRUE,,,,,,,,"for any eBay vinyl record, check prices on popsike.com

Are you looking at a vinyl record on eBay and wondering about the value ? With a click on the icon you will see a list of similar search terms with prices, taken from the popsike.com website. This gives you a quick overview - for more details, click on the listed items and you will be taken to the popsike.com website (in a new window).","September 13, 2017",49305,1.2,"[""MANIFEST_MIGRATED"", ""BRIDGE_INJECTED"", ""HAS_BROWSER_POPUP"", ""HAS_BACKGROUND_PAGE"", ""HAS_CONTENT_SCRIPTS"", ""HAS_SERVICE_WORKER"", ""USES_TABS_API"", ""MINIFIED_CODE""]",https://www.popsike.com,,35.017569542,2,nlkpljkacgmblcgjappckgbekaljfnjk,"{""webRequest"": 0, ""html_lines"": 156, ""storage_local"": 0, ""background_page"": 1, ""content_scripts"": 1, ""dangerous_permissions"": 1, ""host_permissions"": 0, ""crypto_patterns"": 0, ""network_requests"": 1, ""extension_size"": 0, ""api_renames"": 3, ""manifest_changes"": 3, ""file_modifications"": 0, ""webRequest_to_dnr_migrations"": 0}",2026-06-07T15:25:37.214000,2026-06-07T15:25:37.214000,,could_not_test
,Pitch shifter - HTML5 Video audio FX,,48,yes,FALSE,TRUE,TRUE,TRUE,,,,,,,,"Pitch shift the audio in HTML5 videos on any webpage, e.g., YouTube

# Now fixed for Facebook and YouTube, plugin should handle new videos loading in and changing  #

Pitch shifts audio from HTML5 Video sources on a page, without changing the playback rate (unless you want it to).

Potential use cases:

Fixing the voice of a too whiney youtuber.

A satanic version favourite movie clip.

Or a chipmunk remix of a legendary rap song.

Does NOT save any of your data to a remote server.
Does NOT load the pitch shifter on webpage until you enable it (won't needlessly slow your computer down).

Troubleshooting
---------------

If you get no audio from the video it may be that the video is an ad from a different site and the CORS policy prevents us from altering the sound. We're looking at ways of detecting this.

---

v1.5 8 Feb 2017
- Fixed bug no pitch-shifting bug on Chrome 56. Seems there was an API change/fix so thath AudioParam.setTargetAtTime(target, startTime, timeConstant) required startTime to use the currentTime from the Audio Context, not a relative time (we were using 0).

Change log:
v1.4 15 Feb 2016
- Range of semitones is -24/+24, which gives the same range as the ""smooth"" option, and is the same range as v1.2

v1.3 12 Feb 2016
- Fix issue with pitch shifting in tones not semitones. Thanks for the bug report guys!

v1.2 27 Oct 2015
- Pitch shift by semi-tones, experimental feature. Change mode using select box between classic smooth and new semi-tones.
- Fix bug where playback rate was not persisted when a video changed.

---

Nerdy stuff:

Uses Chris Wilso's Pitch Shift effect: https://github.com/cwilso/Audio-Input-Effects

Tonal pitch shift is based off statical ""line of best fit"" from mmckegg: https://github.com/mmckegg/soundbank-pitch-shift
Source code: https://github.com/foxdog-studios/pitch-shifter-chrome-extension","February 7, 2021",13588,1.6,"[""MANIFEST_MIGRATED"", ""BRIDGE_INJECTED"", ""HAS_BROWSER_POPUP"", ""HAS_CONTENT_SCRIPTS"", ""USES_TABS_API""]",https://foxdogstudios.com,,57.261665375,1,omdlklpilnmdfldondodhieojpkodndi,"{""webRequest"": 0, ""html_lines"": 62, ""storage_local"": 0, ""background_page"": 0, ""content_scripts"": 1, ""dangerous_permissions"": 1, ""host_permissions"": 0, ""crypto_patterns"": 0, ""network_requests"": 0, ""extension_size"": 0, ""api_renames"": 1, ""manifest_changes"": 3, ""file_modifications"": 0, ""webRequest_to_dnr_migrations"": 0}",2026-06-07T15:26:35.991000,2026-06-07T15:26:35.991000,,yes
,Just Launched,,79,could_not_test,FALSE,TRUE,TRUE,,,,,,,,,"Get notified instantly when new technology products launch

Just Launched is a Chrome extension that monitors the major product launch sites so you don't have to. When a brand new product is launched, be the first to be notified.

Product Hunt, Beta List, Show Hacker News and more.

Never miss a product launch again.

Data taken from http://www.launchfeed.com/

Icons made by Freepik (https://www.flaticon.com/authors/freepik) from https://www.flaticon.com","April 16, 2020",133120,0.0.5,"[""MANIFEST_MIGRATED"", ""API_RENAMES_APPLIED"", ""BRIDGE_INJECTED"", ""HAS_BACKGROUND_PAGE"", ""HAS_SERVICE_WORKER"", ""MINIFIED_CODE""]",,,17.355310416000000,1,baobkpiejapnnmhbpbmmbpkgickpdghh,"{""webRequest"": 0, ""html_lines"": 10, ""storage_local"": 0, ""background_page"": 1, ""content_scripts"": 0, ""dangerous_permissions"": 0, ""host_permissions"": 0, ""crypto_patterns"": 1, ""network_requests"": 7, ""extension_size"": 2, ""api_renames"": 3, ""manifest_changes"": 3, ""file_modifications"": 0, ""webRequest_to_dnr_migrations"": 0}",2026-06-07T15:26:54.995000,2026-06-07T15:26:54.995000,,could_not_test
,SeoVisor,,642,no,FALSE,TRUE,FALSE,TRUE,,,,,,,,"SeoVisor - подробная seo информация про страницу

SeoVisor - расширение позволяющие проверить внутреннюю SEO-оптимизацию страницы. Отлично подойдет для SEO-специалистов, для проверки SEO-оптимизации на сайте перед началом работы над сайтом, а также проверки внедрения SEO-оптимизации на сайт.","February 6, 2021",456704,1.05,"[""MANIFEST_MIGRATED"", ""CSP_VALUE_MODIFIED"", ""API_RENAMES_APPLIED"", ""BRIDGE_INJECTED"", ""OFFSCREEN_DOCUMENT_ADDED"", ""HAS_BROWSER_POPUP"", ""HAS_BACKGROUND_PAGE"", ""HAS_SERVICE_WORKER"", ""USES_TABS_API"", ""CONTAINS_EVAL"", ""MINIFIED_CODE""]",https://bmweb.org,,13.7317205,3,afijdkapacbnmfjkmipdfgnnbfpmmoad,"{""webRequest"": 0, ""html_lines"": 424, ""storage_local"": 0, ""background_page"": 1, ""content_scripts"": 0, ""dangerous_permissions"": 1, ""host_permissions"": 0, ""crypto_patterns"": 90, ""network_requests"": 8, ""extension_size"": 10, ""api_renames"": 3, ""manifest_changes"": 3, ""file_modifications"": 1, ""webRequest_to_dnr_migrations"": 0}",2026-06-07T15:27:10.523000,2026-06-07T15:27:10.523000,,could_not_test
,ShopOrama Tool - Eagle Media,Failed to load extension from: /private/var/folders/cb/cw_. The chrome_style option cannot be used with manifest version .,121,no,FALSE,FALSE,TRUE,TRUE,,,,,,,,"ShopOrama Tool - Udviklet af Eagle Media

Hurtig overblik
Ordre notifikationer / Antal ordre
Teksteditor fuktioner:
- Dark mode
- Sticky toolbar
- Ord tælling
- Indsættelse af billeder
- AI via højreklik (Bruger ShopOrama endpoint)","August 25, 2024",99840,1.9.7,"[""MANIFEST_MIGRATED"", ""API_RENAMES_APPLIED"", ""BRIDGE_INJECTED"", ""HAS_BROWSER_POPUP"", ""HAS_BACKGROUND_PAGE"", ""HAS_CONTENT_SCRIPTS"", ""HAS_SERVICE_WORKER"", ""HAS_HOST_PERMISSIONS"", ""MINIFIED_CODE""]",https://eaglemedia.dk,,4.971600083,,bedodokiampcckckeodkpdhchmgbleff,"{""webRequest"": 0, ""html_lines"": 151, ""storage_local"": 0, ""background_page"": 1, ""content_scripts"": 1, ""dangerous_permissions"": 0, ""host_permissions"": 2, ""crypto_patterns"": 0, ""network_requests"": 7, ""extension_size"": 2, ""api_renames"": 3, ""manifest_changes"": 3, ""file_modifications"": 1, ""webRequest_to_dnr_migrations"": 0}",2026-06-07T15:27:20.007000,2026-06-07T15:27:20.007000,,could_not_test
,name,,62,yes,FALSE,TRUE,TRUE,TRUE,,,,,,,,"Расширение, которое добавляет небольшие изменения для сайта football.ua

Расширение вносит изменения в дизайн сайта football.ua:
Замена ссылок на страницы с новым дизайном Лиги Чемпионов и Чемпионата Европы (ссылками на 'обычный' дизайн сайта)
Возможность спрятать новости с ресурса isport
Счётчик комментариев рядом с названием новости/галереи/матча
Иконки соревнований в списке матчей","February 19, 2020",50769,1.0.8,"[""MANIFEST_MIGRATED"", ""API_RENAMES_APPLIED"", ""BRIDGE_INJECTED"", ""HAS_BROWSER_POPUP"", ""HAS_CONTENT_SCRIPTS"", ""HAS_HOST_PERMISSIONS"", ""USES_TABS_API""]",,,52.316331334,,nfohhgcgdfcifjpjfnaoeookdbgkgbmm,"{""webRequest"": 0, ""html_lines"": 52, ""storage_local"": 0, ""background_page"": 0, ""content_scripts"": 1, ""dangerous_permissions"": 1, ""host_permissions"": 5, ""crypto_patterns"": 0, ""network_requests"": 1, ""extension_size"": 0, ""api_renames"": 1, ""manifest_changes"": 3, ""file_modifications"": 0, ""webRequest_to_dnr_migrations"": 0}",2026-06-07T15:28:16.056000,2026-06-07T15:28:16.056000,,yes
,はてブ Fun,,70,no,FALSE,TRUE,FALSE,TRUE,,,,,,,,,,,1.1,"[""MANIFEST_MIGRATED"", ""API_RENAMES_APPLIED"", ""BRIDGE_INJECTED"", ""OFFSCREEN_DOCUMENT_ADDED"", ""HAS_BROWSER_POPUP"", ""HAS_BACKGROUND_PAGE"", ""HAS_SERVICE_WORKER"", ""HAS_HOST_PERMISSIONS""]",,,14.0725865,5,klclbacdcfigjaiceajinkonnkcgnobc,"{""webRequest"": 0, ""html_lines"": 18, ""storage_local"": 0, ""background_page"": 1, ""content_scripts"": 0, ""dangerous_permissions"": 0, ""host_permissions"": 2, ""crypto_patterns"": 0, ""network_requests"": 1, ""extension_size"": 0, ""api_renames"": 3, ""manifest_changes"": 3, ""file_modifications"": 1, ""webRequest_to_dnr_migrations"": 0}",2026-06-07T15:28:31.354000,2026-06-07T15:28:31.354000,,no
,Bättre Nyheter,Failed to load extension from: /private/var/folders/cb/cw_. The chrome_style option cannot be used with manifest version .,278,no,FALSE,FALSE,TRUE,TRUE,,,,,,,,,,,1.0.13,"[""MANIFEST_MIGRATED"", ""BRIDGE_INJECTED"", ""HAS_BROWSER_POPUP"", ""HAS_CONTENT_SCRIPTS"", ""HAS_HOST_PERMISSIONS"", ""USES_TABS_API"", ""MINIFIED_CODE""]",,,6.551810125,,ffheidicfkochodegnbhiflcllaaefhi,"{""webRequest"": 0, ""html_lines"": 2, ""storage_local"": 0, ""background_page"": 0, ""content_scripts"": 1, ""dangerous_permissions"": 1, ""host_permissions"": 1, ""crypto_patterns"": 45, ""network_requests"": 6, ""extension_size"": 5, ""api_renames"": 1, ""manifest_changes"": 3, ""file_modifications"": 0, ""webRequest_to_dnr_migrations"": 0}",2026-06-07T15:28:43.400000,2026-06-07T15:28:43.400000,,could_not_test
,Karmabot dashboard,,352,yes,FALSE,TRUE,TRUE,,,,,,,,,"Stay on top of your Slack team activity with this Karmabot New Tab dashboard. Sprinkle more karma more often to brighten up the day.

*** Works with Karma bot Slack bot only: Get it from https://karmabot.chat ***

A New Tab dashboard extension for Karmabot.chat, a chat bot that helps to build stronger, happier teams on Slack.
Set long-term goals, track performance and reward excellence.

Nowadays, people often feel unappreciated at work. Karma is on the mission to end that.

We simply help people to say ‘thank you’ more often and connect with each other.
- Share micro-feedback instantly
- Set real-life perks and rewards
- Engage with your team and gain valuable insights
- Analyse appreciation and praise activity through reports
- Reinforce long-term vision and goals
- Enable and propagate your company values

1,000+ teams who use Karma for daily appreciation, recognition and rewards. 100,000+ happy customers, 1M+ karma sent to date.

Notable clients: VMWare, Twitter, Expedia, Toyota, Capgemini, SalesforceIQ, Deloitte Digital, Nintendo, AMD Team, Washington Post, SignalCo, Smartsheet, Red Hat, Inc., Walmart, BuzzFeed, Dropbox, PwC ICC, Hi5 Studios, TLC.
Karma Pro requires a paid subscription and comes with a 30-day free trial.","December 18, 2019",1415577,0.3.9,"[""MANIFEST_MIGRATED"", ""API_RENAMES_APPLIED"", ""BRIDGE_INJECTED"", ""NEW_TAB_OVERRIDE"", ""HAS_HOST_PERMISSIONS"", ""MINIFIED_CODE""]",https://karmabot.chat,,49.550967333,1,maoineplgnaigekhfopdieiahgdjdkam,"{""webRequest"": 0, ""html_lines"": 538, ""storage_local"": 0, ""background_page"": 0, ""content_scripts"": 0, ""dangerous_permissions"": 0, ""host_permissions"": 2, ""crypto_patterns"": 31, ""network_requests"": 6, ""extension_size"": 19, ""api_renames"": 1, ""manifest_changes"": 3, ""file_modifications"": 0, ""webRequest_to_dnr_migrations"": 0}",2026-06-07T15:29:35.384000,2026-06-07T15:29:35.384000,,yes
,Text Tube,,446,yes,FALSE,TRUE,TRUE,TRUE,,,,,,,,"A simple chrome extension to save and copy the content from one location

V1.0.3
*UPDATE*
- Minor bug fixes and better text readability on the extension.

Text Tube is a simple chrome extension that saves you repeated travels from websites to your desired paste locations.   

You can spend more time searching for content and keep all your copied text in one safe place. After you’re done with all your sherlock findings you can copy all the content from the extension at once and paste them to your preferred location.","June 11, 2020",1667235,1.0.3,"[""MANIFEST_MIGRATED"", ""BRIDGE_INJECTED"", ""HAS_BROWSER_POPUP"", ""HAS_BACKGROUND_PAGE"", ""HAS_SERVICE_WORKER"", ""WEBPACK_BUNDLED"", ""MINIFIED_CODE""]",,,24.585580291,1,elkgdelckkldlcejjamdagmbfghichll,"{""webRequest"": 0, ""html_lines"": 15, ""storage_local"": 0, ""background_page"": 1, ""content_scripts"": 0, ""dangerous_permissions"": 0, ""host_permissions"": 0, ""crypto_patterns"": 40, ""network_requests"": 49, ""extension_size"": 89, ""api_renames"": 3, ""manifest_changes"": 3, ""file_modifications"": 0, ""webRequest_to_dnr_migrations"": 0}",2026-06-07T15:30:51.663000,2026-06-07T15:30:51.663000,,yes
,Blinknotes,,159,no,FALSE,TRUE,FALSE,TRUE,,,,,,,,"Use Natural Language Processing to summarize news articles, research papers, blog posts, or long comments.

Return the key sentences in any set of highlighted text.  If no text is selected, it will be applied to the entire article instead.  Adjust the desired length and analysis algorithm through the browser menu.","April 16, 2021",117760,0.0.1.7,"[""MANIFEST_MIGRATED"", ""API_RENAMES_APPLIED"", ""BRIDGE_INJECTED"", ""OFFSCREEN_DOCUMENT_ADDED"", ""HAS_BROWSER_POPUP"", ""HAS_BACKGROUND_PAGE"", ""HAS_SERVICE_WORKER"", ""HAS_HOST_PERMISSIONS"", ""USES_STORAGE_LOCAL"", ""MINIFIED_CODE""]",,,13.10214725,6,mhaofkmdpgjdcecgfmainpjgnfmmhlbl,"{""webRequest"": 0, ""html_lines"": 54, ""storage_local"": 16, ""background_page"": 1, ""content_scripts"": 0, ""dangerous_permissions"": 0, ""host_permissions"": 1, ""crypto_patterns"": 0, ""network_requests"": 2, ""extension_size"": 1, ""api_renames"": 3, ""manifest_changes"": 3, ""file_modifications"": 1, ""webRequest_to_dnr_migrations"": 0}",2026-06-07T15:31:06.610000,2026-06-07T15:31:06.610000,,could_not_test
,Zápisník nabídek práce,,141,could_not_test,TRUE,TRUE,TRUE,TRUE,,,,,,,,"Uložte si vytipované nabídky práce z různých portálů do jednoho seznamu.

Hledáte práci na více portálech a vybíráte z mnoha nabídek práce, které najdete?

Toto rozšíření ohromně zrychluje proces ukládání zajímavých nabídek práce a jejich filtrování.","August 18, 2020",62617,1.0.1,"[""MANIFEST_MIGRATED"", ""BRIDGE_INJECTED"", ""HAS_BROWSER_POPUP"", ""HAS_BACKGROUND_PAGE"", ""HAS_CONTENT_SCRIPTS"", ""HAS_SERVICE_WORKER"", ""USES_STORAGE_LOCAL"", ""MINIFIED_CODE""]",,,25.723151458,1,bkpdohcllhcaejhijbolghcgcdkfacom,"{""webRequest"": 0, ""html_lines"": 103, ""storage_local"": 9, ""background_page"": 1, ""content_scripts"": 1, ""dangerous_permissions"": 0, ""host_permissions"": 0, ""crypto_patterns"": 0, ""network_requests"": 5, ""extension_size"": 1, ""api_renames"": 3, ""manifest_changes"": 3, ""file_modifications"": 0, ""webRequest_to_dnr_migrations"": 0}",2026-06-07T15:31:33.710000,2026-06-07T15:31:33.710000,,could_not_test
,GitHub Code Wrap,,29,no,FALSE,TRUE,FALSE,,,,,,,,,"This is an extension that forces codes wrapping on GitHub (only github.com). It applies to the part written ``` in markdown.

Especially when pasting access logs and error logs on GitHub Issues, they will be displayed long horizontally.
This extension wraps them.","June 20, 2019",3215,1.0.0,"[""MANIFEST_MIGRATED"", ""HAS_CONTENT_SCRIPTS""]",,,49.960101042,,ickpbgkmjodbclmejbijgilcdccminfd,"{""webRequest"": 0, ""html_lines"": 0, ""storage_local"": 0, ""background_page"": 0, ""content_scripts"": 1, ""dangerous_permissions"": 0, ""host_permissions"": 0, ""crypto_patterns"": 0, ""network_requests"": 0, ""extension_size"": 0, ""api_renames"": 1, ""manifest_changes"": 3, ""file_modifications"": 0, ""webRequest_to_dnr_migrations"": 0}",2026-06-07T15:32:25.115000,2026-06-07T15:32:25.115000,,could_not_test
,Etsy - Export payments,,242,could_not_test,FALSE,TRUE,TRUE,TRUE,,,,,,,,"This extension allows to print multiple pages from etsy payments site

...","October 4, 2017",40519,1.0,"[""MANIFEST_MIGRATED"", ""API_RENAMES_APPLIED"", ""HAS_BROWSER_POPUP"", ""USES_TABS_API"", ""MINIFIED_CODE""]",,,11.095126958,,hojdaeaggpookhlhhilkbibkfbnmpgpa,"{""webRequest"": 0, ""html_lines"": 27, ""storage_local"": 0, ""background_page"": 0, ""content_scripts"": 0, ""dangerous_permissions"": 1, ""host_permissions"": 0, ""crypto_patterns"": 39, ""network_requests"": 5, ""extension_size"": 0, ""api_renames"": 1, ""manifest_changes"": 3, ""file_modifications"": 1, ""webRequest_to_dnr_migrations"": 0}",2026-06-07T15:32:37.971000,2026-06-07T15:32:37.971000,,could_not_test
,fraud_alert,,33,no,FALSE,TRUE,FALSE,,,,,,,,,"amazon.co.jpで動く, イラストの無断転用の報告ツール

amazon.co.jpで販売されている一部の商品の中には、無断でイラストを転用している悪質業者が多い。
この拡張パッケージの目的は、無断でイラストを転用された被害者のリンクを参照できるとともに、本来の著作者のもとで商品を購入して欲しい願いのもとにある。

amazon.co.jp上で対象商品のページを開いた際に「ASIN」と呼ばれる商品の識別番号を調べ、悪質商品として登録されているかを検索する。
登録されている場合、上位に警告文が表示される。
登録されていない場合、登録するかどうかの案内が表示される。","January 5, 2021",6041,1.00,"[""MANIFEST_MIGRATED"", ""HAS_CONTENT_SCRIPTS""]",,,40.267913875,,banegighfdcacilmkahdjhgjgbciafmk,"{""webRequest"": 0, ""html_lines"": 0, ""storage_local"": 0, ""background_page"": 0, ""content_scripts"": 1, ""dangerous_permissions"": 0, ""host_permissions"": 0, ""crypto_patterns"": 0, ""network_requests"": 2, ""extension_size"": 0, ""api_renames"": 1, ""manifest_changes"": 3, ""file_modifications"": 0, ""webRequest_to_dnr_migrations"": 0}",2026-06-07T15:33:22.101000,2026-06-07T15:33:22.101000,,could_not_test
,YouTube Tab Switch,,104,no,FALSE,TRUE,FALSE,TRUE,,,,,,,,"No matter how many YouTube video tabs are open, YouTube Tab Switch ensures that only one video is always playing

No matter how many YouTube video tabs are open, YouTube Tab Switch ensures that one (and only one) video is always playing! Ever had to constantly switch between multiple YouTube video tabs when pausing a tutorial to play some music while taking notes? Ever open a new video tabs to watch later, only to lose track and have a cacophony of audio? This Extension helps you focus on the video YOU want to watch with two core functions:
1. When you play a YouTube video, all other YouTube videos on different tabs and windows are paused.
2. When you pause a video, the most-recently played video plays automatically in the background, allowing you to have a constant stream of sound","January 28, 2020",710656,1.0,"[""MANIFEST_MIGRATED"", ""BRIDGE_INJECTED"", ""HAS_BROWSER_POPUP"", ""HAS_BACKGROUND_PAGE"", ""HAS_CONTENT_SCRIPTS"", ""HAS_SERVICE_WORKER"", ""HAS_HOST_PERMISSIONS"", ""USES_TABS_API"", ""MINIFIED_CODE""]",,,145.751225417,3,ldigknfdafjbnbdadlfdfampapmdhhfo,"{""webRequest"": 0, ""html_lines"": 61, ""storage_local"": 0, ""background_page"": 1, ""content_scripts"": 1, ""dangerous_permissions"": 1, ""host_permissions"": 1, ""crypto_patterns"": 0, ""network_requests"": 5, ""extension_size"": 14, ""api_renames"": 3, ""manifest_changes"": 3, ""file_modifications"": 0, ""webRequest_to_dnr_migrations"": 0}",2026-06-07T15:35:49.733000,2026-06-07T15:35:49.733000,,could_not_test
,codeplug.in [Generic Version],,64,no,FALSE,TRUE,TRUE,FALSE,,,,,,,,"Activa automáticamente el plugin Adobe Flash para OrbitFenix

Activa automáticamente el plugin Adobe Flash para OrbitFenix
Activa automáticamente el plugin Adobe Flash para OrbitFenix
Con esta extensión, olvídate de tener que estar dando permisos para activar Adobe Flash Player cada vez que entras a OrbitFenix. ¡Lo hace todo automáticamente!
y mejora la jugabilidad.


Automatically activates the Adobe Flash plugin for OrbitFenix
Automatically activates the Adobe Flash plugin for OrbitFenix
With this extension, forget about having to give permissions to activate Adobe Flash Player every time you enter OrbitFenix. It does everything automatically!
and improves gameplay.","August 28, 2020",540672,1.1.0,"[""MANIFEST_MIGRATED"", ""BRIDGE_INJECTED"", ""HAS_BROWSER_POPUP"", ""HAS_BACKGROUND_PAGE"", ""HAS_SERVICE_WORKER""]",https://orbitfenix.es,,11.820421541,1,iekallpaneiiojokfppnpckdebnkeidj,"{""webRequest"": 0, ""html_lines"": 16, ""storage_local"": 0, ""background_page"": 1, ""content_scripts"": 0, ""dangerous_permissions"": 0, ""host_permissions"": 0, ""crypto_patterns"": 0, ""network_requests"": 0, ""extension_size"": 5, ""api_renames"": 3, ""manifest_changes"": 3, ""file_modifications"": 0, ""webRequest_to_dnr_migrations"": 0}",2026-06-07T15:36:03.959000,2026-06-07T15:36:03.959000,,yes
,OrbitFenix Flash Enabler,,64,no,TRUE,TRUE,FALSE,TRUE,,,,,,,,"Activa automáticamente el plugin Adobe Flash para OrbitFenix

Activa automáticamente el plugin Adobe Flash para OrbitFenix
Activa automáticamente el plugin Adobe Flash para OrbitFenix
Con esta extensión, olvídate de tener que estar dando permisos para activar Adobe Flash Player cada vez que entras a OrbitFenix. ¡Lo hace todo automáticamente!
y mejora la jugabilidad.


Automatically activates the Adobe Flash plugin for OrbitFenix
Automatically activates the Adobe Flash plugin for OrbitFenix
With this extension, forget about having to give permissions to activate Adobe Flash Player every time you enter OrbitFenix. It does everything automatically!
and improves gameplay.","August 28, 2020",540672,1.1.0,"[""MANIFEST_MIGRATED"", ""BRIDGE_INJECTED"", ""HAS_BROWSER_POPUP"", ""HAS_BACKGROUND_PAGE"", ""HAS_SERVICE_WORKER""]",https://orbitfenix.es,,10.439547375,1,fbgikljdagbanfgiimachifckbdnmnlf,"{""webRequest"": 0, ""html_lines"": 16, ""storage_local"": 0, ""background_page"": 1, ""content_scripts"": 0, ""dangerous_permissions"": 0, ""host_permissions"": 0, ""crypto_patterns"": 0, ""network_requests"": 0, ""extension_size"": 5, ""api_renames"": 3, ""manifest_changes"": 3, ""file_modifications"": 0, ""webRequest_to_dnr_migrations"": 0}",2026-06-07T15:36:33.412000,2026-06-07T15:36:33.412000,,could_not_test
,Pinterest画像ダウンローダー,,117,could_not_test,FALSE,TRUE,TRUE,TRUE,,,,,,,,,,,1.1.0,"[""MANIFEST_MIGRATED"", ""CSP_VALUE_MODIFIED"", ""BRIDGE_INJECTED"", ""HAS_BROWSER_POPUP"", ""HAS_BACKGROUND_PAGE"", ""HAS_CONTENT_SCRIPTS"", ""HAS_SERVICE_WORKER"", ""MINIFIED_CODE""]",,,24.507130917,6,fomboakkmhgboiepipehgiblbpkhicjf,"{""webRequest"": 0, ""html_lines"": 2, ""storage_local"": 0, ""background_page"": 1, ""content_scripts"": 1, ""dangerous_permissions"": 0, ""host_permissions"": 0, ""crypto_patterns"": 10, ""network_requests"": 1, ""extension_size"": 5, ""api_renames"": 3, ""manifest_changes"": 3, ""file_modifications"": 0, ""webRequest_to_dnr_migrations"": 0}",2026-06-07T15:37:02.118000,2026-06-07T15:37:02.118000,,could_not_test
,Omnivox Dark Theme,Website doesn't exist but four o' four page is black,32,yes,FALSE,TRUE,TRUE,,,,,,,,,"Omnivox Dark Theme by moukdot

Dark theme for Omnivox 

Thème sombre pour Omnivox

https://github.com/moukdot/omnivox-dark","May 7, 2021",13486,0.0.4,"[""MANIFEST_MIGRATED"", ""BRIDGE_INJECTED"", ""HAS_CONTENT_SCRIPTS"", ""HAS_HOST_PERMISSIONS""]",https://mouk.dev,,43.897245125,,kogangejpnmblpiffnapjdebdpkonoff,"{""webRequest"": 0, ""html_lines"": 0, ""storage_local"": 0, ""background_page"": 0, ""content_scripts"": 1, ""dangerous_permissions"": 0, ""host_permissions"": 1, ""crypto_patterns"": 0, ""network_requests"": 0, ""extension_size"": 0, ""api_renames"": 1, ""manifest_changes"": 3, ""file_modifications"": 0, ""webRequest_to_dnr_migrations"": 0}",2026-06-07T15:37:47.798000,2026-06-07T15:37:47.798000,,yes
,name,,296,no,FALSE,TRUE,FALSE,TRUE,,,,,,,,"Filter the trends how you like 'em.

Trends v2 for YouTube™ allows you to filter the YouTube™ Trends.

You can either block channels by their channel name/id or by blocking specific buzzwords (e.g. ""Corona""). Beside these possibilities you can also hide ""Creators on the rise"" and trend categories (e.g. ""Music"" or ""Gaming"").

For more information visit the website: https://lars.koelker.dev/extensions/yt-trends-v2/ 


""YouTube"" and the ""YouTube"" logo are registered trademarks of Google, Inc. This extension is not endorsed or affiliated with Google, Inc. or YouTube in any way. Some icons provided by feathericons.com.","November 6, 2023",49643,1.0,"[""MANIFEST_MIGRATED"", ""API_RENAMES_APPLIED"", ""BRIDGE_INJECTED"", ""HAS_BROWSER_POPUP"", ""HAS_BACKGROUND_PAGE"", ""HAS_CONTENT_SCRIPTS"", ""HAS_SERVICE_WORKER"", ""USES_STORAGE_LOCAL"", ""USES_TABS_API""]",https://lars.koelker.dev,,71.005528416,4,pimjgeemhpcfodpeklckmhjeodaiggig,"{""webRequest"": 0, ""html_lines"": 242, ""storage_local"": 32, ""background_page"": 1, ""content_scripts"": 1, ""dangerous_permissions"": 1, ""host_permissions"": 0, ""crypto_patterns"": 0, ""network_requests"": 4, ""extension_size"": 1, ""api_renames"": 3, ""manifest_changes"": 3, ""file_modifications"": 2, ""webRequest_to_dnr_migrations"": 0}",2026-06-07T15:39:01.338000,2026-06-07T15:39:01.338000,,no
,CleanLink,,88,no,FALSE,TRUE,FALSE,TRUE,,,,,,,,,,,0.1.1,"[""MANIFEST_MIGRATED"", ""API_RENAMES_APPLIED"", ""BRIDGE_INJECTED"", ""HAS_BROWSER_POPUP"", ""HAS_BACKGROUND_PAGE"", ""HAS_SERVICE_WORKER"", ""USES_TABS_API""]",,,101.696551625,7,kndnfbmjopkenghimanimafaijmhibac,"{""webRequest"": 0, ""html_lines"": 15, ""storage_local"": 0, ""background_page"": 1, ""content_scripts"": 0, ""dangerous_permissions"": 2, ""host_permissions"": 0, ""crypto_patterns"": 3, ""network_requests"": 0, ""extension_size"": 4, ""api_renames"": 3, ""manifest_changes"": 3, ""file_modifications"": 2, ""webRequest_to_dnr_migrations"": 0}",2026-06-07T15:40:44.611000,2026-06-07T15:40:44.611000,,no
,name,,104,could_not_test,FALSE,TRUE,TRUE,,,,,,,,,"在任意网站拷贝任意内容

拷贝猫。解除网站对内容复制的屏蔽，在任意网站复制内容。CSDN、360DOC等等","January 8, 2023",331776,0.1.4,"[""MANIFEST_MIGRATED"", ""HAS_BROWSER_POPUP"", ""HAS_BACKGROUND_PAGE"", ""HAS_CONTENT_SCRIPTS"", ""HAS_SERVICE_WORKER"", ""MINIFIED_CODE""]",,,16.279663667,,lfogkjopedilanfdgkkdiegmhlbcpelj,"{""webRequest"": 0, ""html_lines"": 18, ""storage_local"": 0, ""background_page"": 1, ""content_scripts"": 1, ""dangerous_permissions"": 0, ""host_permissions"": 0, ""crypto_patterns"": 5, ""network_requests"": 2, ""extension_size"": 11, ""api_renames"": 3, ""manifest_changes"": 3, ""file_modifications"": 0, ""webRequest_to_dnr_migrations"": 0}",2026-06-07T15:41:02.708000,2026-06-07T15:41:02.708000,,could_not_test
,Ticket Master Data,,195,could_not_test,TRUE,TRUE,TRUE,TRUE,,,,,,,,"TRT's TM/LV Tool, for members only

The Ticket Resale Team counter provides users information about how a specific event is selling. This information helps members in many ways.
The extension provides members with the amount of tickets remaining for an event. This allows members to decide if they should purchase this event or not. Having information on how many tickets are left really helps our users. This extension provides information for ticketmaster events","October 8, 2021",208896,1.1.1,"[""MANIFEST_MIGRATED"", ""API_RENAMES_APPLIED"", ""BRIDGE_INJECTED"", ""HAS_BROWSER_POPUP"", ""HAS_HOST_PERMISSIONS"", ""CONTAINS_EVAL"", ""MINIFIED_CODE""]",https://ticketresaleteam.com,,11.178524583,1,hafpbfgcfiaphbmmagehgpcjkbebfofp,"{""webRequest"": 0, ""html_lines"": 95, ""storage_local"": 0, ""background_page"": 0, ""content_scripts"": 0, ""dangerous_permissions"": 0, ""host_permissions"": 17, ""crypto_patterns"": 15, ""network_requests"": 7, ""extension_size"": 4, ""api_renames"": 1, ""manifest_changes"": 3, ""file_modifications"": 1, ""webRequest_to_dnr_migrations"": 0}",2026-06-07T15:41:15.437000,2026-06-07T15:41:15.437000,,could_not_test
,Clarify Facebook's privacy options,,29,could_not_test,FALSE,TRUE,TRUE,,,,,,,,,"Clarifies privacy options in Facebook. Read more: http://en.wikipedia.org/wiki/PRISM_(surveillance_program)

Fork on GitHub: https://github.com/Hrant-Khachatrian/ChromeExtensionFacebookPrivacyOptions/","June 11, 2013",3112,0.5,"[""MANIFEST_MIGRATED"", ""HAS_CONTENT_SCRIPTS""]",https://unicodenow.com,,35.287430167,,mboadjigkfhgnhdcicgicafjmbkfijcl,"{""webRequest"": 0, ""html_lines"": 0, ""storage_local"": 0, ""background_page"": 0, ""content_scripts"": 1, ""dangerous_permissions"": 0, ""host_permissions"": 0, ""crypto_patterns"": 0, ""network_requests"": 0, ""extension_size"": 0, ""api_renames"": 1, ""manifest_changes"": 3, ""file_modifications"": 0, ""webRequest_to_dnr_migrations"": 0}",2026-06-07T15:41:52.344000,2026-06-07T15:41:52.344000,,could_not_test
,AtCoder VirtualContest-Connect,,75,no,FALSE,TRUE,TRUE,FALSE,,,,,,,,"AtCoderのバーチャル参加を疑似的に本番と繋げます

※本拡張機能は非公式です。ご利用は自己責任でお願いします。

VCCはバーチャルコンテストの成績をコンテスト本番で取った場合の成績を表示します。
ポップアップを使うことで問題ページやAtCoder以外のページでも残り時間やスコア、成績を確認することができます。

現在の機能：
バーチャル順位表ページの上部
・バーチャルコンテスト中に、現在のスコアがコンテスト本番でどのような順位/Perfになるかをリアルタイム的に表示
・バーチャルコンテストで取ったスコアが最終的にどのような順位/Perfになるかを表示(非表示可)
・これらの情報をRatedのみと全ての参加者での表示の切り替えボタン
・最終的な成績のツイートボタン

拡張機能のポップアップ（ブラウザの拡張機能アイコンをクリック）
・バーチャル順位表の情報に加え、残り時間, スコア, 時間を表示

バーチャル参加ページ
・バーチャル参加のツイートボタン

お知らせ
・'現在の順位'の変動をよりコンテスト本番での動きに近づけました。


ソースコード：https://github.com/kiruto398/Atcoder-VirtualContest-connect
連絡先：https://twitter.com/whileTrue398","May 2, 2022",90767,1.1.3.1,"[""MANIFEST_MIGRATED"", ""BRIDGE_INJECTED"", ""HAS_BROWSER_POPUP"", ""HAS_BACKGROUND_PAGE"", ""HAS_CONTENT_SCRIPTS"", ""HAS_SERVICE_WORKER""]",,,25.899719,2,jpginnjealbknnbgnklknalagkdmlpag,"{""webRequest"": 0, ""html_lines"": 37, ""storage_local"": 0, ""background_page"": 1, ""content_scripts"": 1, ""dangerous_permissions"": 0, ""host_permissions"": 0, ""crypto_patterns"": 0, ""network_requests"": 3, ""extension_size"": 1, ""api_renames"": 3, ""manifest_changes"": 3, ""file_modifications"": 0, ""webRequest_to_dnr_migrations"": 0}",2026-06-07T15:42:19.632000,2026-06-07T15:42:19.632000,,no
,JumpToOSMChangesetAnalyzer,,66,no,FALSE,TRUE,FALSE,TRUE,,,,,,,,"Go and back between OSM, OSMCha and achavi

Jump from OpenStreetMap changeset to changeset analyzer services, OSMCha and achavi.
Only useful for OpenStreetMap validators, maybe.","April 26, 2020",33136,0.2.1,"[""MANIFEST_MIGRATED"", ""API_RENAMES_APPLIED"", ""BRIDGE_INJECTED"", ""HAS_BROWSER_POPUP"", ""HAS_BACKGROUND_PAGE"", ""HAS_SERVICE_WORKER"", ""USES_TABS_API""]",,,66.171937541,1,amlffnkkdaedmndiklgdphaanmcjnlea,"{""webRequest"": 0, ""html_lines"": 2, ""storage_local"": 0, ""background_page"": 1, ""content_scripts"": 0, ""dangerous_permissions"": 2, ""host_permissions"": 0, ""crypto_patterns"": 0, ""network_requests"": 0, ""extension_size"": 0, ""api_renames"": 3, ""manifest_changes"": 3, ""file_modifications"": 2, ""webRequest_to_dnr_migrations"": 0}",2026-06-07T15:43:28.883000,2026-06-07T15:43:28.883000,,could_not_test
,Trump to Individual-1,,29,yes,FALSE,TRUE,TRUE,,,,,,,,,"Trump to Individual-1

A simple Ext to replace Trump with Individual-1 on websites","August 28, 2018",9113,1.0,"[""MANIFEST_MIGRATED"", ""HAS_CONTENT_SCRIPTS""]",,,41.197371792,,epkpilgligfpajldnkmobmpfhddigoch,"{""webRequest"": 0, ""html_lines"": 0, ""storage_local"": 0, ""background_page"": 0, ""content_scripts"": 1, ""dangerous_permissions"": 0, ""host_permissions"": 0, ""crypto_patterns"": 0, ""network_requests"": 0, ""extension_size"": 0, ""api_renames"": 1, ""manifest_changes"": 3, ""file_modifications"": 0, ""webRequest_to_dnr_migrations"": 0}",2026-06-07T15:44:13.375000,2026-06-07T15:44:13.375000,,yes
,Anti67,,68,could_not_test,FALSE,TRUE,TRUE,,,,,,,,,,,,1.0.1,"[""MANIFEST_MIGRATED"", ""BRIDGE_INJECTED"", ""HAS_CONTENT_SCRIPTS"", ""USES_STORAGE_LOCAL"", ""MINIFIED_CODE""]",,,36.295185625,,kdmfcofnhnllmodanmiegbaolallgmbi,"{""webRequest"": 0, ""html_lines"": 53, ""storage_local"": 3, ""background_page"": 0, ""content_scripts"": 1, ""dangerous_permissions"": 0, ""host_permissions"": 0, ""crypto_patterns"": 0, ""network_requests"": 5, ""extension_size"": 1, ""api_renames"": 1, ""manifest_changes"": 3, ""file_modifications"": 0, ""webRequest_to_dnr_migrations"": 0}",2026-06-07T15:44:51.709000,2026-06-07T15:44:51.709000,,could_not_test
,iForum for moders,,30,could_not_test,FALSE,TRUE,TRUE,,,,,,,,,"გაფართოება Forum.ge-ს მომხმარებლებისთვის

iForum მოდერატორებისთვის

დამატებულია მოდერატორებისთვის საჭირო სმაილები","March 12, 2015",78090,3.1.0,"[""MANIFEST_MIGRATED"", ""HAS_CONTENT_SCRIPTS"", ""MINIFIED_CODE""]",,,19.752839125,,mgnicgalaiciajfgaebngkakjeceljkk,"{""webRequest"": 0, ""html_lines"": 0, ""storage_local"": 0, ""background_page"": 0, ""content_scripts"": 1, ""dangerous_permissions"": 0, ""host_permissions"": 0, ""crypto_patterns"": 0, ""network_requests"": 0, ""extension_size"": 1, ""api_renames"": 1, ""manifest_changes"": 3, ""file_modifications"": 0, ""webRequest_to_dnr_migrations"": 0}",2026-06-08T09:31:00.519000,2026-06-08T09:31:00.519000,,could_not_test
,El Toro,,84,no,FALSE,TRUE,FALSE,,,,,,,,,"Find the movies of your choice with El Toro!

This page extension add a button to the address bar when visiting the site imdb.com. Pick a movie, press the El Toro button and a google search with further information shows up in your browser.","November 1, 2013",71229,1.4.1,"[""MANIFEST_MIGRATED"", ""API_RENAMES_APPLIED"", ""BRIDGE_INJECTED"", ""HAS_BROWSER_POPUP"", ""HAS_BACKGROUND_PAGE"", ""HAS_SERVICE_WORKER"", ""HAS_HOST_PERMISSIONS"", ""USES_TABS_API""]",,,43.08017575,3,odpmclpmikghiankflfcholkpflbnffa,"{""webRequest"": 0, ""html_lines"": 82, ""storage_local"": 0, ""background_page"": 1, ""content_scripts"": 0, ""dangerous_permissions"": 1, ""host_permissions"": 1, ""crypto_patterns"": 0, ""network_requests"": 0, ""extension_size"": 0, ""api_renames"": 3, ""manifest_changes"": 3, ""file_modifications"": 1, ""webRequest_to_dnr_migrations"": 0}",2026-06-08T09:31:45.334000,2026-06-08T09:31:45.334000,,could_not_test
,Sendroid,,85,could_not_test,FALSE,TRUE,TRUE,TRUE,,,,,,,,"Easily share text or link from browser to android device.

Sendroid helps you to easily send selected text or link right from your browser to your android device. You can share the received content directly from notification with your favourite sharing app.

There are so many apps that can do that. What is special about this one?
* Sendroid is simple. You don’t even have to open the extension or android app after initial configuration.
* You can pair a maximum of 4 android devices to receive text or link from your browser
* Sendroid doesn’t store your data. Doesn’t ask you to login or sign-up.
* No spamming. You receive only what you share from your browser.
* Send text or links to your android device with a simple right click on your browser in PC.

All you need to do is install the Sendroid application on your android device (Google Play Store link : https://play.google.com/store/apps/details?id=com.atekihcan.sendroid)


Setting up Sendroid Android App
* Install Sendroid on your android device.
* Open Sendroid and it will automatically generate a registration ID for you.
* Mail the registration ID to yourself. Later you will need it to pair your browser and android device.
* Or you can copy the registration ID and use some other channel to get it on your PC.
* You are good to go! Received text or links from your browser will show up in the notification panel.
* Visit settings to turn on/off automatic copying, setting default sharing app etc.

Setting up Sendroid Browser Extension
* Install Sendroid extension on Google Chrome.
* Click the Sendroid icon on the menu bar (top-right corner) of your browser to Sendroid settings panel.
* Click the add button on the Sendroid settings panel.
* Give your device a name and paste the registration ID you got from the Sendroid android app.
* Save your device.
* Go ahead! Right click and send text/links to your added device!

For more information visit : http://atekihcan.github.io/Sendroid/


What's New in 1.0.2
* Fixed device list not retaining on browser restart
* Fixed device list not showing up in context menu after restart","December 30, 2014",121856,1.0.2,"[""MANIFEST_MIGRATED"", ""BRIDGE_INJECTED"", ""OFFSCREEN_DOCUMENT_ADDED"", ""HAS_BROWSER_POPUP"", ""HAS_BACKGROUND_PAGE"", ""HAS_SERVICE_WORKER"", ""HAS_HOST_PERMISSIONS""]",https://atekihcan.github.io,,9.04181075,4,ibchpjahjhifolbghpjgfciabdcdnpid,"{""webRequest"": 0, ""html_lines"": 83, ""storage_local"": 0, ""background_page"": 1, ""content_scripts"": 0, ""dangerous_permissions"": 0, ""host_permissions"": 2, ""crypto_patterns"": 0, ""network_requests"": 1, ""extension_size"": 1, ""api_renames"": 3, ""manifest_changes"": 3, ""file_modifications"": 0, ""webRequest_to_dnr_migrations"": 0}",2026-06-08T09:31:55.679000,2026-06-08T09:31:55.679000,,could_not_test
,Tesco Groceries TPNB Viewer,,271,could_not_test,FALSE,TRUE,TRUE,,,,,,,,,"TPNB lightbox viewer with EAN's

TPNB overlays and lightbox for groceries website. This is an unofficial Tesco app and not maintained.
Please note:
Support for new Tesco Groceries website, old website now depreciated for this tool.  Due to the new website being a single page application the way this tool works is slightly different and will require clicking View TPNBs.","April 24, 2018",219136,4.3,"[""MANIFEST_MIGRATED"", ""API_RENAMES_APPLIED"", ""BRIDGE_INJECTED"", ""HAS_BACKGROUND_PAGE"", ""HAS_CONTENT_SCRIPTS"", ""HAS_SERVICE_WORKER"", ""MINIFIED_CODE""]",,,34.683045166,2,nildjgafogjpahlklpncffffdnljkgbo,"{""webRequest"": 0, ""html_lines"": 15, ""storage_local"": 0, ""background_page"": 1, ""content_scripts"": 1, ""dangerous_permissions"": 0, ""host_permissions"": 0, ""crypto_patterns"": 39, ""network_requests"": 5, ""extension_size"": 3, ""api_renames"": 3, ""manifest_changes"": 3, ""file_modifications"": 0, ""webRequest_to_dnr_migrations"": 0}",2026-06-08T09:32:31.618000,2026-06-08T09:32:31.618000,,could_not_test
,OmniMemo,,68,no,FALSE,TRUE,FALSE,,,,,,,,,"This extension enables you to write memo by typing ""memo <your message>"" in Chrome's Omnibox (the address bar).

This extension enables you to write memo by typing ""memo <your message>"" + Enter in Chrome's Omnibox (the address bar).
If you want to check your memos, please click this extension's icon next to the address bar.","May 22, 2021",45649,1.1,"[""MANIFEST_MIGRATED"", ""API_RENAMES_APPLIED"", ""BRIDGE_INJECTED"", ""HAS_BROWSER_POPUP"", ""HAS_BACKGROUND_PAGE"", ""HAS_SERVICE_WORKER""]",,,27.915906875,3,ppihcnmdofjgblaahomfdmcnpblcbldn,"{""webRequest"": 0, ""html_lines"": 38, ""storage_local"": 0, ""background_page"": 1, ""content_scripts"": 0, ""dangerous_permissions"": 0, ""host_permissions"": 0, ""crypto_patterns"": 0, ""network_requests"": 0, ""extension_size"": 1, ""api_renames"": 3, ""manifest_changes"": 3, ""file_modifications"": 1, ""webRequest_to_dnr_migrations"": 0}",2026-06-08T09:33:00.721000,2026-06-08T09:33:00.721000,,yes
,AcFun Video Download,,121,no,FALSE,TRUE,TRUE,,,,,,,,,"一个用于AcFun的视频下载器。

AcFun Video Download 是一个为AcFun设计的简洁的视频下载器，无需安装任何软件，使用此插件就可直接下载视频。

使用方法
登录->进入播放详情页->下载观看（投蕉左边）->立即下载 （见截图）
下载成功后，视频文件将会保存到浏览器默认下载文件夹。
如果你的电脑不能正常播放后缀名为“.ts”格式的视频，可以下载格式转换软件对视频格式进行转换（推荐转换成“mp4”格式）后再进行播放。

联系作者
如果有任何问题请到 GitHub 发 Issus。
Email：scottxu@scottxublog.com

许可协议
这个项目是一个开源项目，遵循MIT开源协议。进入项目主页可查看协议的完整内容。

免责声明
下载的视频版权归视频所有者所有，除非视频所有者同意，否则下载的视频仅限作离线播放用途。任何未经授权的剪辑和再发布等行为均为侵犯版权的行为，请尊重创作者的劳动成果。
本项目作者对下载者本人因使用此工具下载视频后剪辑、再发布等任何侵权行而产生的法律纠纷概不负责。
请支持正版，本插件不支持下载任何非用户自行发布的内容（番剧、电影等），望谅解。

进入项目主页以查看更多信息。其他浏览器版本可以到项目主页->releases下载。","March 8, 2019",116736,1.0,"[""MANIFEST_MIGRATED"", ""API_RENAMES_APPLIED"", ""HAS_BACKGROUND_PAGE"", ""HAS_CONTENT_SCRIPTS"", ""HAS_SERVICE_WORKER"", ""HAS_HOST_PERMISSIONS"", ""USES_WEB_REQUEST"", ""MINIFIED_CODE""]",,,23.5121355,1,pecflpnngpkbkpplefofhokbjnehcadb,"{""webRequest"": 1, ""html_lines"": 54, ""storage_local"": 0, ""background_page"": 1, ""content_scripts"": 1, ""dangerous_permissions"": 2, ""host_permissions"": 2, ""crypto_patterns"": 2, ""network_requests"": 10, ""extension_size"": 1, ""api_renames"": 3, ""manifest_changes"": 3, ""file_modifications"": 0, ""webRequest_to_dnr_migrations"": 0}",2026-06-08T09:33:25.888000,2026-06-08T09:33:25.888000,,could_not_test
,OP.GG Extension,,731,could_not_test,FALSE,TRUE,TRUE,TRUE,,,,,,,,"Automatically proceed with multi-search, champion analysis, and rune settings to make your games more comfortable.

Switch over to our new & improved Desktop App! [OP.GG for Desktop]
https://bit.ly/3xHik67

* Available in all regions except Korea server.

Chrome extension makes OP.GG easier!
Start using OP.GG automatically. When the game starts, it automatically proceeds with multi-search, champion analysis, and rune settings depending on the situation.
OP.GG Extension is currently in beta testing. We'll take your feedback and come with a better service.


Key features

- Automatic Multi-Search
Now don't need to copy/paste to multi-search.
When the game starts, the summary of your team members will automatically appear on OP.GG.


- Champion Statistics
Check the champion analysis page with the champion that you choose.
Extension will automatically show the champion analysis page when you choose a champion.



- Automatic Rune Settings
If you are having hard time changing rune right before the game starts, check out the automatic rune settings feature.
Extension will automatically set your rune with the most popular one based on our champion analysis data.","May 21, 2021",161792,1.1.8,"[""MANIFEST_MIGRATED"", ""CSP_VALUE_MODIFIED"", ""API_RENAMES_APPLIED"", ""BRIDGE_INJECTED"", ""OFFSCREEN_DOCUMENT_ADDED"", ""HAS_BROWSER_POPUP"", ""HAS_BACKGROUND_PAGE"", ""HAS_SERVICE_WORKER"", ""HAS_HOST_PERMISSIONS"", ""USES_WEB_REQUEST"", ""USES_STORAGE_LOCAL"", ""USES_TABS_API"", ""MINIFIED_CODE""]",,,53.721697334,7,nnfihfihbmgnkeeeebhanhmpojclfpad,"{""webRequest"": 1, ""html_lines"": 816, ""storage_local"": 77, ""background_page"": 1, ""content_scripts"": 0, ""dangerous_permissions"": 2, ""host_permissions"": 5, ""crypto_patterns"": 0, ""network_requests"": 28, ""extension_size"": 3, ""api_renames"": 3, ""manifest_changes"": 3, ""file_modifications"": 1, ""webRequest_to_dnr_migrations"": 0}",2026-06-08T09:34:40.571000,2026-06-08T09:34:40.571000,,could_not_test
,Title URL Clipboarad,,107,could_not_test,TRUE,TRUE,TRUE,TRUE,,,,,,,,"Copy page title and URL just one click to your clipboad.

This extension allows user to copy URL and Title with one click of the extension's icon. Signing in to Bitly, URL can be shorten.","August 18, 2019",50432,1.1.6,"[""MANIFEST_MIGRATED"", ""API_RENAMES_APPLIED"", ""BRIDGE_INJECTED"", ""HAS_BROWSER_POPUP"", ""HAS_BACKGROUND_PAGE"", ""HAS_CONTENT_SCRIPTS"", ""HAS_SERVICE_WORKER"", ""HAS_HOST_PERMISSIONS"", ""USES_TABS_API""]",,,48.745011125,1,pakpfgooafhnekbimoodbcekeaiabbhe,"{""webRequest"": 0, ""html_lines"": 131, ""storage_local"": 0, ""background_page"": 1, ""content_scripts"": 1, ""dangerous_permissions"": 1, ""host_permissions"": 2, ""crypto_patterns"": 0, ""network_requests"": 2, ""extension_size"": 0, ""api_renames"": 3, ""manifest_changes"": 3, ""file_modifications"": 1, ""webRequest_to_dnr_migrations"": 0}",2026-06-08T09:35:30.571000,2026-06-08T09:35:30.571000,,could_not_test
,Trello Compact Mode,,29,could_not_test,TRUE,TRUE,TRUE,,,,,,,,,"https://github.com/pennyapp/trello-compact-mode

Can't see enough cards in Trello? Use Trello Compact Mode! Just install, refresh Trello, and voila.","August 4, 2017",3952,0.0.3,"[""MANIFEST_MIGRATED"", ""HAS_CONTENT_SCRIPTS""]",,,16.985415417,,ipcblpolaeanpijbelaaaalmbbnfokhc,"{""webRequest"": 0, ""html_lines"": 0, ""storage_local"": 0, ""background_page"": 0, ""content_scripts"": 1, ""dangerous_permissions"": 0, ""host_permissions"": 0, ""crypto_patterns"": 0, ""network_requests"": 0, ""extension_size"": 0, ""api_renames"": 1, ""manifest_changes"": 3, ""file_modifications"": 0, ""webRequest_to_dnr_migrations"": 0}",2026-06-08T09:35:48.862000,2026-06-08T09:35:48.862000,,could_not_test
,FicusJS devtools,,80,could_not_test,FALSE,TRUE,TRUE,,,,,,,,,"Chrome and Firefox devtools extension for debugging FicusJS applications

This extension provides a panel in the elements inspector for viewing FicusJS web components. When selecting `Inspect element` the FicusJS panel will show the component props, computed properties and state of the component.","September 28, 2021",33966,0.1.0,"[""MANIFEST_MIGRATED"", ""HAS_BACKGROUND_PAGE"", ""HAS_CONTENT_SCRIPTS"", ""HAS_SERVICE_WORKER"", ""USES_WEB_REQUEST"", ""USES_TABS_API"", ""CONTAINS_EVAL"", ""MINIFIED_CODE""]",,,36.745280416,2,ghfinncbapddodnchdhfjnmgfkaejhmp,"{""webRequest"": 1, ""html_lines"": 31, ""storage_local"": 0, ""background_page"": 1, ""content_scripts"": 1, ""dangerous_permissions"": 1, ""host_permissions"": 0, ""crypto_patterns"": 1, ""network_requests"": 0, ""extension_size"": 0, ""api_renames"": 3, ""manifest_changes"": 3, ""file_modifications"": 0, ""webRequest_to_dnr_migrations"": 0}",2026-06-08T09:36:26.685000,2026-06-08T09:36:26.685000,,could_not_test
,Khaled Keys,,55,yes,FALSE,TRUE,TRUE,,,,,,,,,"DJ Khaled quotes

All the memorable gems dropped by the world famous DJ Khaled!

Get motivated and stay smiling each time you open a new browser tab...Lion!","October 25, 2016",2537553,0.0.1.3,"[""MANIFEST_MIGRATED"", ""NEW_TAB_OVERRIDE""]",https://ajibolasogbein.blogspot.com,,11.64749875,,imgonkciigiopnpmjhacikppghlemilh,"{""webRequest"": 0, ""html_lines"": 21, ""storage_local"": 0, ""background_page"": 0, ""content_scripts"": 0, ""dangerous_permissions"": 0, ""host_permissions"": 0, ""crypto_patterns"": 0, ""network_requests"": 0, ""extension_size"": 25, ""api_renames"": 1, ""manifest_changes"": 3, ""file_modifications"": 0, ""webRequest_to_dnr_migrations"": 0}",2026-06-08T09:36:56.340000,2026-06-08T09:36:56.340000,,yes
,quickreach,,69,could_not_test,FALSE,TRUE,TRUE,,,,,,,,,,,,1.24,"[""MANIFEST_MIGRATED"", ""API_RENAMES_APPLIED"", ""BRIDGE_INJECTED"", ""HAS_BROWSER_POPUP"", ""HAS_BACKGROUND_PAGE"", ""HAS_SERVICE_WORKER"", ""HAS_HOST_PERMISSIONS"", ""USES_TABS_API""]",,,18.614349458,1,klekjkocnhkkfbjnkococjilkgemegfk,"{""webRequest"": 0, ""html_lines"": 10, ""storage_local"": 0, ""background_page"": 1, ""content_scripts"": 0, ""dangerous_permissions"": 1, ""host_permissions"": 2, ""crypto_patterns"": 0, ""network_requests"": 0, ""extension_size"": 0, ""api_renames"": 3, ""manifest_changes"": 3, ""file_modifications"": 1, ""webRequest_to_dnr_migrations"": 0}",2026-06-08T09:37:16.475000,2026-06-08T09:37:16.475000,,could_not_test
,MelvorTrainer,,90,could_not_test,TRUE,TRUE,TRUE,TRUE,,,,,,,,"Trainer for MelvorIdle browser game

Game trainer for MelvorIdle browser game.","April 24, 2020",14694,1.0,"[""MANIFEST_MIGRATED"", ""API_RENAMES_APPLIED"", ""BRIDGE_INJECTED"", ""OFFSCREEN_DOCUMENT_ADDED"", ""HAS_BROWSER_POPUP"", ""HAS_BACKGROUND_PAGE"", ""HAS_SERVICE_WORKER"", ""USES_TABS_API""]",,,35.935126,1,nnmpkdcdifmlcgikkbcnpdjbpdefeomb,"{""webRequest"": 0, ""html_lines"": 119, ""storage_local"": 0, ""background_page"": 1, ""content_scripts"": 0, ""dangerous_permissions"": 1, ""host_permissions"": 0, ""crypto_patterns"": 0, ""network_requests"": 0, ""extension_size"": 0, ""api_renames"": 3, ""manifest_changes"": 3, ""file_modifications"": 1, ""webRequest_to_dnr_migrations"": 0}",2026-06-08T09:37:53.689000,2026-06-08T09:37:53.689000,,could_not_test
,Night Video Tuner,,146,yes,FALSE,TRUE,TRUE,TRUE,,,,,,,,"Protect your eyes and improve your sleeping cycles by adjusting video temperature and many other properties!

● Use on all HTML5 video players: Youtube, Netflix, BBC iPlayer, Vimeo and more!
● Adjust video temperature to filter out blue light before sleep, which can distort your circadian rhythm according to recent research.
● Control 10 other filters to reduce eye strain and enjoy a better night viewing experience: brightness, contrast, gamma, opacity, saturate, grayscale, sepia, invert, hue and blur.
● Not only useful in night mode: tune video settings the other way around for bright environments.
● Improve the visual quality of videos and enjoy more vibrant images at all times.
● Enable, disable and precisely manage filters on the fly.
● Lightweight and user-friendly interface.
● Free and open-source.
● Available in English, French, Polish, Czech, Chinese, Turkish, Ukrainian, Russian, and German.

Support the project by leaving a review or starring its GitHub repository (https://github.com/PyvesB/night-video-tuner)!

Note: this extension is not affiliated to Netflix, Youtube or the BBC. The screenshots are only provided as usage examples.","October 6, 2024",34304,1.2.7,"[""MANIFEST_MIGRATED"", ""API_RENAMES_APPLIED"", ""BRIDGE_INJECTED"", ""HAS_BROWSER_POPUP"", ""HAS_BACKGROUND_PAGE"", ""HAS_CONTENT_SCRIPTS"", ""HAS_SERVICE_WORKER"", ""HAS_HOST_PERMISSIONS"", ""USES_STORAGE_LOCAL"", ""USES_TABS_API""]",,,62.526790917,3,kjkehehijnanbmdnidofledikdppodfh,"{""webRequest"": 0, ""html_lines"": 125, ""storage_local"": 9, ""background_page"": 1, ""content_scripts"": 1, ""dangerous_permissions"": 1, ""host_permissions"": 2, ""crypto_patterns"": 0, ""network_requests"": 0, ""extension_size"": 0, ""api_renames"": 3, ""manifest_changes"": 3, ""file_modifications"": 1, ""webRequest_to_dnr_migrations"": 0}",2026-06-08T09:38:57.657000,2026-06-08T09:38:57.657000,,yes
,ECHOed Links,,45,could_not_test,TRUE,TRUE,TRUE,TRUE,,,,,,,,"Gets all your ECHO links and puts them into one, convenient location

FOR UC STUDENTS ONLY:
This extension puts all the ECHO links onto the LEARN.
It also makes all the links available in the extension.

Changelog:
You can now hide links.
Various fixes and optimisations.","August 22, 2021",221184,3.0.0,"[""MANIFEST_MIGRATED"", ""BRIDGE_INJECTED"", ""HAS_BROWSER_POPUP"", ""HAS_CONTENT_SCRIPTS"", ""HAS_HOST_PERMISSIONS"", ""USES_TABS_API""]",,,29.337750792,2,kpkejmeloobaeeopkjdbnebcgebhcboe,"{""webRequest"": 0, ""html_lines"": 32, ""storage_local"": 0, ""background_page"": 0, ""content_scripts"": 1, ""dangerous_permissions"": 1, ""host_permissions"": 1, ""crypto_patterns"": 0, ""network_requests"": 0, ""extension_size"": 2, ""api_renames"": 1, ""manifest_changes"": 3, ""file_modifications"": 0, ""webRequest_to_dnr_migrations"": 0}",2026-06-08T09:39:28.442000,2026-06-08T09:39:28.442000,,could_not_test
,name,,827,yes,FALSE,TRUE,TRUE,,,,,,,,,"Replace new tab page with a personal dashboard featuring an inspirational quote, weather, and links for spiritual techniques.

Replace new tab page with a personal dashboard featuring an inspirational quote, weather, and links for spiritual events and techniques. Use this beautiful interface to remind yourself for Loving Each Day, and be inspired and uplifted each time you open a new browser tab.

If you're new to MSIA this app is a wonderful way to explore the valuable support on offer.

And if you're a student in MSIA this app is a powerful compliment to your study and participation.

• Daily Inspirational Quote with share functionality
• Local Weather
• View Upcoming MSIA Events
• Direct Access to MSIA's Prayer List
• Direct Access to MSIA's Video Library 
• Direct Access to Tithe / Seed / Make a Donation
• Customize your own dashboard by showing/hiding options
• Feel good and get things done!

Contact Us 
Email webmaster@msia.org","January 21, 2022",30912020,3.0,"[""MANIFEST_MIGRATED"", ""CSP_VALUE_MODIFIED"", ""API_RENAMES_APPLIED"", ""BRIDGE_INJECTED"", ""HAS_BROWSER_POPUP"", ""NEW_TAB_OVERRIDE"", ""HAS_HOST_PERMISSIONS"", ""USES_STORAGE_LOCAL"", ""MINIFIED_CODE""]",,,15.479140125,1,pjndiiopiiojbjkgaofbmmmfloejdend,"{""webRequest"": 0, ""html_lines"": 143, ""storage_local"": 4, ""background_page"": 0, ""content_scripts"": 0, ""dangerous_permissions"": 0, ""host_permissions"": 3, ""crypto_patterns"": 80, ""network_requests"": 13, ""extension_size"": 309, ""api_renames"": 1, ""manifest_changes"": 3, ""file_modifications"": 1, ""webRequest_to_dnr_migrations"": 0}",2026-06-08T09:39:57.506000,2026-06-08T09:39:57.506000,,yes
,Stack Exchange Help Links,,29,yes,FALSE,TRUE,FALSE,,,,,,,,,"Adds useful help links to Stack Exchange and Stack Overflow sites.

Simply links to a few useful pages within the sites themselves, which are otherwise not very well advertised.

Chrome extension icon courtesy of https://icons8.com .

Cheap and cheerful 😊 implementation of the idea proposed at https://meta.stackexchange.com/q/344565/","March 7, 2020",10004,0.6.2,"[""MANIFEST_MIGRATED"", ""HAS_CONTENT_SCRIPTS""]",,,43.552467167,,mkhohhpeajnephpblgghggghkjkffhgn,"{""webRequest"": 0, ""html_lines"": 0, ""storage_local"": 0, ""background_page"": 0, ""content_scripts"": 1, ""dangerous_permissions"": 0, ""host_permissions"": 0, ""crypto_patterns"": 0, ""network_requests"": 0, ""extension_size"": 0, ""api_renames"": 1, ""manifest_changes"": 3, ""file_modifications"": 0, ""webRequest_to_dnr_migrations"": 0}",2026-06-08T09:40:42.554000,2026-06-08T09:40:42.554000,,yes
,SOLINFO.ro,,80,could_not_test,TRUE,TRUE,TRUE,TRUE,,,,,,,,"Adaugă soluții pe SOLINFO.ro

Folosește extensia pentru a contribui rapid cu soluții pe SOLINFO.ro pentru problemele de pe pbinfo.ro!","September 15, 2021",97904,1.0,"[""MANIFEST_MIGRATED"", ""BRIDGE_INJECTED"", ""HAS_BROWSER_POPUP"", ""HAS_BACKGROUND_PAGE"", ""HAS_CONTENT_SCRIPTS"", ""HAS_SERVICE_WORKER"", ""USES_TABS_API"", ""MINIFIED_CODE""]",,,13.81696125,5,eejhdkkihlmampdfllofghbdlojapfbf,"{""webRequest"": 0, ""html_lines"": 2, ""storage_local"": 0, ""background_page"": 1, ""content_scripts"": 1, ""dangerous_permissions"": 1, ""host_permissions"": 0, ""crypto_patterns"": 3, ""network_requests"": 0, ""extension_size"": 2, ""api_renames"": 3, ""manifest_changes"": 3, ""file_modifications"": 0, ""webRequest_to_dnr_migrations"": 0}",2026-06-08T09:40:58.852000,2026-06-08T09:40:58.852000,,could_not_test
,Stop Tabs 10,,95,no,FALSE,TRUE,FALSE,TRUE,,,,,,,,"Limit the 10 of open tabs. Automatically close previous tabs.

Расширение которое лимитирует количество одновременно открытых вкладок до 12 шт.","September 14, 2020",22958,0.10,"[""MANIFEST_MIGRATED"", ""API_RENAMES_APPLIED"", ""BRIDGE_INJECTED"", ""OFFSCREEN_DOCUMENT_ADDED"", ""HAS_BROWSER_POPUP"", ""HAS_BACKGROUND_PAGE"", ""HAS_SERVICE_WORKER"", ""USES_TABS_API""]",,,71.883797708,7,enkgpigninikpjifapaeakfdmpkblnbl,"{""webRequest"": 0, ""html_lines"": 138, ""storage_local"": 0, ""background_page"": 1, ""content_scripts"": 0, ""dangerous_permissions"": 1, ""host_permissions"": 0, ""crypto_patterns"": 0, ""network_requests"": 0, ""extension_size"": 0, ""api_renames"": 3, ""manifest_changes"": 3, ""file_modifications"": 1, ""webRequest_to_dnr_migrations"": 0}",2026-06-08T09:44:01.198000,2026-06-08T09:44:01.198000,,yes
,name,,195,could_not_test,FALSE,TRUE,TRUE,TRUE,,,,,,,,"自动检查出文章中的错误。在任何网站选择文字或焦点进入编辑框后，会出现“无错字”的校对按钮。点击按钮自动进行校对，并用下划线标出错误。

自动检查出文章中的错误。在任何网站选择文字或焦点进入编辑框后，会出现“无错字”的校对按钮。点击按钮自动进行校对，并用下划线标出错误。支持 QQ邮箱、163邮箱、微博、知乎写文章等。","June 6, 2019",190464,3.0.0,"[""MANIFEST_MIGRATED"", ""BRIDGE_INJECTED"", ""HAS_BROWSER_POPUP"", ""HAS_BACKGROUND_PAGE"", ""HAS_CONTENT_SCRIPTS"", ""HAS_SERVICE_WORKER"", ""HAS_HOST_PERMISSIONS"", ""USES_STORAGE_LOCAL"", ""USES_TABS_API"", ""WEBPACK_BUNDLED"", ""CONTAINS_EVAL"", ""MINIFIED_CODE""]",https://wucuozi.com,,16.075458583,1,dphbcfdndilkgccpjkaihiaoccfmkekn,"{""webRequest"": 0, ""html_lines"": 298, ""storage_local"": 2, ""background_page"": 1, ""content_scripts"": 1, ""dangerous_permissions"": 2, ""host_permissions"": 2, ""crypto_patterns"": 4, ""network_requests"": 7, ""extension_size"": 5, ""api_renames"": 3, ""manifest_changes"": 3, ""file_modifications"": 0, ""webRequest_to_dnr_migrations"": 0}",2026-06-08T09:44:18.997000,2026-06-08T09:44:18.997000,,could_not_test
,name,,377,no,FALSE,TRUE,TRUE,,,,,,,,,"Symfony2 Profiler shortcut

Give access to Symfoy 2 Profiler if any Response from a server is made with the ""X-Debug-Token"". Very useful for REST & AJAX Development/testing

# Last update :
 - No more 404 with the profiler url picker
 - UI performance improved

# In details
This is an extension that help developer and/or tester to see relevant information on Symfony 2 based applications.
When you enable debug mode, you probably noticed a toolBar at the bottom. Very useful, clicking on it lead the the Profiler.
The profiler make easy to access logs and many information about the current request.

This extension is here to allow you to access easily to the fofiler event if the debug toolbar is disabled or not shown.
If you already made REST application with Symfony2  framework, you know that the Debug tool bar only show up if you render a real webPage.
If you render JSON or XML, you just have the result and to go to the Profiler is a long way.

Actually, if you look at the Response headers, you'll notice a ""X-Debug-Token:0b274e""; This is the key to go to the debugger.

This extension can help you to open the profiler of AJAX/XHR request made on your website.","August 19, 2015",450560,0.6.3,"[""MANIFEST_MIGRATED"", ""CSP_VALUE_MODIFIED"", ""API_RENAMES_APPLIED"", ""BRIDGE_INJECTED"", ""HAS_BROWSER_POPUP"", ""HAS_BACKGROUND_PAGE"", ""HAS_SERVICE_WORKER"", ""HAS_HOST_PERMISSIONS"", ""USES_WEB_REQUEST"", ""USES_TABS_API""]",,,19.111176833,5,fgafanobdbbmbfaamdffcdfbgopokelk,"{""webRequest"": 2, ""html_lines"": 240, ""storage_local"": 0, ""background_page"": 1, ""content_scripts"": 0, ""dangerous_permissions"": 2, ""host_permissions"": 1, ""crypto_patterns"": 43, ""network_requests"": 9, ""extension_size"": 8, ""api_renames"": 3, ""manifest_changes"": 3, ""file_modifications"": 1, ""webRequest_to_dnr_migrations"": 0}",2026-06-08T09:44:39.609000,2026-06-08T09:44:39.609000,,could_not_test
,jike.k,,75,could_not_test,TRUE,TRUE,TRUE,,,,,,,,,"更好的即刻网页版浏览体验

为即刻网页版进行优化，提升网页端图片阅读的体验。

目前已经支持的功能有：

🌅看图模式：对于部分以图片为主的主题/圈子，展示一个更大的看图模式布局。
📌手动开关：你可以为每一个主题设置单独的展示模式。
0.0.6 更新说明:
移除了部分不需要的权限，功能部分没有增加

0.0.5 更新说明：
替即刻官方修复了一个即刻下拉菜单自带的小问题。","April 12, 2021",20326,0.0.6,"[""MANIFEST_MIGRATED"", ""API_RENAMES_APPLIED"", ""BRIDGE_INJECTED"", ""HAS_BACKGROUND_PAGE"", ""HAS_CONTENT_SCRIPTS"", ""HAS_SERVICE_WORKER"", ""HAS_HOST_PERMISSIONS"", ""USES_TABS_API"", ""MINIFIED_CODE""]",https://wocai.de,,29.371605333,2,feclcilnnbhnocajeknbhmjkjfhkehfn,"{""webRequest"": 0, ""html_lines"": 41, ""storage_local"": 0, ""background_page"": 1, ""content_scripts"": 1, ""dangerous_permissions"": 1, ""host_permissions"": 1, ""crypto_patterns"": 0, ""network_requests"": 0, ""extension_size"": 0, ""api_renames"": 3, ""manifest_changes"": 3, ""file_modifications"": 0, ""webRequest_to_dnr_migrations"": 0}",2026-06-08T09:45:10.984000,2026-06-08T09:45:10.984000,,could_not_test
,HealthFin Data Collector,,244,could_not_test,FALSE,TRUE,TRUE,TRUE,,,,,,,,,,,1.2,"[""MANIFEST_MIGRATED"", ""API_RENAMES_APPLIED"", ""BRIDGE_INJECTED"", ""HAS_BROWSER_POPUP"", ""HAS_HOST_PERMISSIONS"", ""USES_STORAGE_LOCAL"", ""USES_TABS_API"", ""MINIFIED_CODE""]",,,25.489629042,,eleicddmliaclipkmdgghdeikiejgpcl,"{""webRequest"": 0, ""html_lines"": 61, ""storage_local"": 6, ""background_page"": 0, ""content_scripts"": 0, ""dangerous_permissions"": 1, ""host_permissions"": 1, ""crypto_patterns"": 31, ""network_requests"": 5, ""extension_size"": 1, ""api_renames"": 1, ""manifest_changes"": 3, ""file_modifications"": 1, ""webRequest_to_dnr_migrations"": 0}",2026-06-08T09:45:37.888000,2026-06-08T09:45:37.888000,,could_not_test
,King Crab Party,,56,no,FALSE,TRUE,TRUE,TRUE,,,,,,,,"Now, you can have your very own king crab party! Right on your website!

Ever wanted to go to a kind crab party but never could? Just switch this baby on and the crab party comes to your website! Enjoy!!","March 24, 2019",322560,1.0,"[""MANIFEST_MIGRATED"", ""API_RENAMES_APPLIED"", ""BRIDGE_INJECTED"", ""HAS_BROWSER_POPUP"", ""HAS_CONTENT_SCRIPTS"", ""HAS_HOST_PERMISSIONS"", ""USES_STORAGE_LOCAL"", ""USES_TABS_API""]",,,47.389034958,,dllkogdmbanlppjpgdibfkbblbaahijn,"{""webRequest"": 0, ""html_lines"": 22, ""storage_local"": 2, ""background_page"": 0, ""content_scripts"": 1, ""dangerous_permissions"": 1, ""host_permissions"": 1, ""crypto_patterns"": 0, ""network_requests"": 0, ""extension_size"": 3, ""api_renames"": 1, ""manifest_changes"": 3, ""file_modifications"": 1, ""webRequest_to_dnr_migrations"": 0}",2026-06-08T09:46:26.654000,2026-06-08T09:46:26.654000,,yes
,TabAddict,,265,no,FALSE,TRUE,TRUE,,,,,,,,,"A light-weight session saver.

Do you have 50+ tabs open at any given time? Do you fly into a rage when someone closes your browser? You may be a tab addict. Get relief with this session management extension.

TabAddict allows you to...
  * Capture the current session--urls, in plain text format
  * Annotate sessions--keep track of what you were doing
  * Open saved sessions--it's as simple as drag and drop
  * Stay in control--your data can't get lost in the cloud","September 18, 2012",60426,1.1,"[""MANIFEST_MIGRATED"", ""API_RENAMES_APPLIED"", ""BRIDGE_INJECTED"", ""HAS_BROWSER_POPUP"", ""HAS_BACKGROUND_PAGE"", ""HAS_SERVICE_WORKER"", ""USES_TABS_API"", ""MINIFIED_CODE""]",,,13.607198417,2,cjfcggncifmbgbmndiplmoebchjfifbn,"{""webRequest"": 0, ""html_lines"": 115, ""storage_local"": 0, ""background_page"": 1, ""content_scripts"": 0, ""dangerous_permissions"": 1, ""host_permissions"": 0, ""crypto_patterns"": 33, ""network_requests"": 5, ""extension_size"": 1, ""api_renames"": 3, ""manifest_changes"": 3, ""file_modifications"": 1, ""webRequest_to_dnr_migrations"": 0}",2026-06-08T09:46:41.658000,2026-06-08T09:46:41.658000,,yes
,CheXplore JS,,969,could_not_test,FALSE,TRUE,TRUE,,,,,,,,,"Run a heuristic evaluation on your website

CheXplore is a Google Chrome plugin which facilitates interface evaluation of exploratory search systems and any website.
You can annotate screenshots of the inspected system with heuristics of exploratory search (Palagi, 2018), and usability heuristics or criteria (Nielsen’s and Bastien and Scapin’s ones). At the end of your evaluation, you can export all your annotations to a Word document (docx) or PDF.


This is a new version of a plugin designed during Emilie Palagi's PhD, and developped by Jean-Marie Dormoy.

The PhD thesis of Emilie Palagi is available online: https://tel.archives-ouvertes.fr/tel-01976017","October 28, 2019",3711959,1.2.4.45,"[""MANIFEST_MIGRATED"", ""CSP_VALUE_MODIFIED"", ""API_RENAMES_APPLIED"", ""BRIDGE_INJECTED"", ""OFFSCREEN_DOCUMENT_ADDED"", ""HAS_BROWSER_POPUP"", ""HAS_BACKGROUND_PAGE"", ""HAS_CONTENT_SCRIPTS"", ""HAS_SERVICE_WORKER"", ""HAS_HOST_PERMISSIONS"", ""USES_STORAGE_LOCAL"", ""USES_TABS_API"", ""MINIFIED_CODE""]",,,38.938176417,7,mkljmpojnendehckjbagemkkgamnagco,"{""webRequest"": 0, ""html_lines"": 217, ""storage_local"": 101, ""background_page"": 1, ""content_scripts"": 1, ""dangerous_permissions"": 2, ""host_permissions"": 2, ""crypto_patterns"": 52, ""network_requests"": 8, ""extension_size"": 61, ""api_renames"": 3, ""manifest_changes"": 3, ""file_modifications"": 1, ""webRequest_to_dnr_migrations"": 0}",2026-06-08T09:47:23.478000,2026-06-08T09:47:23.478000,,could_not_test
,Lájkvadász stop!,,243,could_not_test,FALSE,TRUE,TRUE,,,,,,,,,"Vége a lájkvadász blogoknak! A kiegészítő a háttérben dolgozik, és a legtöbb lájkvadász kódját hatástalanítja! YEAH!

Amennyiben olyan oldallal találkoztok, ahol nem működik még a kiegészítő, küldjétek el üzenetben és megoldom!
kapcsolat@sorosrobert.hu

Stoppolt oldalak listája:
likeolda.hu
locitrom.hu
lopom.hu
napi5perc.blogspot.hu
hir27.in
ilyennincs.com
mindenegyben.info
ezkutya.eu
bodzaszorp.com
video-perc.net
eszement.com

Ezt a kis Chrome kiegészítőt azért csináltam, mert nagyon sok oldal úgy próbál rákényszeríteni a lájk illetve megosztás gomb megnyomására, hogy hamis tartalmakat híresztelnek be, amit miután kedveltünk illetve megosztottunk, vagy teljesen mást, vagy egyáltalán semmit nem ad cserébe.
Mikor belefutottam jópár hasonló oldalba, és az ismerősök között is sokakat idegesített beleástam magam a dologba, és úgy gondoltam, hogy erre tudok megoldást. És így jött létre a Lájkvadász Stop!. 
Telepítés egyszerűen a Chrome áruházból történik, használatához semmit sem kell beállítani, a felismert oldalakat automatikusan kezelésbe veszi.","February 17, 2015",593920,1.2.62,"[""MANIFEST_MIGRATED"", ""API_RENAMES_APPLIED"", ""BRIDGE_INJECTED"", ""HAS_BROWSER_POPUP"", ""HAS_BACKGROUND_PAGE"", ""HAS_CONTENT_SCRIPTS"", ""HAS_SERVICE_WORKER"", ""USES_TABS_API"", ""MINIFIED_CODE""]",https://sorosrobert.hu,,30.474481917,1,maefomipmebljabfchjchooccjdhhckb,"{""webRequest"": 0, ""html_lines"": 0, ""storage_local"": 0, ""background_page"": 1, ""content_scripts"": 1, ""dangerous_permissions"": 1, ""host_permissions"": 0, ""crypto_patterns"": 31, ""network_requests"": 9, ""extension_size"": 6, ""api_renames"": 3, ""manifest_changes"": 3, ""file_modifications"": 1, ""webRequest_to_dnr_migrations"": 0}",2026-06-08T09:49:03.931000,2026-06-08T09:49:03.931000,,could_not_test
,Color Palette,,44,yes,FALSE,TRUE,TRUE,TRUE,,,,,,,,"Make Color palette for your Design

Color palette is a collection of colors and shades for designers. Its not easy at all to find perfect color palette for art or design.

Here in this tool we tried to make a way to generate thousands of color scheme. Lets discover the new color schemes tool for your Design. 

** Instructions ***
Please Enter Space to create new color Palette.
Please Enter E to change Background Color

** Please let us know if you have any suggestion. Its our First Version.","July 12, 2021",14888,1.0,"[""MANIFEST_MIGRATED"", ""HAS_BROWSER_POPUP""]",https://ecormi.com,,30.039845166,,kopecoagikhelgkenhicomflchdimnga,"{""webRequest"": 0, ""html_lines"": 76, ""storage_local"": 0, ""background_page"": 0, ""content_scripts"": 0, ""dangerous_permissions"": 0, ""host_permissions"": 0, ""crypto_patterns"": 0, ""network_requests"": 0, ""extension_size"": 0, ""api_renames"": 1, ""manifest_changes"": 3, ""file_modifications"": 0, ""webRequest_to_dnr_migrations"": 0}",2026-06-08T09:49:35.273000,2026-06-08T09:49:35.273000,,yes
,TooButtons,,29,yes,FALSE,TRUE,TRUE,,,,,,,,,"Transform every link in a button

Do you love buttons?
Now with TooButtons every link in a webpage will be trasformed in a button

Note: this is only a funny extension

Please rate this extension if you like it","July 10, 2012",39004,0.4,"[""MANIFEST_MIGRATED"", ""HAS_CONTENT_SCRIPTS""]",https://javafactory.altervista.org,,30.427362458,,ifkickiginfocccnhcfifmejechhmbli,"{""webRequest"": 0, ""html_lines"": 0, ""storage_local"": 0, ""background_page"": 0, ""content_scripts"": 1, ""dangerous_permissions"": 0, ""host_permissions"": 0, ""crypto_patterns"": 0, ""network_requests"": 0, ""extension_size"": 0, ""api_renames"": 1, ""manifest_changes"": 3, ""file_modifications"": 0, ""webRequest_to_dnr_migrations"": 0}",2026-06-08T09:50:07.047000,2026-06-08T09:50:07.047000,,yes
,name,,32,could_not_test,TRUE,TRUE,TRUE,,,,,,,,,"Interface da Nimo.tv melhorada, com menos poluição visual e melhorias. Nimo.tv Plus não é operado, patrocinado ou afiliado à Nimo.

Melhorias no design da plataforma de live Nimo.tv, remoção dos popups exagerados, adição de cores aos nicknames, botão de resposta rápida à mensagens e botão de ocultar chat. Deixe a Nimo.tv mais parecida com a Twitch e facilite sua migração.","March 5, 2022",35010,1.3,"[""MANIFEST_MIGRATED"", ""HAS_CONTENT_SCRIPTS"", ""HAS_HOST_PERMISSIONS""]",,,20.982183375000000,,mhlodgmpnjjhfpppmohelbfmeoninado,"{""webRequest"": 0, ""html_lines"": 0, ""storage_local"": 0, ""background_page"": 0, ""content_scripts"": 1, ""dangerous_permissions"": 0, ""host_permissions"": 1, ""crypto_patterns"": 0, ""network_requests"": 0, ""extension_size"": 0, ""api_renames"": 1, ""manifest_changes"": 3, ""file_modifications"": 0, ""webRequest_to_dnr_migrations"": 0}",2026-06-08T09:50:29.787000,2026-06-08T09:50:29.787000,,could_not_test
,GoldenWert,website is down,71,no,FALSE,TRUE,FALSE,,,,,,,,,"Preise von GoldenArmy.de

Chrome-Addon für GoldenWert.com, welches ein Icon zum Öffnen der Website bereitstellt. (Created by EinfachSeppel)","September 20, 2020",14510,1.0,"[""MANIFEST_MIGRATED"", ""BRIDGE_INJECTED"", ""OFFSCREEN_DOCUMENT_ADDED"", ""HAS_BACKGROUND_PAGE"", ""HAS_SERVICE_WORKER"", ""HAS_HOST_PERMISSIONS""]",,,18.480961417,2,ekghhlpfokopajdolpolpcanmhmpghom,"{""webRequest"": 0, ""html_lines"": 39, ""storage_local"": 0, ""background_page"": 1, ""content_scripts"": 0, ""dangerous_permissions"": 0, ""host_permissions"": 2, ""crypto_patterns"": 0, ""network_requests"": 0, ""extension_size"": 0, ""api_renames"": 3, ""manifest_changes"": 3, ""file_modifications"": 0, ""webRequest_to_dnr_migrations"": 0}",2026-06-08T09:50:49.473000,2026-06-08T09:50:49.473000,,could_not_test
,BrowseMyTown Netherlands,,66,yes,FALSE,TRUE,TRUE,TRUE,,,,,,,,"Search Towns and Cities

BrowseMyTown. Search for local businesses, shopping, products and things to do in any city or town. Free product and business showcase for local traders and businesses of every type. Browse for special offers and great deals updated in real time.","June 27, 2015",10639,2.0.0.1,"[""MANIFEST_MIGRATED"", ""API_RENAMES_APPLIED"", ""BRIDGE_INJECTED"", ""HAS_BROWSER_POPUP"", ""HAS_BACKGROUND_PAGE"", ""HAS_SERVICE_WORKER"", ""HAS_HOST_PERMISSIONS""]",https://www.browsemytown.com,,24.921966333,1,leghipcfbbgfpibfanpnocmagdadgmeg,"{""webRequest"": 0, ""html_lines"": 23, ""storage_local"": 0, ""background_page"": 1, ""content_scripts"": 0, ""dangerous_permissions"": 0, ""host_permissions"": 1, ""crypto_patterns"": 0, ""network_requests"": 0, ""extension_size"": 0, ""api_renames"": 3, ""manifest_changes"": 3, ""file_modifications"": 1, ""webRequest_to_dnr_migrations"": 0}",2026-06-08T09:51:20.399000,2026-06-08T09:51:20.399000,,yes
,Unit Converter,,330,yes,FALSE,TRUE,TRUE,TRUE,,,,,,,,"Easily convert length, area, volume and other units

Simple & quick unit converter. 
Easily convert length, temperature, area, volume, weight and speed between units of measurement.


Chrome productivity extensions by http://quickrr.com","March 25, 2015",98293,2.0,"[""MANIFEST_MIGRATED"", ""API_RENAMES_APPLIED"", ""BRIDGE_INJECTED"", ""HAS_BROWSER_POPUP"", ""HAS_BACKGROUND_PAGE"", ""HAS_SERVICE_WORKER"", ""MINIFIED_CODE""]",https://quickrr.com,,23.661583625,1,hkemkgpbjkglonlpilanmeaoahgkhmcn,"{""webRequest"": 0, ""html_lines"": 431, ""storage_local"": 0, ""background_page"": 1, ""content_scripts"": 0, ""dangerous_permissions"": 0, ""host_permissions"": 0, ""crypto_patterns"": 31, ""network_requests"": 5, ""extension_size"": 2, ""api_renames"": 3, ""manifest_changes"": 3, ""file_modifications"": 0, ""webRequest_to_dnr_migrations"": 0}",2026-06-08T09:51:45.453000,2026-06-08T09:51:45.453000,,yes
,Healing Crystals,YOu need to edit the extensions code??,63,could_not_test,FALSE,TRUE,TRUE,TRUE,,,,,,,,"Healingcrystalsguide.org - Help you to select best Healing Crystals to heal your body

Healing crystals are all types of precious stones that are thought to possess certain healing properties and powers harnessed from the sun, moon and the oceans reuniting us with the earth when we encounter them. The beliefs surrounding healing crystals have been around for many centuries and the proof that they work exists in success stories that they come with. There are stones for nearly any situation we might encounter in life with several beliefs and conventions on the meaning and healing ability of certain crystals versus others.
Over the recent times people have begun to rediscover, like many ancient civilizations did before us, that crystals with vibration energy are universally healing. Crystals like quartz have been around since the dawn of time and for millions of years they have vibrated giving life to a lifeless planet. They make up 12% of the earth’s crust and are the cutting edge technology pasted in almost every field of computer and engineering. Crystals are an essential building block for computer chips yet for a long time we have given much thought to the possibility that the universe communicates with itself.
It is when we truly reconnect with Mother Nature that we can rediscover ourselves and ways in which the vibrational energy of crystals can be transformed into healing and many other good or bad manifestations in our lives. It’s all about vibrations in life as albert Einstein once said. What you think about will manifest in your life because your thoughts are amplified by your surroundings","June 6, 2019",41564,0.0.1,"[""MANIFEST_MIGRATED"", ""API_RENAMES_APPLIED"", ""BRIDGE_INJECTED"", ""HAS_BROWSER_POPUP"", ""HAS_BACKGROUND_PAGE"", ""HAS_SERVICE_WORKER""]",,,31.338421208,1,hgaofhcidmhfjmmapdknkofgchogocll,"{""webRequest"": 0, ""html_lines"": 24, ""storage_local"": 0, ""background_page"": 1, ""content_scripts"": 0, ""dangerous_permissions"": 0, ""host_permissions"": 0, ""crypto_patterns"": 0, ""network_requests"": 0, ""extension_size"": 0, ""api_renames"": 3, ""manifest_changes"": 3, ""file_modifications"": 1, ""webRequest_to_dnr_migrations"": 0}",2026-06-08T09:52:18.444000,2026-06-08T09:52:18.444000,,could_not_test
,JCT - Login,,244,could_not_test,TRUE,TRUE,TRUE,,,,,,,,,"An automatic login to the JCT Wireless Network, and to the JCT MOODLE.

Automatic login into the JCT wireless network.

And now also to the Moodle of JCT!

v1.0.2
--------
Fixed bug that disabled the relocation.


v1.0.1
--------
Bug fix.


v1.0.0
---------
Overhaul to the code to fit with Google's new requirements and JCT's changed site.","June 12, 2013",61388,1.0.2,"[""MANIFEST_MIGRATED"", ""API_RENAMES_APPLIED"", ""HAS_CONTENT_SCRIPTS"", ""USES_STORAGE_LOCAL"", ""MINIFIED_CODE""]",,,16.903213667,,igbaaplkmhfcfempadclobapcobgfnhc,"{""webRequest"": 0, ""html_lines"": 56, ""storage_local"": 3, ""background_page"": 0, ""content_scripts"": 1, ""dangerous_permissions"": 0, ""host_permissions"": 0, ""crypto_patterns"": 35, ""network_requests"": 5, ""extension_size"": 1, ""api_renames"": 1, ""manifest_changes"": 3, ""file_modifications"": 0, ""webRequest_to_dnr_migrations"": 0}",2026-06-08T09:52:37.903000,2026-06-08T09:52:37.903000,,could_not_test
,TekZoom Now!,,35,could_not_test,FALSE,TRUE,TRUE,TRUE,,,,,,,,"Confira as Novidades do TekZoom em Tempo Real!

Receba as novidades do TekZoom direto na tela do seu navegador. Esta é a primeira versão do TekZoom Now! e muitas outras novidades serão disponibilizadas em breve.","February 18, 2015",29358,0.2,"[""MANIFEST_MIGRATED"", ""CSP_VALUE_MODIFIED"", ""HAS_BROWSER_POPUP""]",https://www.tekzoom.com.br,,29.465148375,,gcliolhofgcfmijicdmgcfoeicbhebfc,"{""webRequest"": 0, ""html_lines"": 40, ""storage_local"": 0, ""background_page"": 0, ""content_scripts"": 0, ""dangerous_permissions"": 0, ""host_permissions"": 0, ""crypto_patterns"": 0, ""network_requests"": 0, ""extension_size"": 0, ""api_renames"": 1, ""manifest_changes"": 3, ""file_modifications"": 0, ""webRequest_to_dnr_migrations"": 0}",2026-06-08T09:53:08.606000,2026-06-08T09:53:08.606000,,could_not_test
,Scrumcoon-trello,,1243,could_not_test,TRUE,TRUE,TRUE,,,,,,,,,"An extension to help scrumteams play planning poker on trello cards

This extensions is for scrumteams using trello.

It extends functionality of trello.com adding the ability to estimate cards playing planning poker with the help of scrumcoon.firebaseapp.com.

When browsing a card inside trello, the button Estimate in SC will be visible. Pressing that will open scrumcoon.firebaseapp.com side by side making it easy to estimate the card.","November 23, 2016",1247805,0.0.4,"[""MANIFEST_MIGRATED"", ""API_RENAMES_APPLIED"", ""HAS_CONTENT_SCRIPTS"", ""HAS_HOST_PERMISSIONS"", ""CONTAINS_EVAL"", ""MINIFIED_CODE""]",,,20.381907041,,dedlkenbgjlkpamjkinfgejljkifmimd,"{""webRequest"": 0, ""html_lines"": 0, ""storage_local"": 0, ""background_page"": 0, ""content_scripts"": 1, ""dangerous_permissions"": 0, ""host_permissions"": 2, ""crypto_patterns"": 221, ""network_requests"": 39, ""extension_size"": 25, ""api_renames"": 1, ""manifest_changes"": 3, ""file_modifications"": 0, ""webRequest_to_dnr_migrations"": 0}",2026-06-08T09:53:30.841000,2026-06-08T09:53:30.841000,,could_not_test
,Wevuw: Review the Web,,30,no,FALSE,TRUE,FALSE,FALSE,,,,,,,,"Wevuw allows you to review anything on the web, and share your experiences with others.

As featured on BetaList, Wevuw allows you to review anything on the web, and share your experiences with others.

Key Features: 
* See what sites are trending throughout the world 
* Vote and comment on any website
* Search for your favourite (or least favourite) websites 
* Open any site in Wevuw through the Google Chrome extension!","January 15, 2014",15882,1.0,"[""MANIFEST_MIGRATED"", ""API_RENAMES_APPLIED"", ""HAS_BROWSER_POPUP"", ""USES_TABS_API""]",https://wevuw.com,,14.78996475,,cocpfkobggjbobpnmklfambchdegmhob,"{""webRequest"": 0, ""html_lines"": 6, ""storage_local"": 0, ""background_page"": 0, ""content_scripts"": 0, ""dangerous_permissions"": 1, ""host_permissions"": 0, ""crypto_patterns"": 0, ""network_requests"": 0, ""extension_size"": 0, ""api_renames"": 1, ""manifest_changes"": 3, ""file_modifications"": 0, ""webRequest_to_dnr_migrations"": 0}",2026-06-08T09:53:47.002000,2026-06-08T09:53:47.002000,,no
,Nuke Dialog,"Works somewhat i.e. does the same thing on mv two and three, but the webpage stays unusable due to the cookie not being accepeted",92,yes,FALSE,TRUE,TRUE,TRUE,,,,,,,,"This extension attempts to discover and hide all cookie / GDPR dialogs found on web pages

Each day more and more web pages are bombarding us with dialogs we must dismiss. Usually the dialog requires quite a bit of fine motor control to dismiss. Nuke Dialog does it for you by discovering these dialogs and hiding them do you don't have to. The only UI this extension provides is a ""disable for origin"" button which allows one to turn off the operation for the current web page's domain.","August 29, 2019",76820,0.0.2,"[""MANIFEST_MIGRATED"", ""HAS_BROWSER_POPUP"", ""HAS_BACKGROUND_PAGE"", ""HAS_CONTENT_SCRIPTS"", ""HAS_SERVICE_WORKER"", ""USES_STORAGE_LOCAL"", ""USES_TABS_API""]",,,65.594511417,1,cbhgkjdeinacfjhpfcilpneemghgoham,"{""webRequest"": 0, ""html_lines"": 10, ""storage_local"": 5, ""background_page"": 1, ""content_scripts"": 1, ""dangerous_permissions"": 1, ""host_permissions"": 0, ""crypto_patterns"": 0, ""network_requests"": 1, ""extension_size"": 0, ""api_renames"": 3, ""manifest_changes"": 3, ""file_modifications"": 0, ""webRequest_to_dnr_migrations"": 0}",2026-06-08T09:54:53.955000,2026-06-08T09:54:53.955000,,yes
,Rádio Santiago,,60,could_not_test,FALSE,TRUE,TRUE,,,,,,,,,"Playe da Rádio Santiago

Segundo App da Rádio Santiago, visando uma melhor interatividade entre os ouvintes, fazendo com que o mundo todo possa ter acesso ao áudio da rádio e notícias da cidade de Santiago/RS, Brasil, bem como compartilhar o que está sendo publicado em redes sociais e demais canais de ligação entre a equipe da rádio e seus clientes/ouvintes.","January 10, 2018",52234,1.2.0,"[""MANIFEST_MIGRATED"", ""API_RENAMES_APPLIED"", ""BRIDGE_INJECTED"", ""HAS_BROWSER_POPUP"", ""HAS_BACKGROUND_PAGE"", ""HAS_SERVICE_WORKER""]",,,21.067373459,1,oehnnplgoegkmflaekaflbdpbaagjfbe,"{""webRequest"": 0, ""html_lines"": 12, ""storage_local"": 0, ""background_page"": 1, ""content_scripts"": 0, ""dangerous_permissions"": 0, ""host_permissions"": 0, ""crypto_patterns"": 0, ""network_requests"": 0, ""extension_size"": 0, ""api_renames"": 3, ""manifest_changes"": 3, ""file_modifications"": 1, ""webRequest_to_dnr_migrations"": 0}",2026-06-08T09:55:17.359000,2026-06-08T09:55:17.359000,,could_not_test
,Công cụ Đặt Hàng Vận chuyển Mdorderchina,,122,could_not_test,FALSE,TRUE,TRUE,TRUE,,,,,,,,"mdorderchina

Với công cụ đặt hàng online của Morderchina Logistics các bạn có thể dễ dàng mua hàng từ các website Taobao, 1688.com, Tmall.com và ship hàng từ Trung Quốc về Việt Nam.","October 26, 2021",122880,1.6.4,"[""MANIFEST_MIGRATED"", ""BRIDGE_INJECTED"", ""HAS_BROWSER_POPUP"", ""HAS_BACKGROUND_PAGE"", ""HAS_CONTENT_SCRIPTS"", ""HAS_SERVICE_WORKER"", ""HAS_HOST_PERMISSIONS"", ""MINIFIED_CODE""]",,,24.713317,1,klngbpegljjdefmebjneckaikgmfjhbm,"{""webRequest"": 0, ""html_lines"": 87, ""storage_local"": 0, ""background_page"": 1, ""content_scripts"": 1, ""dangerous_permissions"": 0, ""host_permissions"": 2, ""crypto_patterns"": 3, ""network_requests"": 8, ""extension_size"": 4, ""api_renames"": 3, ""manifest_changes"": 3, ""file_modifications"": 0, ""webRequest_to_dnr_migrations"": 0}",2026-06-08T09:55:43.410000,2026-06-08T09:55:43.410000,,could_not_test
,Refresh Specific Tab,,61,could_not_test,FALSE,TRUE,TRUE,,,,,,,,,"Allows a specific tab to be reloaded globally.

This extension allows you to refresh a tab from any application. I created it specifically for web development as I've never really been satisfied with Live Reloads.","May 2, 2017",4515,1.0,"[""MANIFEST_MIGRATED"", ""BRIDGE_INJECTED"", ""HAS_BACKGROUND_PAGE"", ""HAS_SERVICE_WORKER"", ""HAS_HOST_PERMISSIONS"", ""USES_TABS_API""]",https://seth-ariel.blogspot.com,,31.848615166,1,kkmmijhhiphhodhinhnpnbnmffnilial,"{""webRequest"": 0, ""html_lines"": 0, ""storage_local"": 0, ""background_page"": 1, ""content_scripts"": 0, ""dangerous_permissions"": 1, ""host_permissions"": 1, ""crypto_patterns"": 0, ""network_requests"": 0, ""extension_size"": 0, ""api_renames"": 3, ""manifest_changes"": 3, ""file_modifications"": 0, ""webRequest_to_dnr_migrations"": 0}",2026-06-08T09:56:17.372000,2026-06-08T09:56:17.372000,,could_not_test
,name,Failed to load extension from: /private/var/folders/cb/cw_. The chrome_style option cannot be used with manifest version .,263,no,FALSE,FALSE,TRUE,,,,,,,,,"A powerful extension and you can customize it to save the selected image from the current tab page, on any web page.

When you visit a favorite website, or a site you visit every day, you see images that make you want to download to your computer. If downloading each image takes your time and effort, so use our extensions, we will save you time with just one click.","October 9, 2020",404480,1.0.3,"[""MANIFEST_MIGRATED"", ""API_RENAMES_APPLIED"", ""BRIDGE_INJECTED"", ""HAS_BROWSER_POPUP"", ""HAS_BACKGROUND_PAGE"", ""HAS_SERVICE_WORKER"", ""HAS_HOST_PERMISSIONS"", ""USES_STORAGE_LOCAL"", ""USES_TABS_API"", ""MINIFIED_CODE""]",,,5.516246333,8,bccdohmacgkihojgdefakdhhdccpclpk,"{""webRequest"": 0, ""html_lines"": 461, ""storage_local"": 8, ""background_page"": 1, ""content_scripts"": 0, ""dangerous_permissions"": 2, ""host_permissions"": 1, ""crypto_patterns"": 4, ""network_requests"": 5, ""extension_size"": 10, ""api_renames"": 3, ""manifest_changes"": 3, ""file_modifications"": 2, ""webRequest_to_dnr_migrations"": 0}",2026-06-08T09:56:27.815000,2026-06-08T09:56:27.815000,,could_not_test
,Payday Loan - Direct Lenders,,113,no,FALSE,TRUE,TRUE,,,,,,,,,,,,1.0,"[""MANIFEST_MIGRATED"", ""API_RENAMES_APPLIED"", ""BRIDGE_INJECTED"", ""HAS_BROWSER_POPUP"", ""HAS_BACKGROUND_PAGE"", ""HAS_SERVICE_WORKER"", ""USES_STORAGE_LOCAL"", ""USES_TABS_API""]",,,20.091005208,1,pkapgokdkgopikfnnmojmodkfihafcni,"{""webRequest"": 0, ""html_lines"": 113, ""storage_local"": 5, ""background_page"": 1, ""content_scripts"": 0, ""dangerous_permissions"": 1, ""host_permissions"": 0, ""crypto_patterns"": 0, ""network_requests"": 0, ""extension_size"": 0, ""api_renames"": 3, ""manifest_changes"": 3, ""file_modifications"": 1, ""webRequest_to_dnr_migrations"": 0}",2026-06-08T09:56:51.584000,2026-06-08T09:56:51.584000,,yes
,"Github ""Add single comment"" shortcut",,29,could_not_test,FALSE,TRUE,TRUE,,,,,,,,,"Shortcut to ""Add single comment""

Little Google Chrome extension to add a shortcut to the
""Add Single comment"" button on Github pull request review page.

- For mac users the shortcut is: `cmd+shift+enter`;
- For non mac users the shortcut is: `ctrl+shift+enter`;

source: https://github.com/kassio/github-add-single-comment-shortcut","March 13, 2017",71505,0.0.3,"[""MANIFEST_MIGRATED"", ""HAS_CONTENT_SCRIPTS""]",,,48.504792542,,ojadomlppplidhmidjmoabhnjdgdoapl,"{""webRequest"": 0, ""html_lines"": 0, ""storage_local"": 0, ""background_page"": 0, ""content_scripts"": 1, ""dangerous_permissions"": 0, ""host_permissions"": 0, ""crypto_patterns"": 0, ""network_requests"": 0, ""extension_size"": 0, ""api_renames"": 1, ""manifest_changes"": 3, ""file_modifications"": 0, ""webRequest_to_dnr_migrations"": 0}",2026-06-08T09:57:41.279000,2026-06-08T09:57:41.279000,,could_not_test
,name,,112,could_not_test,FALSE,TRUE,TRUE,TRUE,,,,,,,,"この拡張機能を使用すると、Uniposを一度に複数の宛先に一斉送信できます。

# 使い方 #

1. Webブラウザーで[Unipos](https://unipos.me/)を開く
2. Webブラウザーでこの拡張機能のアイコンをクリックする
3. `宛先`入力フィールドに、宛先を入力します
4. `ポイント`入力フィールドに、おくるポイントを入力します
5. `メッセージ`入力フィールドに、メッセージを入力します
6. `おくる`ボタンをクリックします

## 宛先の入力 ##

宛先は名前かニックネームかで指定できます。

### 1つずつ宛先を入力する ###

キーボードから宛先を入力してEnterキーを押します。

### 複数まとめて宛先を入力する ###

クリップボードからペーストしても入力できます。","February 2, 2020",438272,0.0.10,"[""MANIFEST_MIGRATED"", ""BRIDGE_INJECTED"", ""HAS_BROWSER_POPUP"", ""HAS_BACKGROUND_PAGE"", ""HAS_SERVICE_WORKER"", ""HAS_HOST_PERMISSIONS"", ""USES_WEB_REQUEST"", ""USES_TABS_API"", ""MINIFIED_CODE""]",,,27.700456458,1,ajnennolgjbadfdclkchpdigabgecmeb,"{""webRequest"": 2, ""html_lines"": 100, ""storage_local"": 0, ""background_page"": 1, ""content_scripts"": 0, ""dangerous_permissions"": 1, ""host_permissions"": 1, ""crypto_patterns"": 1, ""network_requests"": 1, ""extension_size"": 9, ""api_renames"": 3, ""manifest_changes"": 3, ""file_modifications"": 0, ""webRequest_to_dnr_migrations"": 0}",2026-06-08T09:58:12.780000,2026-06-08T09:58:12.780000,,could_not_test
,PDF to FB2 Converter,,82,no,FALSE,TRUE,TRUE,,,,,,,,,"Convert PDF files to FB2

How to convert PDF to FB2?	 

1-Click extension icon - this will open PDF to FB2 online conversion website. 
2-Select PDF file and click convert button.
3-You will get your FB2 file download link in your email address.","May 31, 2020",48476,2.0,"[""MANIFEST_MIGRATED"", ""API_RENAMES_APPLIED"", ""BRIDGE_INJECTED"", ""HAS_BROWSER_POPUP"", ""HAS_BACKGROUND_PAGE"", ""HAS_SERVICE_WORKER"", ""USES_STORAGE_LOCAL""]",https://online-converter.freepdfsolutions.com,,9.808833875,1,knecnendkbbdmncklbhlgcppjpajaipd,"{""webRequest"": 0, ""html_lines"": 0, ""storage_local"": 5, ""background_page"": 1, ""content_scripts"": 0, ""dangerous_permissions"": 0, ""host_permissions"": 0, ""crypto_patterns"": 0, ""network_requests"": 0, ""extension_size"": 0, ""api_renames"": 3, ""manifest_changes"": 3, ""file_modifications"": 1, ""webRequest_to_dnr_migrations"": 0}",2026-06-08T09:58:23.939000,2026-06-08T09:58:23.939000,,yes
,Github image preview,,29,no,FALSE,TRUE,FALSE,,,,,,,,,Preview images in folders on github,"December 8, 2016",3522,0.1.0,"[""MANIFEST_MIGRATED"", ""HAS_CONTENT_SCRIPTS""]",,,73.892383625,,nejonmoghjjielofmaiccajkoologdnh,"{""webRequest"": 0, ""html_lines"": 0, ""storage_local"": 0, ""background_page"": 0, ""content_scripts"": 1, ""dangerous_permissions"": 0, ""host_permissions"": 0, ""crypto_patterns"": 0, ""network_requests"": 0, ""extension_size"": 0, ""api_renames"": 1, ""manifest_changes"": 3, ""file_modifications"": 0, ""webRequest_to_dnr_migrations"": 0}",2026-06-08T09:59:39.356000,2026-06-08T09:59:39.356000,,could_not_test
,Toster Stickers,,56,could_not_test,FALSE,TRUE,TRUE,,,,,,,,,"Extension for add sticker panel on toster.ru (qna.habr.ru)

Панель стикеров и поддержка вставки изображений из буффера обмена в редактора ответов на qna.habr.ru","August 27, 2020",26275,2.0.0,"[""MANIFEST_MIGRATED"", ""HAS_CONTENT_SCRIPTS"", ""MINIFIED_CODE""]",,,45.38801825,,giijkkefkpggbpmbccmebloapelhnggk,"{""webRequest"": 0, ""html_lines"": 90, ""storage_local"": 0, ""background_page"": 0, ""content_scripts"": 1, ""dangerous_permissions"": 0, ""host_permissions"": 0, ""crypto_patterns"": 0, ""network_requests"": 2, ""extension_size"": 0, ""api_renames"": 1, ""manifest_changes"": 3, ""file_modifications"": 0, ""webRequest_to_dnr_migrations"": 0}",2026-06-08T10:00:26.207000,2026-06-08T10:00:26.207000,,could_not_test
,Cite Trove,Failed to load extension from: /private/var/folders/cb/cw_. The chrome_style option cannot be used with manifest version .,89,no,FALSE,FALSE,TRUE,,,,,,,,,"Copies selected information from the NLA Trove Newspaper website to the clipboard.

A Chrome extension to quote National Library of Australia Trove Newspaper text. Updated for https version of Trove.

The Trove Newspaper site (http://trove.nla.gov.au/newspaper?q=) allows users
to read and correct newspaper OCR text for historical Australian Newspapers.

When quoting newspaper text for research purposes it is useful to quote the
newspaper title, date and page. This extension enables a 'Cite Trove' context
menu item that adds your selected text and configurable newspaper information
to the clipboard. This text is then available for pasting into other
applications.

To Use:

Simply select the OCR text you want copied, right-click the mouse to bring up the context menu, and select ""Cite Trove"". The selected text, and details about the newspaper, are now available for pasting into another application.","December 8, 2017",26501,0.3.0,"[""MANIFEST_MIGRATED"", ""API_RENAMES_APPLIED"", ""BRIDGE_INJECTED"", ""OFFSCREEN_DOCUMENT_ADDED"", ""HAS_BROWSER_POPUP"", ""HAS_BACKGROUND_PAGE"", ""HAS_CONTENT_SCRIPTS"", ""HAS_SERVICE_WORKER""]",,,4.773329292,6,nkhmngpedilcjkmdackogdiiiiakhfgf,"{""webRequest"": 0, ""html_lines"": 110, ""storage_local"": 0, ""background_page"": 1, ""content_scripts"": 1, ""dangerous_permissions"": 0, ""host_permissions"": 0, ""crypto_patterns"": 0, ""network_requests"": 0, ""extension_size"": 0, ""api_renames"": 3, ""manifest_changes"": 3, ""file_modifications"": 1, ""webRequest_to_dnr_migrations"": 0}",2026-06-08T10:00:37.106000,2026-06-08T10:00:37.106000,,could_not_test
,H-Header,Failed to load extension from: /private/var/folders/cb/cw_. The chrome_style option cannot be used with manifest version .,136,no,FALSE,FALSE,TRUE,TRUE,,,,,,,,"修改Header的Chrome扩展

一款界面简单，交互友好的Http-Header修改插件。你可以一键开启/关闭header的启用。扩展程序徽标展示当前正在生效的header数量，方便实时查看请求情况。每个header都可以自定义启用/禁用、一键编辑、便增删、多行输入自动拆分、相同输入自动过滤。前往chrome应用商店搜索H-Header进行安装体验吧。
A simple, interactive and friendly Http-Header modification plug-in. You can enable/disable the header with one click.Each header can be customized to enable/disable, one-click editing, adding and deleting, automatic splitting of multi-line input, automatic filtering of the same input。Go to the chrome app store to search for H-Header for installation experience.","January 26, 2021",27289,1.0.0,"[""MANIFEST_MIGRATED"", ""API_RENAMES_APPLIED"", ""BRIDGE_INJECTED"", ""HAS_BROWSER_POPUP"", ""HAS_BACKGROUND_PAGE"", ""HAS_SERVICE_WORKER"", ""HAS_HOST_PERMISSIONS"", ""USES_WEB_REQUEST"", ""USES_STORAGE_LOCAL""]",,,4.699703833,3,ekgipgiaopkfpcbkjfmkfnnbnkohohkl,"{""webRequest"": 1, ""html_lines"": 187, ""storage_local"": 3, ""background_page"": 1, ""content_scripts"": 0, ""dangerous_permissions"": 2, ""host_permissions"": 2, ""crypto_patterns"": 0, ""network_requests"": 0, ""extension_size"": 0, ""api_renames"": 3, ""manifest_changes"": 3, ""file_modifications"": 1, ""webRequest_to_dnr_migrations"": 0}",2026-06-08T10:01:10.723000,2026-06-08T10:01:10.723000,,yes
,Jelly Party,,406,could_not_test,FALSE,TRUE,TRUE,TRUE,,,,,,,,"Watch videos with your friends — in sync!

Watch together in sync. Text-, voice- & videochat. No registration required. Free & Open Source.

🎉🥳🎉🥳 Host WatchParties with your friends! Chat, be social and have fun! 🎉🥳🎉🥳

Watch Netflix, Disney Plus, Youtube, Vimeo and many more streaming services in sync! Customize your avatar, chat & send emojis 🎉🥳🎉🥳

What's new?
[Version 1.7.3 — 08.09.21]
- Jelly Party now works with the new Netflix UI
[Version 1.7.2 — 22.03.21]
- Added support 4anime.to
- Security updates
[Version 1.7.1 — 13.11.20]
- Fixed issues on Amazon Prime
- Improved video synchronization
- Fixed bugs with autojoin where Jelly Party wouldn't load
[Version 1.6.3 — 31.10.20]
- Fixed a bug where Jelly-Party would end in an infinite loop of plays & pauses","September 16, 2021",993280,1.7.3,"[""MANIFEST_MIGRATED"", ""CSP_VALUE_MODIFIED"", ""BRIDGE_INJECTED"", ""OFFSCREEN_DOCUMENT_ADDED"", ""HAS_BROWSER_POPUP"", ""HAS_BACKGROUND_PAGE"", ""HAS_CONTENT_SCRIPTS"", ""HAS_SERVICE_WORKER"", ""USES_WEB_REQUEST"", ""USES_STORAGE_LOCAL"", ""USES_TABS_API"", ""WEBPACK_BUNDLED"", ""CONTAINS_EVAL"", ""MINIFIED_CODE""]",https://jelly-party.com,,29.11474225,1,ccnkhcmepilmneogdbpedlampjacacce,"{""webRequest"": 5, ""html_lines"": 14, ""storage_local"": 10, ""background_page"": 1, ""content_scripts"": 1, ""dangerous_permissions"": 1, ""host_permissions"": 0, ""crypto_patterns"": 44, ""network_requests"": 5, ""extension_size"": 35, ""api_renames"": 3, ""manifest_changes"": 3, ""file_modifications"": 0, ""webRequest_to_dnr_migrations"": 0}",2026-06-08T10:01:42.922000,2026-06-08T10:01:42.922000,,could_not_test
,name,,64,no,FALSE,FALSE,TRUE,,,,,,,,,Adds a Clear browsing data button.,"April 21, 2016",10772,1.0.0,"[""MANIFEST_MIGRATED"", ""API_RENAMES_APPLIED"", ""BRIDGE_INJECTED"", ""HAS_BROWSER_POPUP"", ""HAS_BACKGROUND_PAGE"", ""HAS_SERVICE_WORKER"", ""MINIFIED_CODE""]",https://browser-extensions.com,,6.488068083,3,dlgjlpalfblohgbnneomemgednccmgga,"{""webRequest"": 0, ""html_lines"": 28, ""storage_local"": 0, ""background_page"": 1, ""content_scripts"": 0, ""dangerous_permissions"": 0, ""host_permissions"": 0, ""crypto_patterns"": 0, ""network_requests"": 0, ""extension_size"": 0, ""api_renames"": 3, ""manifest_changes"": 3, ""file_modifications"": 1, ""webRequest_to_dnr_migrations"": 0}",2026-06-08T10:01:52.851000,2026-06-08T10:01:52.851000,,yes
,Sparkles,,29,yes,FALSE,TRUE,TRUE,,,,,,,,,"Sparkles at you fingertips.

Adds few sparkles to every mouse click and input box.","March 11, 2020",25180,1.1,"[""MANIFEST_MIGRATED"", ""HAS_CONTENT_SCRIPTS""]",,,26.197482792,,idcmeohcendflladpgjlmbjhajiaddkg,"{""webRequest"": 0, ""html_lines"": 0, ""storage_local"": 0, ""background_page"": 0, ""content_scripts"": 1, ""dangerous_permissions"": 0, ""host_permissions"": 0, ""crypto_patterns"": 0, ""network_requests"": 0, ""extension_size"": 0, ""api_renames"": 1, ""manifest_changes"": 3, ""file_modifications"": 0, ""webRequest_to_dnr_migrations"": 0}",2026-06-08T10:02:23.510000,2026-06-08T10:02:23.510000,,yes
,name,,72,could_not_test,TRUE,TRUE,TRUE,,,,,,,,,"The easiest way to send and receive SMS from your Chrome browser!

The extension is directly connected to your Android phone, so there’s no need to touch your smartphone when you are in front of your computer.

Stay on top of your messages while working on your computer. Read and reply incoming texts and start new messages in your Chrome browser.

● With mysms it’s fast and easy to send and receive SMS and also MMS on your computer. You can use your full computer keyboard to enter a message, add pictures and files to your message and send it to any of your phone contacts.

● You won’t miss a message when your phone is on silent or in your pocket. mysms notifies you instantly on a new message when an SMS enters your phone.  Reply with only one click or delete or mark the message as read via the popup. 

● Get alerts when somebody is calling you and reject the call when you can’t take it at the very moment. If you want to look up a specific call, take a look at the call log history. mysms synchronizes  all calls from your phone to keep you up to date.

● mysms also shows the number of new messages and calls next to the address bar. When using Chrome, this is the best way to keep track of your text and voice communications without disturbing your work flow.

Only 2 steps to set up mysms:
1) Install mysms on your Android phone via Google Play: https://play.google.com/store/apps/details?id=com.mysms.android.sms 
2) Start this Chrome extension and sign in with Google

To send/receive an SMS from Chrome, your phone needs to be on and must have an active data or WIFI connection as texts are sent via your Android phone. mysms uses your existing Android phone number and syncs your existing contacts and SMS from your Android phone to your Chrome browser.

******************

We'd love to hear from you! Do you have a suggestion, question or comment? Just contact us at http://support.mysms.com . You can also reach us on Facebook at http://facebook.com/mysms, Twitter http://twitter.com/mysms and Google+ http://gplus.to/mysms.

Android is a trademark of Google Inc. Use of this trademark is subject to Google Permissions.
Chrome is a trademark of Google Inc. Use of this trademark is subject to Google Permissions.","February 1, 2019",90275,0.9.5,"[""MANIFEST_MIGRATED"", ""API_RENAMES_APPLIED"", ""BRIDGE_INJECTED"", ""OFFSCREEN_DOCUMENT_ADDED"", ""HAS_BROWSER_POPUP"", ""HAS_BACKGROUND_PAGE"", ""HAS_SERVICE_WORKER"", ""HAS_HOST_PERMISSIONS"", ""USES_TABS_API"", ""MINIFIED_CODE""]",https://www.mysms.com,,17.588578916,8,doakbobgenagienigbbpliopkckofhcf,"{""webRequest"": 0, ""html_lines"": 10, ""storage_local"": 0, ""background_page"": 1, ""content_scripts"": 0, ""dangerous_permissions"": 1, ""host_permissions"": 2, ""crypto_patterns"": 0, ""network_requests"": 1, ""extension_size"": 1, ""api_renames"": 3, ""manifest_changes"": 3, ""file_modifications"": 1, ""webRequest_to_dnr_migrations"": 0}",2026-06-08T10:02:42.544000,2026-06-08T10:02:42.544000,,could_not_test
,List Builder for Twitter,,231,could_not_test,TRUE,TRUE,TRUE,TRUE,,,,,,,,"Quickly build Twitter lists from any timeline view.

Quickly build Twitter lists with List Builder.  Visible from any timeline view, you can select individual tweets or all on the screen and include the users into one of your lists.  

Great for events and conferences where you want to build list of people tweeting a hashtag to follow them after the event.

More Twitter List tools @ https://www.electoralhq.com","April 4, 2017",51322,0.4,"[""MANIFEST_MIGRATED"", ""BRIDGE_INJECTED"", ""HAS_BROWSER_POPUP"", ""HAS_BACKGROUND_PAGE"", ""HAS_CONTENT_SCRIPTS"", ""HAS_SERVICE_WORKER"", ""MINIFIED_CODE""]",https://www.electoralhq.com,,8.808158083,1,jmlodgfmibdmnoancjhgdgdgaclokhgi,"{""webRequest"": 0, ""html_lines"": 25, ""storage_local"": 0, ""background_page"": 1, ""content_scripts"": 1, ""dangerous_permissions"": 0, ""host_permissions"": 0, ""crypto_patterns"": 31, ""network_requests"": 5, ""extension_size"": 1, ""api_renames"": 3, ""manifest_changes"": 3, ""file_modifications"": 0, ""webRequest_to_dnr_migrations"": 0}",2026-06-08T10:02:52.651000,2026-06-08T10:02:52.651000,,could_not_test
,Sai Council of Malaysia,,36,could_not_test,FALSE,TRUE,TRUE,TRUE,,,,,,,,"Get News Feed of SSBCC of Malaysia on Your Chrome

Get news updates on the Sai Council of Malaysia directly within Chrome with this Google Chrome Extension!","March 23, 2014",30248,1.2,"[""MANIFEST_MIGRATED"", ""CSP_VALUE_MODIFIED"", ""HAS_BROWSER_POPUP""]",https://www.saicouncil.org.my,,23.485739875,,glhaigmholpejdnphinknaphmigmbkhi,"{""webRequest"": 0, ""html_lines"": 43, ""storage_local"": 0, ""background_page"": 0, ""content_scripts"": 0, ""dangerous_permissions"": 0, ""host_permissions"": 0, ""crypto_patterns"": 0, ""network_requests"": 0, ""extension_size"": 0, ""api_renames"": 1, ""manifest_changes"": 3, ""file_modifications"": 0, ""webRequest_to_dnr_migrations"": 0}",2026-06-08T10:03:17.582000,2026-06-08T10:03:17.582000,,could_not_test
,name,,487,could_not_test,TRUE,TRUE,TRUE,,,,,,,,,"Override the merchant picker on Seller Central with an enhanced picker mode

Overrides the default merchant picking experience in Amazon Seller Central to support quickly searching across merchants for which you are authorized, allowing you to filter merchant accounts based on name, location, etc.

Note: Currently, only Prime Now merchants will have postal code, city, store name, etc. in the search results. Non-Prime Now merchants will have only the merchant ID.","January 27, 2021",130048,0.0.6,"[""MANIFEST_MIGRATED"", ""BRIDGE_INJECTED"", ""HAS_BACKGROUND_PAGE"", ""HAS_CONTENT_SCRIPTS"", ""HAS_SERVICE_WORKER"", ""HAS_HOST_PERMISSIONS"", ""MINIFIED_CODE""]",,,21.343675,2,blndcbbnjekmjhgeaefcdmjijfmgcnjg,"{""webRequest"": 0, ""html_lines"": 0, ""storage_local"": 0, ""background_page"": 1, ""content_scripts"": 1, ""dangerous_permissions"": 0, ""host_permissions"": 1, ""crypto_patterns"": 80, ""network_requests"": 11, ""extension_size"": 3, ""api_renames"": 3, ""manifest_changes"": 3, ""file_modifications"": 0, ""webRequest_to_dnr_migrations"": 0}",2026-06-08T10:03:40.300000,2026-06-08T10:03:40.300000,,could_not_test
,Anonymous VPN - WebRTC leak prevent,,58,could_not_test,FALSE,TRUE,TRUE,,,,,,,,,"Protect against WebRTC leaks under VPN connection

Protect against WebRTC leaks under VPN connection

Anonymous VPN
https://www.anonymousvpn.org/","March 7, 2016",17408,1,"[""MANIFEST_MIGRATED"", ""BRIDGE_INJECTED"", ""HAS_BACKGROUND_PAGE"", ""HAS_SERVICE_WORKER""]",https://www.anonymousvpn.org,,11.111330334,1,egehmnkakhfbiiccgpdpfmblhnmmjbej,"{""webRequest"": 0, ""html_lines"": 0, ""storage_local"": 0, ""background_page"": 1, ""content_scripts"": 0, ""dangerous_permissions"": 1, ""host_permissions"": 0, ""crypto_patterns"": 0, ""network_requests"": 0, ""extension_size"": 0, ""api_renames"": 3, ""manifest_changes"": 3, ""file_modifications"": 0, ""webRequest_to_dnr_migrations"": 0}",2026-06-08T10:03:52.798000,2026-06-08T10:03:52.798000,,could_not_test
,name,,99,no,FALSE,TRUE,TRUE,,,,,,,,,"A CoffeeScript version of the Chrome Console.

Features:
 - Type using CoffeeScript
 - Formatted outputs
 - Auto-complete
 - Command history

Use it the way you use the original console, but with Coffee!

New in 1.2.0:
 - Update CoffeeScript to 1.7.1.
 - Add right-arrow for autocomplete.
 - Move settings icon to top-right corner.

GitHub Repository:
https://github.com/auiWorks/amCoffee","July 23, 2014",111616,1.2.4,"[""MANIFEST_MIGRATED"", ""CSP_VALUE_MODIFIED"", ""BRIDGE_INJECTED"", ""CONTAINS_EVAL"", ""MINIFIED_CODE""]",,,39.443941958,,hljeeelkdfhjpbekcgjnobenjbdeknhb,"{""webRequest"": 0, ""html_lines"": 100, ""storage_local"": 0, ""background_page"": 0, ""content_scripts"": 0, ""dangerous_permissions"": 0, ""host_permissions"": 0, ""crypto_patterns"": 9, ""network_requests"": 1, ""extension_size"": 2, ""api_renames"": 1, ""manifest_changes"": 3, ""file_modifications"": 0, ""webRequest_to_dnr_migrations"": 0}",2026-06-08T10:04:33.398000,2026-06-08T10:04:33.398000,,yes
,Timer Pro,,155,no,FALSE,TRUE,TRUE,FALSE,,,,,,,,"This simple timer will not let you forget important things.

This simple Timer will not let you forget important things.

- 4 nice preset ringtones.
- Ringtones are loud and you will always hear them.
- The notification is closed by clicking on the button in it.","October 17, 2017",1008640,1.2.0,"[""MANIFEST_MIGRATED"", ""CSP_VALUE_MODIFIED"", ""API_RENAMES_APPLIED"", ""BRIDGE_INJECTED"", ""OFFSCREEN_DOCUMENT_ADDED"", ""HAS_BROWSER_POPUP"", ""HAS_BACKGROUND_PAGE"", ""HAS_SERVICE_WORKER"", ""USES_STORAGE_LOCAL"", ""MINIFIED_CODE""]",,,22.898246042,2,lifecgkglfdbmpdjibncllkalliakkag,"{""webRequest"": 0, ""html_lines"": 89, ""storage_local"": 5, ""background_page"": 1, ""content_scripts"": 0, ""dangerous_permissions"": 0, ""host_permissions"": 0, ""crypto_patterns"": 5, ""network_requests"": 7, ""extension_size"": 12, ""api_renames"": 3, ""manifest_changes"": 3, ""file_modifications"": 1, ""webRequest_to_dnr_migrations"": 0}",2026-06-08T10:04:58.284000,2026-06-08T10:04:58.284000,,yes
,MangoSigns Chrome Player,,292,no,TRUE,TRUE,TRUE,,,,,,,,,"Turn any TV into a digital display and showcase your social media feeds, weather, real time news and more. Deliver your message.

Mango Signs digital signage player allows you to turn almost any device into a digital sign and manage it from anywhere. All you need is internet access, and your signage will be up and running in no time. Simply create your free account at mangosigns.com and use the Chrome extension to turn your browser into a Sign player. Cast to your TV to use as temporary signage.

Pick from a selection of constantly growing templates and customize to make it your own. Then create a schedule with a start and and end date and you're finished. Share your social media on your signs with instant updates shown on your sign. Get started today at by downloading the app and visiting mangosigns.com.","May 10, 2019",99635,1.0.2,"[""MANIFEST_MIGRATED"", ""API_RENAMES_APPLIED"", ""BRIDGE_INJECTED"", ""HAS_BROWSER_POPUP"", ""HAS_BACKGROUND_PAGE"", ""HAS_SERVICE_WORKER"", ""HAS_HOST_PERMISSIONS"", ""USES_STORAGE_LOCAL"", ""USES_TABS_API"", ""MINIFIED_CODE""]",https://mangosigns.com,,13.618301916,1,dedcmfbnakehkhniojlfofffmemedhee,"{""webRequest"": 0, ""html_lines"": 11, ""storage_local"": 3, ""background_page"": 1, ""content_scripts"": 0, ""dangerous_permissions"": 1, ""host_permissions"": 2, ""crypto_patterns"": 39, ""network_requests"": 6, ""extension_size"": 1, ""api_renames"": 3, ""manifest_changes"": 3, ""file_modifications"": 1, ""webRequest_to_dnr_migrations"": 0}",2026-06-08T10:05:13.276000,2026-06-08T10:05:13.276000,,could_not_test
,GroupRipper,,531,could_not_test,TRUE,TRUE,TRUE,TRUE,,,,,,,,"Scan and rank posts of any group you are part of.

Groupripper helps you in scanning and ranking posts based on the their engagement. You can  find the best Engaged post and the top influencer of a particular group.","July 15, 2021",184320,1.12,"[""MANIFEST_MIGRATED"", ""API_RENAMES_APPLIED"", ""BRIDGE_INJECTED"", ""OFFSCREEN_DOCUMENT_ADDED"", ""HAS_BROWSER_POPUP"", ""HAS_BACKGROUND_PAGE"", ""HAS_CONTENT_SCRIPTS"", ""HAS_SERVICE_WORKER"", ""HAS_HOST_PERMISSIONS"", ""USES_STORAGE_LOCAL"", ""USES_TABS_API"", ""MINIFIED_CODE""]",https://groupripper.com,,10.726633667,4,pgnjcjahahkhppedgijeichfkfgjcfll,"{""webRequest"": 0, ""html_lines"": 748, ""storage_local"": 10, ""background_page"": 1, ""content_scripts"": 1, ""dangerous_permissions"": 1, ""host_permissions"": 1, ""crypto_patterns"": 39, ""network_requests"": 13, ""extension_size"": 6, ""api_renames"": 3, ""manifest_changes"": 3, ""file_modifications"": 1, ""webRequest_to_dnr_migrations"": 0}",2026-06-08T10:05:25.443000,2026-06-08T10:05:25.443000,,could_not_test
,Ovarian Cyst Treatment Without Surgery,,57,no,FALSE,TRUE,FALSE,,,,,,,,,"This extension consists of free ebook about Ovarian Cyst Treatment Without Surgery

Free ebook about Ovarian Cyst Treatment Without Surgery can be downloaded (for free) by installing this chrome extension. 
---------------------------------------------------------

Ovarian Cyst Treatment Without Surgery can be done by using herbal treatments. It may take up to three to six weeks for the herbal treatments listed below to balance your hormones and to really take effect. This list is only meant to be an overview of some options available to you. Please consult a certified herbalist before trying any of the herbs listed. Be sure to also notify your doctor of what herbs you are taking for the treatment and prevention of ovarian cysts.

1. Chasteberry . Chasteberry has been used for centuries to help restore hormonal balance which will bring a woman's estrogen levels back into the normal ranges and help prevent ovarian cysts.

2. Red clover . Red clover is also used for hormonal imbalances. Herbalists will often recommend it to treat conditions like PCOS.

3. Black cohosh . This is often used with red clover to help balance hormones. It is also thought to help stop or slow down the frequency of irregular menstrual cycles.

4. Dandelion . Dandelion may help cleanse the liver which in turn helps flush out excess hormones and other things that may cause ovarian cysts.

5. Wild yam . If hormonal imbalances are causing a woman's ovarian cysts, applying a cream made from Wild yams may help correct it and restore balance.","February 25, 2018",13639,2.0,"[""MANIFEST_MIGRATED"", ""API_RENAMES_APPLIED"", ""BRIDGE_INJECTED"", ""HAS_BROWSER_POPUP"", ""HAS_BACKGROUND_PAGE"", ""HAS_SERVICE_WORKER""]",https://products-for-a-better-life.com,,16.494699125,1,kmbgpflaojmkofefndnoijbfmfinmepc,"{""webRequest"": 0, ""html_lines"": 0, ""storage_local"": 0, ""background_page"": 1, ""content_scripts"": 0, ""dangerous_permissions"": 0, ""host_permissions"": 0, ""crypto_patterns"": 0, ""network_requests"": 0, ""extension_size"": 0, ""api_renames"": 3, ""manifest_changes"": 3, ""file_modifications"": 1, ""webRequest_to_dnr_migrations"": 0}",2026-06-08T10:05:43.177000,2026-06-08T10:05:43.177000,,yes
,CMUDirectory,,270,no,FALSE,TRUE,TRUE,TRUE,,,,,,,,"Search the Carnegie Mellon University directory.

This extension allows a user to search the CMU directory. 

This extension is not sponsored, supported, or endorsed by Carnegie Mellon University or its affiliates.","October 5, 2017",38512,1.3.0,"[""MANIFEST_MIGRATED"", ""HAS_BROWSER_POPUP"", ""HAS_BACKGROUND_PAGE"", ""HAS_SERVICE_WORKER"", ""MINIFIED_CODE""]",,,24.969274792,,hkiecdebiebblkedibdmjcjnmmikplcl,"{""webRequest"": 0, ""html_lines"": 39, ""storage_local"": 0, ""background_page"": 1, ""content_scripts"": 0, ""dangerous_permissions"": 0, ""host_permissions"": 0, ""crypto_patterns"": 39, ""network_requests"": 5, ""extension_size"": 0, ""api_renames"": 3, ""manifest_changes"": 3, ""file_modifications"": 0, ""webRequest_to_dnr_migrations"": 0}",2026-06-08T10:06:09.578000,2026-06-08T10:06:09.578000,,yes
,Deviato,website down,82,could_not_test,FALSE,TRUE,FALSE,TRUE,,,,,,,,"Узнайте вероятность прохождения кандидатом, технического интервью до первых звонков и переписки

-  укажите никнейм профиля на github
- получите информацию об уровне навыков на основе открытых данных","November 3, 2020",14469,1.1.1,"[""MANIFEST_MIGRATED"", ""CSP_VALUE_MODIFIED"", ""BRIDGE_INJECTED"", ""HAS_BROWSER_POPUP"", ""HAS_BACKGROUND_PAGE"", ""HAS_SERVICE_WORKER"", ""HAS_HOST_PERMISSIONS"", ""USES_TABS_API""]",https://deviato.co,,18.579807208,1,kkbefhnoidbeeooejpclbloenoglnnoh,"{""webRequest"": 0, ""html_lines"": 49, ""storage_local"": 0, ""background_page"": 1, ""content_scripts"": 0, ""dangerous_permissions"": 2, ""host_permissions"": 1, ""crypto_patterns"": 0, ""network_requests"": 3, ""extension_size"": 0, ""api_renames"": 3, ""manifest_changes"": 3, ""file_modifications"": 0, ""webRequest_to_dnr_migrations"": 0}",2026-06-08T10:06:29.553000,2026-06-08T10:06:29.553000,,could_not_test
,Timetable Automator - 025,,235,could_not_test,TRUE,TRUE,TRUE,,,,,,,,,,,,1.0.1,"[""MANIFEST_MIGRATED"", ""HAS_CONTENT_SCRIPTS"", ""MINIFIED_CODE""]",,,26.297397042,,nomgnakdcocgebhibakhmgfknacokffc,"{""webRequest"": 0, ""html_lines"": 0, ""storage_local"": 0, ""background_page"": 0, ""content_scripts"": 1, ""dangerous_permissions"": 0, ""host_permissions"": 0, ""crypto_patterns"": 39, ""network_requests"": 5, ""extension_size"": 1, ""api_renames"": 1, ""manifest_changes"": 3, ""file_modifications"": 0, ""webRequest_to_dnr_migrations"": 0}",2026-06-08T10:06:57.589000,2026-06-08T10:06:57.589000,,could_not_test
,✨ Basic Fabulous Tab ✨,,145,yes,FALSE,TRUE,TRUE,TRUE,,,,,,,,"✨ Be fabulous even when you open a new tab ✨

Let's be surprised by a simple new tab app. A lot of new features are coming soon 😇 !
- Random pictures from Unsplash
- Custom name
- Little weather forecast from the country you choose
- Edit the font family

To come :
- Use of geolocation if user authorise it
- Filters on the random pictures of Unsplash
- Choice of the main emoji of the app
- And more...","December 22, 2021",1037312,1.0.0,"[""MANIFEST_MIGRATED"", ""BRIDGE_INJECTED"", ""OFFSCREEN_DOCUMENT_ADDED"", ""HAS_BROWSER_POPUP"", ""HAS_BACKGROUND_PAGE"", ""HAS_SERVICE_WORKER"", ""NEW_TAB_OVERRIDE"", ""USES_STORAGE_LOCAL""]",,,35.46312525,4,nibbmlaaffjnpniijgkpbecddpkpmmlp,"{""webRequest"": 0, ""html_lines"": 99, ""storage_local"": 9, ""background_page"": 1, ""content_scripts"": 0, ""dangerous_permissions"": 0, ""host_permissions"": 0, ""crypto_patterns"": 0, ""network_requests"": 5, ""extension_size"": 10, ""api_renames"": 3, ""manifest_changes"": 3, ""file_modifications"": 0, ""webRequest_to_dnr_migrations"": 0}",2026-06-08T10:07:34.744000,2026-06-08T10:07:34.744000,,yes
,SAML DevTools extension,,3418,could_not_test,FALSE,TRUE,TRUE,,,,,,,,,"A chrome developer tools extension for viewing SAML messages in chrome

This extension adds a tab to the Chrome DevTools. The new SAML tab lists all requests and marks the SAML requests with green. When clicking the event the SAML XML is shown.","November 9, 2015",8231321,0.6,"[""MANIFEST_MIGRATED"", ""CSP_VALUE_MODIFIED"", ""API_RENAMES_APPLIED"", ""BRIDGE_INJECTED"", ""HAS_BACKGROUND_PAGE"", ""HAS_SERVICE_WORKER"", ""CONTAINS_EVAL"", ""MINIFIED_CODE""]",,,26.765456333,2,pgdfklcflknlgdjaaelmnegcfkhoiopi,"{""webRequest"": 0, ""html_lines"": 145, ""storage_local"": 0, ""background_page"": 1, ""content_scripts"": 0, ""dangerous_permissions"": 0, ""host_permissions"": 0, ""crypto_patterns"": 530, ""network_requests"": 173, ""extension_size"": 329, ""api_renames"": 3, ""manifest_changes"": 3, ""file_modifications"": 1, ""webRequest_to_dnr_migrations"": 0}",2026-06-08T10:08:07.707000,2026-06-08T10:08:07.707000,,could_not_test
,Gendersprache korrigieren,,86,yes,FALSE,TRUE,TRUE,,,,,,,,,"Entfernt die gängigsten Sorten von Binnen-Is, Sternen, Unterstrichen etc. auf besuchten deutschsprachigen Webseiten.

Zum Zweck der besseren Lesbarkeit werden Konstrukte der Gendersprache auf besuchten Webseiten herausgefiltert. In den Augen mancher wird die Lesbarkeit dadurch erhöht und die Rechtschreibung und Grammatik korrigiert.

Gendersprache ist der Versuch, Gendergerechtigkeit zu fördern, allerdings zum Nachteil der deutschen Rechtschreibung und Grammatik. Wer den Inhalt von Websiten ohne diese Konstrukte besser lesen kann, dem wird dieses Add-on helfen.

Dieses Add-on wurde nach dem Vorbild des wundervollen ""Binnen-I be gone"" geschaffen und ist funktional vergleichbar und in Teilen optimiert. Der Quellcode wird auf GitHub gepflegt und kann von jedem eingesehen (und verbessert) werden. Ich habe das Add-on erstellt, um auf neue Formen wie das ï reagieren zu können.","April 26, 2020",29184,2.8.5,"[""MANIFEST_MIGRATED"", ""API_RENAMES_APPLIED"", ""BRIDGE_INJECTED"", ""HAS_BROWSER_POPUP"", ""HAS_BACKGROUND_PAGE"", ""HAS_CONTENT_SCRIPTS"", ""HAS_SERVICE_WORKER"", ""MINIFIED_CODE""]",,,149.740015291,4,nbfnnejhijoedkcdfghanlcekleahphh,"{""webRequest"": 0, ""html_lines"": 81, ""storage_local"": 0, ""background_page"": 1, ""content_scripts"": 1, ""dangerous_permissions"": 0, ""host_permissions"": 0, ""crypto_patterns"": 1, ""network_requests"": 0, ""extension_size"": 0, ""api_renames"": 3, ""manifest_changes"": 3, ""file_modifications"": 1, ""webRequest_to_dnr_migrations"": 0}",2026-06-08T10:10:38.641000,2026-06-08T10:10:38.641000,,yes
,Skia Buildbot Monitor,,89,no,FALSE,TRUE,TRUE,FALSE,,,,,,,,"Displays the status of the Skia buildbot in the toolbar.  Click to see more detailed status in a popup.

This extension helps you quickly monitor the status of the Skia buildbots.

A badge on the icon indicates whether any builds are failing, and you can click through to detailed information about the failing buildbots.

The options page allows you to set the update interval and patterns for which buildbots you want to monitor.","September 28, 2012",10250,1.0,"[""MANIFEST_MIGRATED"", ""API_RENAMES_APPLIED"", ""HAS_BROWSER_POPUP"", ""HAS_BACKGROUND_PAGE"", ""HAS_SERVICE_WORKER"", ""HAS_HOST_PERMISSIONS""]",,,13.863635708,,fnkohfnhjgiepdkecjabmlpfgbgjidji,"{""webRequest"": 0, ""html_lines"": 108, ""storage_local"": 0, ""background_page"": 1, ""content_scripts"": 0, ""dangerous_permissions"": 0, ""host_permissions"": 1, ""crypto_patterns"": 0, ""network_requests"": 1, ""extension_size"": 0, ""api_renames"": 3, ""manifest_changes"": 3, ""file_modifications"": 1, ""webRequest_to_dnr_migrations"": 0}",2026-06-08T10:10:54.171000,2026-06-08T10:10:54.171000,,could_not_test
,quote president unquote,,29,yes,FALSE,TRUE,TRUE,,,,,,,,,"Puts quotes around the 'President' in 'President Trump'.

This app will do what you normally do in your head anyway: put quotes around the word ""President"" in the phrase ""President Trump"".","September 15, 2017",7792,1.0,"[""MANIFEST_MIGRATED"", ""HAS_CONTENT_SCRIPTS""]",,,64.061435709,,ehjkaidpgimmpcpllfmcdnlfdjffogcp,"{""webRequest"": 0, ""html_lines"": 0, ""storage_local"": 0, ""background_page"": 0, ""content_scripts"": 1, ""dangerous_permissions"": 0, ""host_permissions"": 0, ""crypto_patterns"": 0, ""network_requests"": 0, ""extension_size"": 0, ""api_renames"": 1, ""manifest_changes"": 3, ""file_modifications"": 0, ""webRequest_to_dnr_migrations"": 0}",2026-06-08T10:11:59.373000,2026-06-08T10:11:59.373000,,yes
,Spotify Launcher,,34,could_not_test,TRUE,TRUE,TRUE,,,,,,,,,Launches Spotify's native client instead of webplayer's useless landing page when Spotify links are opened.,"March 11, 2015",449536,1.2,"[""MANIFEST_MIGRATED"", ""HAS_CONTENT_SCRIPTS""]",https://sergio.cat,,21.074603458,,eapcahpeapnknojnndbomagicopopiic,"{""webRequest"": 0, ""html_lines"": 0, ""storage_local"": 0, ""background_page"": 0, ""content_scripts"": 1, ""dangerous_permissions"": 0, ""host_permissions"": 0, ""crypto_patterns"": 0, ""network_requests"": 0, ""extension_size"": 5, ""api_renames"": 1, ""manifest_changes"": 3, ""file_modifications"": 0, ""webRequest_to_dnr_migrations"": 0}",2026-06-08T10:12:22.016000,2026-06-08T10:12:22.016000,,could_not_test
,Intercom Gmail Integration,,546,could_not_test,TRUE,TRUE,TRUE,,,,,,,,,"See your Intercom customer profile right inside your Gmail.

This chrome extension is a super easy way to integrate Intercom (www.intercom.io) into your Gmail. After installation you will be able to see the data from your Intercom customers right inside your Gmail. Data such as location, company name, monthly spending, tags, social profiles, your notes, etc. is pulled for each customer from your Intercom account. 

The benefit of this extension is that when you open an email in Gmail sent by a customer, you can see the customer profile on the right panel next to the email. This extension has functionalities similar to Rapportive for LinkedIn in showing user profiles. 

After installation, you must first set your Intercom API credentials (App ID and API Key) in the settings. You can find these informations by going to your Intercom account; then go to ""Integrations""; and then go to ""API Keys"".  

Requirements: You need to have an Intercom and Gmail account.","March 1, 2016",547840,1.1,"[""MANIFEST_MIGRATED"", ""API_RENAMES_APPLIED"", ""BRIDGE_INJECTED"", ""OFFSCREEN_DOCUMENT_ADDED"", ""HAS_BROWSER_POPUP"", ""HAS_BACKGROUND_PAGE"", ""HAS_CONTENT_SCRIPTS"", ""HAS_SERVICE_WORKER"", ""HAS_HOST_PERMISSIONS"", ""USES_STORAGE_LOCAL"", ""USES_TABS_API"", ""MINIFIED_CODE""]",https://www.socialexponent.com,,15.58785125,3,aklfgleddjhndofilfinfnlkkondcdke,"{""webRequest"": 0, ""html_lines"": 169, ""storage_local"": 9, ""background_page"": 1, ""content_scripts"": 1, ""dangerous_permissions"": 1, ""host_permissions"": 3, ""crypto_patterns"": 68, ""network_requests"": 13, ""extension_size"": 20, ""api_renames"": 3, ""manifest_changes"": 3, ""file_modifications"": 1, ""webRequest_to_dnr_migrations"": 0}",2026-06-08T10:12:39.457000,2026-06-08T10:12:39.457000,,could_not_test
,Rapid Donor,Failed to load extension from: /private/var/folders/cb/cw_. The chrome_style option cannot be used with manifest version .,302,no,FALSE,FALSE,TRUE,TRUE,,,,,,,,"Extension to automate the process of donating on donation hub

An extension to help donation hub user automate the daunting process of making reservations.","December 22, 2016",438272,0.9.3,"[""MANIFEST_MIGRATED"", ""BRIDGE_INJECTED"", ""HAS_BROWSER_POPUP"", ""HAS_BACKGROUND_PAGE"", ""HAS_CONTENT_SCRIPTS"", ""HAS_SERVICE_WORKER"", ""HAS_HOST_PERMISSIONS"", ""USES_TABS_API"", ""MINIFIED_CODE""]",,,3.353318541,1,dkhleleeagmdkdfcknkdjnmbnlknniaf,"{""webRequest"": 0, ""html_lines"": 176, ""storage_local"": 0, ""background_page"": 1, ""content_scripts"": 1, ""dangerous_permissions"": 2, ""host_permissions"": 2, ""crypto_patterns"": 34, ""network_requests"": 5, ""extension_size"": 7, ""api_renames"": 3, ""manifest_changes"": 3, ""file_modifications"": 0, ""webRequest_to_dnr_migrations"": 0}",2026-06-08T10:12:48.464000,2026-06-08T10:12:48.464000,,could_not_test
,Make Do with zhihu 2,,81,could_not_test,TRUE,TRUE,TRUE,,,,,,,,,"Make Do with zhihu 2

为知乎网页版适配移动端页面
知乎的移动端网页是功能简化的版本，该扩展通过修改User-Agent，让知乎返回桌面端网页，并修改网页样式，适配移动端。","September 18, 2023",6338,2.0.6,"[""MANIFEST_MIGRATED"", ""BRIDGE_INJECTED"", ""HAS_BACKGROUND_PAGE"", ""HAS_CONTENT_SCRIPTS"", ""HAS_SERVICE_WORKER"", ""HAS_HOST_PERMISSIONS"", ""USES_WEB_REQUEST""]",,,13.5422405,1,glmniimhlmbfbciijmgppnoodahdhdil,"{""webRequest"": 2, ""html_lines"": 0, ""storage_local"": 0, ""background_page"": 1, ""content_scripts"": 1, ""dangerous_permissions"": 2, ""host_permissions"": 2, ""crypto_patterns"": 0, ""network_requests"": 0, ""extension_size"": 0, ""api_renames"": 3, ""manifest_changes"": 3, ""file_modifications"": 0, ""webRequest_to_dnr_migrations"": 0}",2026-06-08T10:13:04.791000,2026-06-08T10:13:04.791000,,could_not_test
,AEM Forms shortcuts extension,,65,could_not_test,FALSE,TRUE,TRUE,TRUE,,,,,,,,"This extension will provide you with some simple shortcuts that can be useful when developing or authoring AEM Forms. 

Ctrl+I →…

This extension will provide you with some simple shortcuts that can be useful when developing or authoring AEM Forms. 

Ctrl+I → Open System Console
Ctrl+E → Toggle edit/preview
Ctrl+U → Open crx
Ctrl+Shift+U → Open current path in crx

All shortcuts will open a new tab.","December 15, 2021",39331,1.0,"[""MANIFEST_MIGRATED"", ""API_RENAMES_APPLIED"", ""BRIDGE_INJECTED"", ""HAS_BROWSER_POPUP"", ""HAS_BACKGROUND_PAGE"", ""HAS_SERVICE_WORKER"", ""USES_TABS_API""]",,,36.728924542,1,pehpbiaaihdhfpcmkajanemdioaenjjf,"{""webRequest"": 0, ""html_lines"": 29, ""storage_local"": 0, ""background_page"": 1, ""content_scripts"": 0, ""dangerous_permissions"": 1, ""host_permissions"": 0, ""crypto_patterns"": 0, ""network_requests"": 0, ""extension_size"": 0, ""api_renames"": 3, ""manifest_changes"": 3, ""file_modifications"": 0, ""webRequest_to_dnr_migrations"": 0}",2026-06-08T10:13:42.527000,2026-06-08T10:13:42.527000,,could_not_test
,Oodalicious,,44,could_not_test,TRUE,TRUE,TRUE,TRUE,,,,,,,,"Oodalicious on-the-go.

A simple pop-up extension to access the mobile version of the Oodalicious website.","January 21, 2014",13312,1.0.0.16,"[""MANIFEST_MIGRATED"", ""HAS_BROWSER_POPUP"", ""HAS_HOST_PERMISSIONS"", ""USES_WEB_REQUEST""]",,,16.822063625,1,ajajocakkdflkbnfmmpcmdefmfbiipfo,"{""webRequest"": 1, ""html_lines"": 19, ""storage_local"": 0, ""background_page"": 0, ""content_scripts"": 0, ""dangerous_permissions"": 2, ""host_permissions"": 1, ""crypto_patterns"": 0, ""network_requests"": 0, ""extension_size"": 0, ""api_renames"": 1, ""manifest_changes"": 3, ""file_modifications"": 0, ""webRequest_to_dnr_migrations"": 0}",2026-06-08T10:14:00.692000,2026-06-08T10:14:00.692000,,could_not_test
,New Tab Redux,Saving settings does not work,445,no,FALSE,TRUE,TRUE,,,,,,,,,"A custom New Tab page, providing a quick, customizable layout of links and menus, as well as simple bookmark and history components.

A customisable New Tab page, providing a user-configured layout of links and menus. Additionally, widgets allow you to quickly take notes or start a stopwatch all from just opening a new tab. Access to bookmarks, history, and notifications is also available. Given permission, baskets and notifications from external websites can be shown.

The style of the page can be thoroughly customised including background images and icons for each link. Backgrounds can be dynamically pulled and change every few hours, giving you a fresh landscape or city to look at. Alternatively, you can see featured images from Google Earth or NASA in the background.

Once you have a configuration, it can be exported to share with colleagues for them to import and use. This also allows you to backup your configuration.

Based upon the work of Terrance on Homely, this extension takes the existing open source extension and extends it further. This extension is not affiliated with Homely, it only builds upon the existing open source foundation.","February 1, 2024",2317352,1.15.1,"[""MANIFEST_MIGRATED"", ""BRIDGE_INJECTED"", ""HAS_BACKGROUND_PAGE"", ""HAS_SERVICE_WORKER"", ""NEW_TAB_OVERRIDE"", ""USES_STORAGE_LOCAL"", ""MINIFIED_CODE""]",,,55.1767555,3,kkaapbjemjdephhmgogljcgadcbkpjmp,"{""webRequest"": 0, ""html_lines"": 764, ""storage_local"": 24, ""background_page"": 1, ""content_scripts"": 0, ""dangerous_permissions"": 0, ""host_permissions"": 0, ""crypto_patterns"": 1, ""network_requests"": 13, ""extension_size"": 48, ""api_renames"": 3, ""manifest_changes"": 3, ""file_modifications"": 0, ""webRequest_to_dnr_migrations"": 0}",2026-06-08T10:14:58.178000,2026-06-08T10:14:58.178000,,yes
,Tuding screensharing,,55,could_not_test,TRUE,TRUE,TRUE,,,,,,,,,"This extension allows you to share your screen through the Tuding interactive education platform.

This extension allows you to share your screen through the Tuding interactive education platform.","February 8, 2019",32481,1.0,"[""MANIFEST_MIGRATED"", ""BRIDGE_INJECTED"", ""HAS_BACKGROUND_PAGE"", ""HAS_SERVICE_WORKER""]",,,15.757214208,1,dckeccolfaoocphknhelfpdhbjikcpnl,"{""webRequest"": 0, ""html_lines"": 0, ""storage_local"": 0, ""background_page"": 1, ""content_scripts"": 0, ""dangerous_permissions"": 0, ""host_permissions"": 0, ""crypto_patterns"": 0, ""network_requests"": 0, ""extension_size"": 0, ""api_renames"": 3, ""manifest_changes"": 3, ""file_modifications"": 0, ""webRequest_to_dnr_migrations"": 0}",2026-06-08T10:15:15.620000,2026-06-08T10:15:15.620000,,could_not_test
,Cloud Save,,540,no,FALSE,TRUE,FALSE,,,,,,,,,"Save to cloud.

************* NOTE! *************
The extension does not work since a recent update to Chrome.
I will unfortunately not have time to fix this in a near future. If you're a coder, feel free to take a look at the code and locate (and maybe fix) the error if I haven't done so myself yet.
https://github.com/Mahnas92/cloudsave/
*********************************

Save files to the cloud.

Supports:
Google Docs
Box.net
Dropbox
Amazon Cloud Drive
Windows Live SkyDrive
SugarSync
Facebook
Picasa
Flickr
Min.us
Twitpic
...and more...

Source Code: https://github.com/antimatter15/cloudsave
Uploader's fix-code: https://github.com/Mahnas92/cloudsave


v 1.5.1 Fixed the extension that used API not supported in Chrome versions 28.x and up.
Note that the changelog bellow might be from different branches of the project, I just copied it from the different, already uploaded (but non-functioning and non-maintained) entries of this pluggin.

V 1.4.6 fixs several bugs according to users' reviews and feedbacks, including:
- removing the  marketing / ad replacement;
- now you can save the .pdf pages you are browsing (works only when you use the Chrome PDF Viewer, not the Adobe PDF Plug-In);
- minus.com works now, but Skydrive is still not ready yet, because Microsoft requires a redirect domain for a web app to use their Live connect API, but I don't have any domain right now;
- Google drive also works.

1.4.0 Various bugfixes and improvements.

1.3.7 Added marketing settings toggle.

1.3.2 New settings page with option to enable additional file hosts. Grouped more menu by type.

1.3.0 Added support for Facebook, Amazon Cloud Drive and SugarSync. New progress bar and notification system, faster file uploads and lower CPU usage. Will now support uploading all file types to Google Docs once Google has enabled it. Notifications are automatically dismissed. Click on notification to open the file once it's been uploaded.","June 22, 2014",459776,1.5.1,"[""MANIFEST_MIGRATED"", ""API_RENAMES_APPLIED"", ""BRIDGE_INJECTED"", ""HAS_BACKGROUND_PAGE"", ""HAS_SERVICE_WORKER"", ""HAS_HOST_PERMISSIONS"", ""USES_TABS_API"", ""CONTAINS_EVAL"", ""MINIFIED_CODE""]",,,27.778816583,3,mpnokdijeinfkpddhdmkfghedpmbkbok,"{""webRequest"": 0, ""html_lines"": 150, ""storage_local"": 0, ""background_page"": 1, ""content_scripts"": 0, ""dangerous_permissions"": 1, ""host_permissions"": 1, ""crypto_patterns"": 58, ""network_requests"": 72, ""extension_size"": 7, ""api_renames"": 3, ""manifest_changes"": 3, ""file_modifications"": 0, ""webRequest_to_dnr_migrations"": 0}",2026-06-08T10:15:44.843000,2026-06-08T10:15:44.843000,,could_not_test
,PulsRadio.com Trance,website dead,86,could_not_test,FALSE,TRUE,TRUE,TRUE,,,,,,,,"Radio Trance, notre webradio vous propose de la musique gratuite. Trance... et bien d'autres styles qui se dansent en discothèque…

Radio Trance, notre webradio vous propose de la musique gratuite. Trance... et bien d'autres styles qui se dansent en discothèque en qualité MP3 192k.","August 15, 2014",11233,1.0,"[""MANIFEST_MIGRATED"", ""API_RENAMES_APPLIED"", ""HAS_BROWSER_POPUP"", ""HAS_BACKGROUND_PAGE"", ""HAS_SERVICE_WORKER"", ""HAS_HOST_PERMISSIONS"", ""USES_TABS_API""]",https://pulsradio.com,,19.327135333,,kcbhhbgkmcjefhnnofdjaemfncaclfbc,"{""webRequest"": 0, ""html_lines"": 79, ""storage_local"": 0, ""background_page"": 1, ""content_scripts"": 0, ""dangerous_permissions"": 1, ""host_permissions"": 2, ""crypto_patterns"": 0, ""network_requests"": 0, ""extension_size"": 0, ""api_renames"": 3, ""manifest_changes"": 3, ""file_modifications"": 1, ""webRequest_to_dnr_migrations"": 0}",2026-06-08T10:16:05.434000,2026-06-08T10:16:05.434000,,could_not_test
,SOAP2DAYHD,,59,could_not_test,FALSE,TRUE,TRUE,,,,,,,,,"We are a website to share and review movies

We are a website to review and update information about movies. Share useful news about the latest movie.","September 5, 2021",40857,0.0.1,"[""MANIFEST_MIGRATED"", ""API_RENAMES_APPLIED"", ""BRIDGE_INJECTED"", ""HAS_BACKGROUND_PAGE"", ""HAS_SERVICE_WORKER""]",,,14.8571255,1,nmhkeeibpnhkkpffeihfnfngnhblbdck,"{""webRequest"": 0, ""html_lines"": 7, ""storage_local"": 0, ""background_page"": 1, ""content_scripts"": 0, ""dangerous_permissions"": 0, ""host_permissions"": 0, ""crypto_patterns"": 0, ""network_requests"": 0, ""extension_size"": 0, ""api_renames"": 3, ""manifest_changes"": 3, ""file_modifications"": 1, ""webRequest_to_dnr_migrations"": 0}",2026-06-08T10:16:22.142000,2026-06-08T10:16:22.142000,,could_not_test
,infomax-stock,,104,could_not_test,TRUE,TRUE,TRUE,TRUE,,,,,,,,"인포맥스

연합인포맥스의 실시간 시세 제공","April 23, 2020",54220,0.0.2,"[""MANIFEST_MIGRATED"", ""API_RENAMES_APPLIED"", ""BRIDGE_INJECTED"", ""OFFSCREEN_DOCUMENT_ADDED"", ""HAS_BROWSER_POPUP"", ""HAS_BACKGROUND_PAGE"", ""HAS_CONTENT_SCRIPTS"", ""HAS_SERVICE_WORKER"", ""HAS_HOST_PERMISSIONS"", ""USES_TABS_API""]",,,10.76648175,5,pgddhpmoaandkenceenoaahipgjefkbo,"{""webRequest"": 0, ""html_lines"": 68, ""storage_local"": 0, ""background_page"": 1, ""content_scripts"": 1, ""dangerous_permissions"": 2, ""host_permissions"": 2, ""crypto_patterns"": 0, ""network_requests"": 6, ""extension_size"": 2, ""api_renames"": 3, ""manifest_changes"": 3, ""file_modifications"": 1, ""webRequest_to_dnr_migrations"": 0}",2026-06-08T10:16:34.050000,2026-06-08T10:16:34.050000,,could_not_test
,Btools,,316,could_not_test,TRUE,TRUE,TRUE,TRUE,,,,,,,,"逼砣，以B站为主增强网站功能，优化网站浏览体验。致力于简洁实用方便。

功能介绍

订阅频道功能
订阅某个UP的频道，周期性检查频道的视频，如果有新的则会提醒。
功能介绍：https://btools.cc/new-function-3

直播助手

直播助手 > 隐藏迷你播放器
有时候迷你播放器有点烦

专栏助手
专栏助手 > 网址链接转换
文章中的网址直接可以左键打开

专栏助手 > 查看原图
在图片上左键后打开未被处理过的大图，方便查看

专栏助手 > 新窗口查看原图
在新窗口打开原图

增强B站收藏夹
原“查看失效视频”功能，有几率找回失效视频标题、封面等信息

获取视频封面
在视频页内获取视频封面，经改良现在可以获取普通视频封面、“稍后再看”列表视频封面、番剧封面、直播间封面和专题文章头图（本来想做获取文章内所有图片来着，然后发现文章内的图是可以右键打开的，但头图不行，就只做了这一个）

海林老师狂喜器
放大豆瓣网站影视详情页中编剧介绍

多帐号切换

更新介绍

v2.1.2

修复
· 修复各页面打开封面失效

移除
· 历史表情
· 自定义颜文字

移除原因：评论输入框没法通过获取 dom 修改 value

更新历史：

https://btools.cc/categories/Btools/更新/

GitHub：https://github.com/imba97/Btools-vue
官网：http://btools.cc","September 19, 2022",570368,2.1.2,"[""MANIFEST_MIGRATED"", ""CSP_VALUE_MODIFIED"", ""API_RENAMES_APPLIED"", ""HAS_BROWSER_POPUP"", ""HAS_BACKGROUND_PAGE"", ""HAS_CONTENT_SCRIPTS"", ""HAS_SERVICE_WORKER"", ""HAS_HOST_PERMISSIONS"", ""USES_WEB_REQUEST"", ""USES_STORAGE_LOCAL"", ""MINIFIED_CODE""]",https://btools.cc,,32.575393625,3,gjhomgniaideemmkianiahiffejoiiof,"{""webRequest"": 5, ""html_lines"": 3, ""storage_local"": 18, ""background_page"": 1, ""content_scripts"": 1, ""dangerous_permissions"": 2, ""host_permissions"": 1, ""crypto_patterns"": 18, ""network_requests"": 11, ""extension_size"": 20, ""api_renames"": 3, ""manifest_changes"": 3, ""file_modifications"": 0, ""webRequest_to_dnr_migrations"": 0}",2026-06-08T10:17:08.378000,2026-06-08T10:17:08.378000,,could_not_test
,Noteletter,,202,could_not_test,TRUE,TRUE,TRUE,TRUE,,,,,,,,"Grab bookmarks and reminded weekly

Find interesting pages throughout the internet and mark them for future use or import them to your noteletter dashboard","January 1, 2021",2149580,0.2.0,"[""MANIFEST_MIGRATED"", ""CSP_VALUE_MODIFIED"", ""BRIDGE_INJECTED"", ""HAS_BROWSER_POPUP"", ""HAS_BACKGROUND_PAGE"", ""HAS_CONTENT_SCRIPTS"", ""HAS_SERVICE_WORKER"", ""USES_STORAGE_LOCAL"", ""USES_TABS_API"", ""MINIFIED_CODE""]",,,11.030194917,1,jhblcjicpdjbeinhjbmfjnijncbklclh,"{""webRequest"": 0, ""html_lines"": 2, ""storage_local"": 1, ""background_page"": 1, ""content_scripts"": 1, ""dangerous_permissions"": 2, ""host_permissions"": 0, ""crypto_patterns"": 10, ""network_requests"": 8, ""extension_size"": 65, ""api_renames"": 3, ""manifest_changes"": 3, ""file_modifications"": 0, ""webRequest_to_dnr_migrations"": 0}",2026-06-08T10:17:22.365000,2026-06-08T10:17:22.365000,,could_not_test
,Unicart,,1326,no,FALSE,TRUE,FALSE,TRUE,,,,,,,,"Universally store your shopping in one global cart.

Unicart works by listening to each time you click add to cart, and saving the closest product it can find on that page.

Unicart gives you the power to casually shop, with no commitments or annoying consistent emails to store items of interest. You should install Unicart if you don't want a wishlist on every single website, or don't want an account with every website, getting repetitive add-to-cart messages.","June 1, 2022",798720,3.0.0,"[""MANIFEST_MIGRATED"", ""CSP_VALUE_MODIFIED"", ""API_RENAMES_APPLIED"", ""BRIDGE_INJECTED"", ""HAS_BROWSER_POPUP"", ""HAS_BACKGROUND_PAGE"", ""HAS_CONTENT_SCRIPTS"", ""HAS_SERVICE_WORKER"", ""USES_STORAGE_LOCAL"", ""CONTAINS_EVAL"", ""MINIFIED_CODE""]",,,46.941509208,1,kjmdkeknjohejfgheakglacbddbdibal,"{""webRequest"": 0, ""html_lines"": 734, ""storage_local"": 36, ""background_page"": 1, ""content_scripts"": 1, ""dangerous_permissions"": 0, ""host_permissions"": 0, ""crypto_patterns"": 163, ""network_requests"": 32, ""extension_size"": 22, ""api_renames"": 3, ""manifest_changes"": 3, ""file_modifications"": 1, ""webRequest_to_dnr_migrations"": 0}",2026-06-08T10:18:13.042000,2026-06-08T10:18:13.042000,,could_not_test
,SNAILPLAY,,240,no,FALSE,TRUE,TRUE,,,,,,,,,"SNAILPLAY - расширение для браузера, которое поможет узнать вам: идет ли стрим Snailkick'a или нет.

Snailplay - расширение для Google Chrome, которое поможет узнать вам: идет ли стрим Snailkick'a или нет.","December 30, 2017",157696,1.4.1,"[""MANIFEST_MIGRATED"", ""API_RENAMES_APPLIED"", ""BRIDGE_INJECTED"", ""HAS_BROWSER_POPUP"", ""HAS_BACKGROUND_PAGE"", ""HAS_SERVICE_WORKER"", ""MINIFIED_CODE""]",https://snailkick.ru,,14.318018083,2,gmphmnmdmcdlejpeldlpnkhifppmanca,"{""webRequest"": 0, ""html_lines"": 14, ""storage_local"": 0, ""background_page"": 1, ""content_scripts"": 0, ""dangerous_permissions"": 0, ""host_permissions"": 0, ""crypto_patterns"": 33, ""network_requests"": 5, ""extension_size"": 4, ""api_renames"": 3, ""manifest_changes"": 3, ""file_modifications"": 1, ""webRequest_to_dnr_migrations"": 0}",2026-06-08T10:18:28.711000,2026-06-08T10:18:28.711000,,could_not_test
,閲覧履歴ポップアップ検索,,346,no,FALSE,TRUE,FALSE,TRUE,,,,,,,,"閲覧履歴をポップアップ検索＆表示。キーワードや期間での絞込も可能。

履歴ページを開くのが面倒くさいので作りました。

■動作
履歴の新しい順から最大1000件を表示します。
初期画面は当日～3日分までで最大1000件を表示しています。
検索ボックスに文字を入力することでキーワード絞込表示が可能です。
期間を変更したい場合は期間絞込用のボックスに日付を入力してSearchボタンをクリックすればOKです。

【重要】表示されている閲覧日付に関する補足

履歴の左に表示されている日付は「最終閲覧日時」になります。
仮に9/1に閲覧し、9/3に再び閲覧した場合、9/1の履歴を表示しても閲覧時間は最新の9/3として表示されます。(Chromeの履歴APIの仕様のようです)
この場合、9/1の履歴で絞り込んだ際に表示はされますが日付が違うため違和感を感じますが、ご了承ください。

■更新履歴
2013/9/3 一般公開","October 30, 2013",138240,1.0.1,"[""MANIFEST_MIGRATED"", ""HAS_BROWSER_POPUP"", ""USES_STORAGE_LOCAL"", ""MINIFIED_CODE""]",,,25.165528792,,cgjhiddkdoogbpnlkdddodcckhdodfep,"{""webRequest"": 0, ""html_lines"": 24, ""storage_local"": 1, ""background_page"": 0, ""content_scripts"": 0, ""dangerous_permissions"": 1, ""host_permissions"": 0, ""crypto_patterns"": 58, ""network_requests"": 7, ""extension_size"": 3, ""api_renames"": 1, ""manifest_changes"": 3, ""file_modifications"": 0, ""webRequest_to_dnr_migrations"": 0}",2026-06-08T10:18:55.557000,2026-06-08T10:18:55.557000,,could_not_test
,Kick me off,"Popup not working, and closing tab not workuing",286,no,FALSE,TRUE,TRUE,,,,,,,,,"Time is money, start saving your life today! Kick me off is a chrome extension to help people with procrastination to save time and…

Time is money, start saving your life today! Kick me off is a chrome extension to help people with procrastination to save time and improve productivity by automatically shutting down websites at your choices and pop up alerts.","January 8, 2017",416768,0.2,"[""MANIFEST_MIGRATED"", ""API_RENAMES_APPLIED"", ""BRIDGE_INJECTED"", ""HAS_BROWSER_POPUP"", ""HAS_BACKGROUND_PAGE"", ""HAS_SERVICE_WORKER"", ""HAS_HOST_PERMISSIONS"", ""USES_TABS_API"", ""WEBPACK_BUNDLED""]",,,41.976750208,3,dfinmoanpfepmadmnihefempeefdekhi,"{""webRequest"": 0, ""html_lines"": 18, ""storage_local"": 0, ""background_page"": 1, ""content_scripts"": 0, ""dangerous_permissions"": 2, ""host_permissions"": 1, ""crypto_patterns"": 39, ""network_requests"": 0, ""extension_size"": 20, ""api_renames"": 3, ""manifest_changes"": 3, ""file_modifications"": 1, ""webRequest_to_dnr_migrations"": 0}",2026-06-08T10:19:39.219000,2026-06-08T10:19:39.219000,,yes
,Twitter Censor,,56,could_not_test,TRUE,TRUE,TRUE,,,,,,,,,"Censor tweets that contain certain keywords or are (re)tweeted by certain users!

Twitter Censor lets you censor tweets from your Twitter timeline. You can censor tweets based on certain keywords or from certain users.

**Tweets with cards/pics are not censored.**","March 29, 2013",23941,0.1.3,"[""MANIFEST_MIGRATED"", ""API_RENAMES_APPLIED"", ""HAS_CONTENT_SCRIPTS"", ""USES_STORAGE_LOCAL""]",https://jigarpatel.in,,8.976693458,,hgdmkcdlldldkeahjgjejcjhkmidnbfm,"{""webRequest"": 0, ""html_lines"": 49, ""storage_local"": 3, ""background_page"": 0, ""content_scripts"": 1, ""dangerous_permissions"": 0, ""host_permissions"": 0, ""crypto_patterns"": 0, ""network_requests"": 0, ""extension_size"": 0, ""api_renames"": 1, ""manifest_changes"": 3, ""file_modifications"": 0, ""webRequest_to_dnr_migrations"": 0}",2026-06-08T10:19:50.032000,2026-06-08T10:19:50.032000,,could_not_test
,Aba smart downloader,,118,could_not_test,FALSE,TRUE,TRUE,,,,,,,,,"This addon allows you to download all media content from the threads on 4chan and 2ch.hk

This extension allows you to download all media content from the threads on 2ch.hk and 4chan. You can switch between all, image and video downloads, and download content that you haven't download yet","January 7, 2019",13619,1.0,"[""MANIFEST_MIGRATED"", ""BRIDGE_INJECTED"", ""HAS_BACKGROUND_PAGE"", ""HAS_CONTENT_SCRIPTS"", ""HAS_SERVICE_WORKER"", ""USES_STORAGE_LOCAL""]",,,36.878836541,3,ccfjahpenjnbdmbeonmmclmlhkbomfpa,"{""webRequest"": 0, ""html_lines"": 43, ""storage_local"": 9, ""background_page"": 1, ""content_scripts"": 1, ""dangerous_permissions"": 1, ""host_permissions"": 0, ""crypto_patterns"": 0, ""network_requests"": 0, ""extension_size"": 0, ""api_renames"": 3, ""manifest_changes"": 3, ""file_modifications"": 0, ""webRequest_to_dnr_migrations"": 0}",2026-06-08T10:20:28.111000,2026-06-08T10:20:28.111000,,could_not_test
,Dev Labs Reactions,"Failed to load extension from: /private/var/folders/cb/cw_. Default locale was specified, but _locales subtree is missing.",34,no,FALSE,FALSE,TRUE,,,,,,,,,"Replaces emojis in Facebook Reactions with Dev Labs pictures.

If you are part of the Dev Labs team you should definitely install this plugin ;]","March 2, 2016",284672,0.0.4,"[""MANIFEST_MIGRATED"", ""HAS_CONTENT_SCRIPTS"", ""HAS_HOST_PERMISSIONS""]",,,5.237258666,,ooabifbpgfdknniocnhehofgikafncpd,"{""webRequest"": 0, ""html_lines"": 0, ""storage_local"": 0, ""background_page"": 0, ""content_scripts"": 1, ""dangerous_permissions"": 0, ""host_permissions"": 1, ""crypto_patterns"": 0, ""network_requests"": 0, ""extension_size"": 2, ""api_renames"": 1, ""manifest_changes"": 3, ""file_modifications"": 0, ""webRequest_to_dnr_migrations"": 0}",2026-06-08T10:20:38.399000,2026-06-08T10:20:38.399000,,could_not_test
,Shoot & Share Auto-Favorite,,91,yes,FALSE,TRUE,TRUE,TRUE,,,,,,,,"Automatically favorites any image you vote for

This is a simple app to allow you to favorite and select your winning choice by pressing 1-4. You can also select to download all four large sized images at once.","May 20, 2020",872448,1.5,"[""MANIFEST_MIGRATED"", ""API_RENAMES_APPLIED"", ""BRIDGE_INJECTED"", ""HAS_BROWSER_POPUP"", ""HAS_BACKGROUND_PAGE"", ""HAS_CONTENT_SCRIPTS"", ""HAS_SERVICE_WORKER"", ""HAS_HOST_PERMISSIONS""]",,,41.297204625,3,lkaognfoomlccfpcakpdjnoelbajpjdn,"{""webRequest"": 0, ""html_lines"": 62, ""storage_local"": 0, ""background_page"": 1, ""content_scripts"": 1, ""dangerous_permissions"": 1, ""host_permissions"": 1, ""crypto_patterns"": 0, ""network_requests"": 0, ""extension_size"": 8, ""api_renames"": 3, ""manifest_changes"": 3, ""file_modifications"": 1, ""webRequest_to_dnr_migrations"": 0}",2026-06-08T10:21:23.646000,2026-06-08T10:21:23.646000,,yes
,Whats The Expression,,118,could_not_test,FALSE,TRUE,TRUE,,,,,,,,,"Whats The Expression

As humans we always express what we need. With expressions one can explain himself/herself in a better way. Children with autism spectrum disorders usually don’t understand how to express themselves in different situations. To address this developmental issue, we has brought an app called What's the Expression - Lite to help child with special needs learn different expressions such as happiness, sadness, anger, and surprise. 

*** About WebTeam Corporation *** 

WebTeam Corporation (WTC) is a technology-driven company based in Somerset, NJ, working in areas of special education, staff augmentation and customized software development. Founded in 2006, WTC specializes in leveraging the potential of touchscreen technology to improve the lives of children with autism. 
WebTeam Corporation has been working closely with top industry experts and service providers, and is constantly on the lookout for breakthrough autism research. The goal of the company is to develop an affordable, holistic, synchronized and consistent education model capable of tapping the latest mobile technology to make the overall experience of learning and development stimulating, enjoyable and effective for special children. 

** About ABA ** 
============
As we know, the recommendation of 40 hours per week of ABA programming as employed by Lovaas’s study has been cited by many parents as being vital to their child’s success. The National Research Council’s 2001 report (p. 184) summarizes the skills necessary for implementing an effective ABA program as: 

“Teachers must be familiar with theory and research concerning best practices for children with autistic spectrum disorders, including methods of applied behavior analysis, naturalistic learning, incidental teaching, assistive technology, socialization, communication, inclusion, adaptation of the environment, language interventions, assessment, and the effective use of data collection systems. Specific problems in generalization and maintenance of behaviors also affect the need for training in methods of teaching children with autistic spectrum disorders. The wide range of IQ scores and verbal skills associated with autistic spectrum disorders, from profound mental retardation and severe language impairments to superior intelligence make the need for training of personnel even greater.”","June 12, 2018",8325693,2,"[""MANIFEST_MIGRATED"", ""HAS_HOST_PERMISSIONS""]",,,25.136143875,,nkdlgjklfeekokeeidfelpdhkpbonhho,"{""webRequest"": 0, ""html_lines"": 34, ""storage_local"": 0, ""background_page"": 0, ""content_scripts"": 0, ""dangerous_permissions"": 0, ""host_permissions"": 1, ""crypto_patterns"": 0, ""network_requests"": 0, ""extension_size"": 81, ""api_renames"": 1, ""manifest_changes"": 3, ""file_modifications"": 0, ""webRequest_to_dnr_migrations"": 0}",2026-06-08T10:21:53.879000,2026-06-08T10:21:53.879000,,could_not_test
,Easy SEO,,72,yes,FALSE,TRUE,TRUE,,,,,,,,,,"February 12, 2020",41451,0.1,"[""MANIFEST_MIGRATED"", ""API_RENAMES_APPLIED"", ""BRIDGE_INJECTED"", ""HAS_BROWSER_POPUP"", ""HAS_BACKGROUND_PAGE"", ""HAS_CONTENT_SCRIPTS"", ""HAS_SERVICE_WORKER"", ""MINIFIED_CODE""]",https://offseo.com,,29.300154292,2,hhhnlfjjgehegpojcilpebhmldcjgjjg,"{""webRequest"": 0, ""html_lines"": 0, ""storage_local"": 0, ""background_page"": 1, ""content_scripts"": 1, ""dangerous_permissions"": 0, ""host_permissions"": 0, ""crypto_patterns"": 0, ""network_requests"": 5, ""extension_size"": 1, ""api_renames"": 3, ""manifest_changes"": 3, ""file_modifications"": 1, ""webRequest_to_dnr_migrations"": 0}",2026-06-08T10:22:24.632000,2026-06-08T10:22:24.632000,,yes
,QQ邮箱邮件提醒,,162,could_not_test,TRUE,TRUE,TRUE,,,,,,,,,"当您使用微信账号登录QQ邮箱时可实时接收邮件提醒

QQ邮箱邮件提醒扩展程序提供新邮件的即时提醒功能，防止错过任何重要邮件。当您使用微信账号登录QQ邮箱，收到新邮件时，扩展程序会自动以弹窗形式提醒您查看新邮件。此外，您还需访问QQ邮箱首页（https://wx.mail.qq.com），使用微信扫码登录后在“设置”的“邮件通知”栏中开启消息通知并设置通知类型。
 
功能：
-针对微信账号登录的QQ邮箱提供实时的新邮件提醒服务
-点击邮件提醒弹窗，可快速进入邮箱阅读邮件内容","June 4, 2020",724992,1.0.0,"[""MANIFEST_MIGRATED"", ""CSP_VALUE_MODIFIED"", ""API_RENAMES_APPLIED"", ""BRIDGE_INJECTED"", ""OFFSCREEN_DOCUMENT_ADDED"", ""HAS_BROWSER_POPUP"", ""HAS_BACKGROUND_PAGE"", ""HAS_SERVICE_WORKER"", ""HAS_HOST_PERMISSIONS"", ""USES_STORAGE_LOCAL""]",https://qq.com,,8.877922584,3,noklhnibgehjafjdilhgfpiamldpbokc,"{""webRequest"": 0, ""html_lines"": 10, ""storage_local"": 5, ""background_page"": 1, ""content_scripts"": 0, ""dangerous_permissions"": 1, ""host_permissions"": 2, ""crypto_patterns"": 11, ""network_requests"": 2, ""extension_size"": 11, ""api_renames"": 3, ""manifest_changes"": 3, ""file_modifications"": 0, ""webRequest_to_dnr_migrations"": 0}",2026-06-08T10:22:35.135000,2026-06-08T10:22:35.135000,,could_not_test
,TrustNews,,52,could_not_test,FALSE,TRUE,TRUE,TRUE,,,,,,,,"Displays the reliability of a news source

A Chrome extension that determines if a news source is trustworthy.

How to use:
* First, enable this extension under ""Extensions"".
* Then, go to any news site and click the TrustNews icon.
* A popup should appear determining if the extension could determine what news site you were on, if it is a satire site, and the reliability of this site with an explanation.

Version 1.1.5:
Bug fix

Version 1.1:
More elaborate load screen
More elaborate descriptions
Colored spiral instead of colored background","November 15, 2015",48312,1.1.5,"[""MANIFEST_MIGRATED"", ""BRIDGE_INJECTED"", ""HAS_BROWSER_POPUP"", ""HAS_HOST_PERMISSIONS"", ""USES_TABS_API""]",,,52.165463708,,fjlknokoibojegcomobdlanajbkcdhkc,"{""webRequest"": 0, ""html_lines"": 64, ""storage_local"": 0, ""background_page"": 0, ""content_scripts"": 0, ""dangerous_permissions"": 1, ""host_permissions"": 2, ""crypto_patterns"": 0, ""network_requests"": 1, ""extension_size"": 0, ""api_renames"": 1, ""manifest_changes"": 3, ""file_modifications"": 0, ""webRequest_to_dnr_migrations"": 0}",2026-06-08T10:23:28.723000,2026-06-08T10:23:28.723000,,could_not_test
,santango,Website dead,76,could_not_test,FALSE,TRUE,TRUE,TRUE,,,,,,,,"convert url into santango(three words). you can open url with santango.xyz.

Santango is a new URL shortening service with easily remember 3 words.
No need QR code anymore, Just put 3 words.

Example:
blue bird fly(Google Earth), young beautiful lady(Youtube)

You can convert url into three words with this extension.","September 24, 2019",64092,0.1.2,"[""MANIFEST_MIGRATED"", ""API_RENAMES_APPLIED"", ""BRIDGE_INJECTED"", ""HAS_BROWSER_POPUP"", ""HAS_BACKGROUND_PAGE"", ""HAS_SERVICE_WORKER"", ""HAS_HOST_PERMISSIONS"", ""USES_TABS_API""]",https://santango.xyz,,21.020627375,1,ipjlpmanhledaljkolefpbcmodkhhpik,"{""webRequest"": 0, ""html_lines"": 53, ""storage_local"": 0, ""background_page"": 1, ""content_scripts"": 0, ""dangerous_permissions"": 1, ""host_permissions"": 1, ""crypto_patterns"": 0, ""network_requests"": 1, ""extension_size"": 0, ""api_renames"": 3, ""manifest_changes"": 3, ""file_modifications"": 0, ""webRequest_to_dnr_migrations"": 0}",2026-06-08T10:23:51.164000,2026-06-08T10:23:51.164000,,could_not_test
,FinnPluss - Ekstra funksjoner til finn.no,,264,could_not_test,FALSE,TRUE,TRUE,TRUE,,,,,,,,"Denne utvidelsen gir deg ekstra funksjoner på finn.no

Funksjoner:
* Begrens boligsøket til maks fellesutgifter pr. mnd.
* Begrens boligsøket til å ikke inkludere solgte boliger
* Sett større grense for antall annonser pr side

Når du ser på boligsøkeresultatene vil FinnPluss automatisk filtrere bort uønskede annonser.
Trykk på ikonet til høyre i adresselinjen (når du er inne på søkeresultatene) for å aktivere.

NB! Fungerer ikke med nye finn.no-layout. Bruk gammel layout:
http://www.finn.no/finn/realestate?ov=web-1","November 7, 2015",55101,1.0.3,"[""MANIFEST_MIGRATED"", ""BRIDGE_INJECTED"", ""HAS_BROWSER_POPUP"", ""HAS_BACKGROUND_PAGE"", ""HAS_CONTENT_SCRIPTS"", ""HAS_SERVICE_WORKER"", ""USES_STORAGE_LOCAL"", ""USES_TABS_API"", ""MINIFIED_CODE""]",,,42.095371458,4,dpnlficaljgoljhpoomkhfnodjnbcklm,"{""webRequest"": 0, ""html_lines"": 62, ""storage_local"": 4, ""background_page"": 1, ""content_scripts"": 1, ""dangerous_permissions"": 1, ""host_permissions"": 0, ""crypto_patterns"": 31, ""network_requests"": 5, ""extension_size"": 1, ""api_renames"": 3, ""manifest_changes"": 3, ""file_modifications"": 0, ""webRequest_to_dnr_migrations"": 0}",2026-06-08T10:24:35.127000,2026-06-08T10:24:35.127000,,could_not_test
,Tab Manager,,,yes,FALSE,TRUE,TRUE,TRUE,,,,,,,,"Chrome extension for organizing tabs as sessions

Get rid of tab clutter

Save your Chrome tabs as a session for another time!

Get started, save all the tabs in your current window
- Click the Tab-Manager icon
- Provide a name
- Press enter or the + button

Where is the session data stored?
All sessions are stored and accessible as a local folder inside your chrome bookmarks, synchronized only with your Google account and no where else.

've read some of the great feedback on here. Unfortunately i'm not going to pay google 10 dollars to publish a minor update for this free extension

www.tab-manager.com

Tab Manager, Organizer, Extension, Tabs Saver, Visual Manager, Tab Bundles, Tab Combine Extension.",,,3.2,,,,,,jpgpiholfjpfipncecfighenamognnoo,,,,,yes